Timing Analyzer report for baseline_benchmark
Wed Aug 26 11:44:26 2026
Quartus Prime Version 25.1std.0 Build 1129 10/21/2025 SC Lite Edition


---------------------
; Table of Contents ;
---------------------
  1. Legal Notice
  2. Timing Analyzer Summary
  3. Parallel Compilation
  4. SDC File List
  5. Clocks
  6. Slow 1200mV 85C Model Fmax Summary
  7. Timing Closure Recommendations
  8. Slow 1200mV 85C Model Setup Summary
  9. Slow 1200mV 85C Model Hold Summary
 10. Slow 1200mV 85C Model Recovery Summary
 11. Slow 1200mV 85C Model Removal Summary
 12. Slow 1200mV 85C Model Minimum Pulse Width Summary
 13. Slow 1200mV 85C Model Setup: 'raster_clk'
 14. Slow 1200mV 85C Model Hold: 'raster_clk'
 15. Slow 1200mV 85C Model Metastability Summary
 16. Slow 1200mV 0C Model Fmax Summary
 17. Slow 1200mV 0C Model Setup Summary
 18. Slow 1200mV 0C Model Hold Summary
 19. Slow 1200mV 0C Model Recovery Summary
 20. Slow 1200mV 0C Model Removal Summary
 21. Slow 1200mV 0C Model Minimum Pulse Width Summary
 22. Slow 1200mV 0C Model Setup: 'raster_clk'
 23. Slow 1200mV 0C Model Hold: 'raster_clk'
 24. Slow 1200mV 0C Model Metastability Summary
 25. Fast 1200mV 0C Model Setup Summary
 26. Fast 1200mV 0C Model Hold Summary
 27. Fast 1200mV 0C Model Recovery Summary
 28. Fast 1200mV 0C Model Removal Summary
 29. Fast 1200mV 0C Model Minimum Pulse Width Summary
 30. Fast 1200mV 0C Model Setup: 'raster_clk'
 31. Fast 1200mV 0C Model Hold: 'raster_clk'
 32. Fast 1200mV 0C Model Metastability Summary
 33. Multicorner Timing Analysis Summary
 34. Board Trace Model Assignments
 35. Input Transition Times
 36. Signal Integrity Metrics (Slow 1200mv 0c Model)
 37. Signal Integrity Metrics (Slow 1200mv 85c Model)
 38. Signal Integrity Metrics (Fast 1200mv 0c Model)
 39. Setup Transfers
 40. Hold Transfers
 41. Report TCCS
 42. Report RSKM
 43. Unconstrained Paths Summary
 44. Clock Status Summary
 45. Unconstrained Input Ports
 46. Unconstrained Output Ports
 47. Unconstrained Input Ports
 48. Unconstrained Output Ports
 49. Timing Analyzer Messages



----------------
; Legal Notice ;
----------------
Copyright (C) 2025  Altera Corporation. All rights reserved.
Your use of Altera Corporation's design tools, logic functions 
and other software and tools, and any partner logic 
functions, and any output files from any of the foregoing 
(including device programming or simulation files), and any 
associated documentation or information are expressly subject 
to the terms and conditions of the Altera Program License 
Subscription Agreement, the Altera Quartus Prime License Agreement,
the Altera IP License Agreement, or other applicable license
agreement, including, without limitation, that your use is for
the sole purpose of programming logic devices manufactured by
Altera and sold by Altera or its authorized distributors.  Please
refer to the Altera Software License Subscription Agreements 
on the Quartus Prime software download page.



+---------------------------------------------------------------------------------+
; Timing Analyzer Summary                                                         ;
+-----------------------+---------------------------------------------------------+
; Quartus Prime Version ; Version 25.1std.0 Build 1129 10/21/2025 SC Lite Edition ;
; Timing Analyzer       ; Legacy Timing Analyzer                                  ;
; Revision Name         ; baseline_benchmark                                      ;
; Device Family         ; Cyclone IV E                                            ;
; Device Name           ; EP4CE6E22C8                                             ;
; Timing Models         ; Final                                                   ;
; Delay Model           ; Combined                                                ;
; Rise/Fall Delays      ; Enabled                                                 ;
+-----------------------+---------------------------------------------------------+


+------------------------------------------+
; Parallel Compilation                     ;
+----------------------------+-------------+
; Processors                 ; Number      ;
+----------------------------+-------------+
; Number detected on machine ; 12          ;
; Maximum allowed            ; 10          ;
;                            ;             ;
; Average used               ; 1.27        ;
; Maximum used               ; 10          ;
;                            ;             ;
; Usage by Processor         ; % Time Used ;
;     Processor 1            ; 100.0%      ;
;     Processor 2            ;   9.3%      ;
;     Processors 3-10        ;   2.2%      ;
+----------------------------+-------------+


+--------------------------------------------------------------+
; SDC File List                                                ;
+--------------------------+--------+--------------------------+
; SDC File Path            ; Status ; Read at                  ;
+--------------------------+--------+--------------------------+
; rasterizer_benchmark.sdc ; OK     ; Wed Aug 26 11:44:24 2026 ;
+--------------------------+--------+--------------------------+


+---------------------------------------------------------------------------------------------------------------------------------------------------------------------------------+
; Clocks                                                                                                                                                                          ;
+------------+------+--------+------------+-------+-------+------------+-----------+-------------+-------+--------+-----------+------------+----------+--------+--------+---------+
; Clock Name ; Type ; Period ; Frequency  ; Rise  ; Fall  ; Duty Cycle ; Divide by ; Multiply by ; Phase ; Offset ; Edge List ; Edge Shift ; Inverted ; Master ; Source ; Targets ;
+------------+------+--------+------------+-------+-------+------------+-----------+-------------+-------+--------+-----------+------------+----------+--------+--------+---------+
; raster_clk ; Base ; 1.000  ; 1000.0 MHz ; 0.000 ; 0.500 ;            ;           ;             ;       ;        ;           ;            ;          ;        ;        ; { clk } ;
+------------+------+--------+------------+-------+-------+------------+-----------+-------------+-------+--------+-----------+------------+----------+--------+--------+---------+


+-------------------------------------------------+
; Slow 1200mV 85C Model Fmax Summary              ;
+-----------+-----------------+------------+------+
; Fmax      ; Restricted Fmax ; Clock Name ; Note ;
+-----------+-----------------+------------+------+
; 59.01 MHz ; 59.01 MHz       ; raster_clk ;      ;
+-----------+-----------------+------------+------+
This panel reports FMAX for every clock in the design, regardless of the user-specified clock periods.  FMAX is only computed for paths where the source and destination registers or ports are driven by the same clock.  Paths of different clocks, including generated clocks, are ignored.  For paths between a clock and its inversion, FMAX is computed as if the rising and falling edges are scaled along with FMAX, such that the duty cycle (in terms of a percentage) is maintained. Altera recommends that you always use clock constraints and other slack reports for sign-off analysis.


----------------------------------
; Timing Closure Recommendations ;
----------------------------------
HTML report is unavailable in plain text report export.


+--------------------------------------+
; Slow 1200mV 85C Model Setup Summary  ;
+------------+---------+---------------+
; Clock      ; Slack   ; End Point TNS ;
+------------+---------+---------------+
; raster_clk ; -15.945 ; -761.196      ;
+------------+---------+---------------+


+------------------------------------+
; Slow 1200mV 85C Model Hold Summary ;
+------------+-------+---------------+
; Clock      ; Slack ; End Point TNS ;
+------------+-------+---------------+
; raster_clk ; 0.452 ; 0.000         ;
+------------+-------+---------------+


------------------------------------------
; Slow 1200mV 85C Model Recovery Summary ;
------------------------------------------
No paths to report.


-----------------------------------------
; Slow 1200mV 85C Model Removal Summary ;
-----------------------------------------
No paths to report.


+---------------------------------------------------+
; Slow 1200mV 85C Model Minimum Pulse Width Summary ;
+------------+--------+-----------------------------+
; Clock      ; Slack  ; End Point TNS               ;
+------------+--------+-----------------------------+
; raster_clk ; -3.201 ; -247.730                    ;
+------------+--------+-----------------------------+


+------------------------------------------------------------------------------------------------------------------------------------------------------------------------------------------------------------------------------+
; Slow 1200mV 85C Model Setup: 'raster_clk'                                                                                                                                                                                    ;
+---------+--------------------------------------+-------------------------------------------------------------------------------------------------------+--------------+-------------+--------------+------------+------------+
; Slack   ; From Node                            ; To Node                                                                                               ; Launch Clock ; Latch Clock ; Relationship ; Clock Skew ; Data Delay ;
+---------+--------------------------------------+-------------------------------------------------------------------------------------------------------+--------------+-------------+--------------+------------+------------+
; -15.945 ; rasterizer:u_rasterizer|x2[1]        ; screen_mem:u_screen_mem|altsyncram:mem_rtl_0|altsyncram_iig1:auto_generated|ram_block1a4~porta_we_reg ; raster_clk   ; raster_clk  ; 1.000        ; 0.337      ; 17.330     ;
; -15.929 ; rasterizer:u_rasterizer|y3[1]        ; screen_mem:u_screen_mem|altsyncram:mem_rtl_0|altsyncram_iig1:auto_generated|ram_block1a4~porta_we_reg ; raster_clk   ; raster_clk  ; 1.000        ; 0.330      ; 17.307     ;
; -15.898 ; rasterizer:u_rasterizer|x2[3]        ; screen_mem:u_screen_mem|altsyncram:mem_rtl_0|altsyncram_iig1:auto_generated|ram_block1a4~porta_we_reg ; raster_clk   ; raster_clk  ; 1.000        ; 0.337      ; 17.283     ;
; -15.898 ; rasterizer:u_rasterizer|y3[5]        ; screen_mem:u_screen_mem|altsyncram:mem_rtl_0|altsyncram_iig1:auto_generated|ram_block1a4~porta_we_reg ; raster_clk   ; raster_clk  ; 1.000        ; 0.330      ; 17.276     ;
; -15.840 ; rasterizer:u_rasterizer|x1[0]        ; screen_mem:u_screen_mem|altsyncram:mem_rtl_0|altsyncram_iig1:auto_generated|ram_block1a4~porta_we_reg ; raster_clk   ; raster_clk  ; 1.000        ; 0.336      ; 17.224     ;
; -15.725 ; rasterizer:u_rasterizer|x1[6]        ; screen_mem:u_screen_mem|altsyncram:mem_rtl_0|altsyncram_iig1:auto_generated|ram_block1a4~porta_we_reg ; raster_clk   ; raster_clk  ; 1.000        ; 0.336      ; 17.109     ;
; -15.715 ; rasterizer:u_rasterizer|y3[3]        ; screen_mem:u_screen_mem|altsyncram:mem_rtl_0|altsyncram_iig1:auto_generated|ram_block1a4~porta_we_reg ; raster_clk   ; raster_clk  ; 1.000        ; 0.330      ; 17.093     ;
; -15.670 ; rasterizer:u_rasterizer|x1[2]        ; screen_mem:u_screen_mem|altsyncram:mem_rtl_0|altsyncram_iig1:auto_generated|ram_block1a4~porta_we_reg ; raster_clk   ; raster_clk  ; 1.000        ; 0.336      ; 17.054     ;
; -15.636 ; rasterizer:u_rasterizer|x2[1]        ; screen_mem:u_screen_mem|altsyncram:mem_rtl_0|altsyncram_iig1:auto_generated|ram_block1a2~porta_we_reg ; raster_clk   ; raster_clk  ; 1.000        ; 0.322      ; 17.006     ;
; -15.632 ; rasterizer:u_rasterizer|x2[2]        ; screen_mem:u_screen_mem|altsyncram:mem_rtl_0|altsyncram_iig1:auto_generated|ram_block1a4~porta_we_reg ; raster_clk   ; raster_clk  ; 1.000        ; 0.335      ; 17.015     ;
; -15.620 ; rasterizer:u_rasterizer|y3[1]        ; screen_mem:u_screen_mem|altsyncram:mem_rtl_0|altsyncram_iig1:auto_generated|ram_block1a2~porta_we_reg ; raster_clk   ; raster_clk  ; 1.000        ; 0.315      ; 16.983     ;
; -15.613 ; rasterizer:u_rasterizer|x2[4]        ; screen_mem:u_screen_mem|altsyncram:mem_rtl_0|altsyncram_iig1:auto_generated|ram_block1a4~porta_we_reg ; raster_clk   ; raster_clk  ; 1.000        ; 0.335      ; 16.996     ;
; -15.607 ; rasterizer:u_rasterizer|x2[1]        ; screen_mem:u_screen_mem|altsyncram:mem_rtl_0|altsyncram_iig1:auto_generated|ram_block1a7~porta_we_reg ; raster_clk   ; raster_clk  ; 1.000        ; 0.332      ; 16.987     ;
; -15.604 ; rasterizer:u_rasterizer|x2[1]        ; screen_mem:u_screen_mem|altsyncram:mem_rtl_0|altsyncram_iig1:auto_generated|ram_block1a3~porta_we_reg ; raster_clk   ; raster_clk  ; 1.000        ; 0.330      ; 16.982     ;
; -15.596 ; rasterizer:u_rasterizer|x1[1]        ; screen_mem:u_screen_mem|altsyncram:mem_rtl_0|altsyncram_iig1:auto_generated|ram_block1a4~porta_we_reg ; raster_clk   ; raster_clk  ; 1.000        ; 0.336      ; 16.980     ;
; -15.593 ; rasterizer:u_rasterizer|y2[4]        ; screen_mem:u_screen_mem|altsyncram:mem_rtl_0|altsyncram_iig1:auto_generated|ram_block1a4~porta_we_reg ; raster_clk   ; raster_clk  ; 1.000        ; 0.330      ; 16.971     ;
; -15.591 ; rasterizer:u_rasterizer|y3[1]        ; screen_mem:u_screen_mem|altsyncram:mem_rtl_0|altsyncram_iig1:auto_generated|ram_block1a7~porta_we_reg ; raster_clk   ; raster_clk  ; 1.000        ; 0.325      ; 16.964     ;
; -15.589 ; rasterizer:u_rasterizer|x2[3]        ; screen_mem:u_screen_mem|altsyncram:mem_rtl_0|altsyncram_iig1:auto_generated|ram_block1a2~porta_we_reg ; raster_clk   ; raster_clk  ; 1.000        ; 0.322      ; 16.959     ;
; -15.589 ; rasterizer:u_rasterizer|y3[5]        ; screen_mem:u_screen_mem|altsyncram:mem_rtl_0|altsyncram_iig1:auto_generated|ram_block1a2~porta_we_reg ; raster_clk   ; raster_clk  ; 1.000        ; 0.315      ; 16.952     ;
; -15.588 ; rasterizer:u_rasterizer|y3[1]        ; screen_mem:u_screen_mem|altsyncram:mem_rtl_0|altsyncram_iig1:auto_generated|ram_block1a3~porta_we_reg ; raster_clk   ; raster_clk  ; 1.000        ; 0.323      ; 16.959     ;
; -15.584 ; rasterizer:u_rasterizer|y3[0]        ; screen_mem:u_screen_mem|altsyncram:mem_rtl_0|altsyncram_iig1:auto_generated|ram_block1a4~porta_we_reg ; raster_clk   ; raster_clk  ; 1.000        ; 0.331      ; 16.963     ;
; -15.583 ; rasterizer:u_rasterizer|x2[1]        ; screen_mem:u_screen_mem|altsyncram:mem_rtl_0|altsyncram_iig1:auto_generated|ram_block1a1~porta_we_reg ; raster_clk   ; raster_clk  ; 1.000        ; 0.332      ; 16.963     ;
; -15.581 ; rasterizer:u_rasterizer|y1[0]        ; screen_mem:u_screen_mem|altsyncram:mem_rtl_0|altsyncram_iig1:auto_generated|ram_block1a4~porta_we_reg ; raster_clk   ; raster_clk  ; 1.000        ; 0.327      ; 16.956     ;
; -15.573 ; rasterizer:u_rasterizer|x1[4]        ; screen_mem:u_screen_mem|altsyncram:mem_rtl_0|altsyncram_iig1:auto_generated|ram_block1a4~porta_we_reg ; raster_clk   ; raster_clk  ; 1.000        ; 0.336      ; 16.957     ;
; -15.567 ; rasterizer:u_rasterizer|y2[0]        ; screen_mem:u_screen_mem|altsyncram:mem_rtl_0|altsyncram_iig1:auto_generated|ram_block1a4~porta_we_reg ; raster_clk   ; raster_clk  ; 1.000        ; 0.330      ; 16.945     ;
; -15.567 ; rasterizer:u_rasterizer|y3[1]        ; screen_mem:u_screen_mem|altsyncram:mem_rtl_0|altsyncram_iig1:auto_generated|ram_block1a1~porta_we_reg ; raster_clk   ; raster_clk  ; 1.000        ; 0.325      ; 16.940     ;
; -15.563 ; rasterizer:u_rasterizer|x2[1]        ; screen_mem:u_screen_mem|altsyncram:mem_rtl_0|altsyncram_iig1:auto_generated|ram_block1a6~porta_we_reg ; raster_clk   ; raster_clk  ; 1.000        ; 0.339      ; 16.950     ;
; -15.561 ; rasterizer:u_rasterizer|current_y[1] ; screen_mem:u_screen_mem|altsyncram:mem_rtl_0|altsyncram_iig1:auto_generated|ram_block1a4~porta_we_reg ; raster_clk   ; raster_clk  ; 1.000        ; 0.332      ; 16.941     ;
; -15.560 ; rasterizer:u_rasterizer|x2[3]        ; screen_mem:u_screen_mem|altsyncram:mem_rtl_0|altsyncram_iig1:auto_generated|ram_block1a7~porta_we_reg ; raster_clk   ; raster_clk  ; 1.000        ; 0.332      ; 16.940     ;
; -15.560 ; rasterizer:u_rasterizer|y3[5]        ; screen_mem:u_screen_mem|altsyncram:mem_rtl_0|altsyncram_iig1:auto_generated|ram_block1a7~porta_we_reg ; raster_clk   ; raster_clk  ; 1.000        ; 0.325      ; 16.933     ;
; -15.559 ; rasterizer:u_rasterizer|current_y[5] ; screen_mem:u_screen_mem|altsyncram:mem_rtl_0|altsyncram_iig1:auto_generated|ram_block1a4~porta_we_reg ; raster_clk   ; raster_clk  ; 1.000        ; 0.333      ; 16.940     ;
; -15.557 ; rasterizer:u_rasterizer|x2[3]        ; screen_mem:u_screen_mem|altsyncram:mem_rtl_0|altsyncram_iig1:auto_generated|ram_block1a3~porta_we_reg ; raster_clk   ; raster_clk  ; 1.000        ; 0.330      ; 16.935     ;
; -15.557 ; rasterizer:u_rasterizer|y3[5]        ; screen_mem:u_screen_mem|altsyncram:mem_rtl_0|altsyncram_iig1:auto_generated|ram_block1a3~porta_we_reg ; raster_clk   ; raster_clk  ; 1.000        ; 0.323      ; 16.928     ;
; -15.550 ; rasterizer:u_rasterizer|current_y[4] ; screen_mem:u_screen_mem|altsyncram:mem_rtl_0|altsyncram_iig1:auto_generated|ram_block1a4~porta_we_reg ; raster_clk   ; raster_clk  ; 1.000        ; 0.333      ; 16.931     ;
; -15.550 ; rasterizer:u_rasterizer|current_y[0] ; screen_mem:u_screen_mem|altsyncram:mem_rtl_0|altsyncram_iig1:auto_generated|ram_block1a4~porta_we_reg ; raster_clk   ; raster_clk  ; 1.000        ; 0.332      ; 16.930     ;
; -15.547 ; rasterizer:u_rasterizer|y3[1]        ; screen_mem:u_screen_mem|altsyncram:mem_rtl_0|altsyncram_iig1:auto_generated|ram_block1a6~porta_we_reg ; raster_clk   ; raster_clk  ; 1.000        ; 0.332      ; 16.927     ;
; -15.545 ; rasterizer:u_rasterizer|x2[0]        ; screen_mem:u_screen_mem|altsyncram:mem_rtl_0|altsyncram_iig1:auto_generated|ram_block1a4~porta_we_reg ; raster_clk   ; raster_clk  ; 1.000        ; 0.335      ; 16.928     ;
; -15.541 ; rasterizer:u_rasterizer|x2[1]        ; screen_mem:u_screen_mem|altsyncram:mem_rtl_0|altsyncram_iig1:auto_generated|ram_block1a0~porta_we_reg ; raster_clk   ; raster_clk  ; 1.000        ; 0.338      ; 16.927     ;
; -15.541 ; rasterizer:u_rasterizer|x1[3]        ; screen_mem:u_screen_mem|altsyncram:mem_rtl_0|altsyncram_iig1:auto_generated|ram_block1a4~porta_we_reg ; raster_clk   ; raster_clk  ; 1.000        ; 0.336      ; 16.925     ;
; -15.536 ; rasterizer:u_rasterizer|current_x[2] ; screen_mem:u_screen_mem|altsyncram:mem_rtl_0|altsyncram_iig1:auto_generated|ram_block1a4~porta_we_reg ; raster_clk   ; raster_clk  ; 1.000        ; 0.335      ; 16.919     ;
; -15.536 ; rasterizer:u_rasterizer|x2[3]        ; screen_mem:u_screen_mem|altsyncram:mem_rtl_0|altsyncram_iig1:auto_generated|ram_block1a1~porta_we_reg ; raster_clk   ; raster_clk  ; 1.000        ; 0.332      ; 16.916     ;
; -15.536 ; rasterizer:u_rasterizer|y3[5]        ; screen_mem:u_screen_mem|altsyncram:mem_rtl_0|altsyncram_iig1:auto_generated|ram_block1a1~porta_we_reg ; raster_clk   ; raster_clk  ; 1.000        ; 0.325      ; 16.909     ;
; -15.529 ; rasterizer:u_rasterizer|x3[1]        ; screen_mem:u_screen_mem|altsyncram:mem_rtl_0|altsyncram_iig1:auto_generated|ram_block1a4~porta_we_reg ; raster_clk   ; raster_clk  ; 1.000        ; 0.336      ; 16.913     ;
; -15.528 ; rasterizer:u_rasterizer|x2[1]        ; screen_mem:u_screen_mem|altsyncram:mem_rtl_0|altsyncram_iig1:auto_generated|ram_block1a5~porta_we_reg ; raster_clk   ; raster_clk  ; 1.000        ; 0.337      ; 16.913     ;
; -15.525 ; rasterizer:u_rasterizer|y3[1]        ; screen_mem:u_screen_mem|altsyncram:mem_rtl_0|altsyncram_iig1:auto_generated|ram_block1a0~porta_we_reg ; raster_clk   ; raster_clk  ; 1.000        ; 0.331      ; 16.904     ;
; -15.519 ; rasterizer:u_rasterizer|x1[0]        ; screen_mem:u_screen_mem|altsyncram:mem_rtl_0|altsyncram_iig1:auto_generated|ram_block1a2~porta_we_reg ; raster_clk   ; raster_clk  ; 1.000        ; 0.333      ; 16.900     ;
; -15.516 ; rasterizer:u_rasterizer|x2[3]        ; screen_mem:u_screen_mem|altsyncram:mem_rtl_0|altsyncram_iig1:auto_generated|ram_block1a6~porta_we_reg ; raster_clk   ; raster_clk  ; 1.000        ; 0.339      ; 16.903     ;
; -15.516 ; rasterizer:u_rasterizer|y3[5]        ; screen_mem:u_screen_mem|altsyncram:mem_rtl_0|altsyncram_iig1:auto_generated|ram_block1a6~porta_we_reg ; raster_clk   ; raster_clk  ; 1.000        ; 0.332      ; 16.896     ;
; -15.512 ; rasterizer:u_rasterizer|y3[1]        ; screen_mem:u_screen_mem|altsyncram:mem_rtl_0|altsyncram_iig1:auto_generated|ram_block1a5~porta_we_reg ; raster_clk   ; raster_clk  ; 1.000        ; 0.330      ; 16.890     ;
; -15.505 ; rasterizer:u_rasterizer|x2[7]        ; screen_mem:u_screen_mem|altsyncram:mem_rtl_0|altsyncram_iig1:auto_generated|ram_block1a4~porta_we_reg ; raster_clk   ; raster_clk  ; 1.000        ; 0.337      ; 16.890     ;
; -15.502 ; rasterizer:u_rasterizer|x1[0]        ; screen_mem:u_screen_mem|altsyncram:mem_rtl_0|altsyncram_iig1:auto_generated|ram_block1a7~porta_we_reg ; raster_clk   ; raster_clk  ; 1.000        ; 0.331      ; 16.881     ;
; -15.499 ; rasterizer:u_rasterizer|x1[0]        ; screen_mem:u_screen_mem|altsyncram:mem_rtl_0|altsyncram_iig1:auto_generated|ram_block1a3~porta_we_reg ; raster_clk   ; raster_clk  ; 1.000        ; 0.329      ; 16.876     ;
; -15.494 ; rasterizer:u_rasterizer|x2[3]        ; screen_mem:u_screen_mem|altsyncram:mem_rtl_0|altsyncram_iig1:auto_generated|ram_block1a0~porta_we_reg ; raster_clk   ; raster_clk  ; 1.000        ; 0.338      ; 16.880     ;
; -15.494 ; rasterizer:u_rasterizer|y3[5]        ; screen_mem:u_screen_mem|altsyncram:mem_rtl_0|altsyncram_iig1:auto_generated|ram_block1a0~porta_we_reg ; raster_clk   ; raster_clk  ; 1.000        ; 0.331      ; 16.873     ;
; -15.493 ; rasterizer:u_rasterizer|y2[2]        ; screen_mem:u_screen_mem|altsyncram:mem_rtl_0|altsyncram_iig1:auto_generated|ram_block1a4~porta_we_reg ; raster_clk   ; raster_clk  ; 1.000        ; 0.330      ; 16.871     ;
; -15.482 ; rasterizer:u_rasterizer|y1[1]        ; screen_mem:u_screen_mem|altsyncram:mem_rtl_0|altsyncram_iig1:auto_generated|ram_block1a4~porta_we_reg ; raster_clk   ; raster_clk  ; 1.000        ; 0.331      ; 16.861     ;
; -15.481 ; rasterizer:u_rasterizer|x2[3]        ; screen_mem:u_screen_mem|altsyncram:mem_rtl_0|altsyncram_iig1:auto_generated|ram_block1a5~porta_we_reg ; raster_clk   ; raster_clk  ; 1.000        ; 0.337      ; 16.866     ;
; -15.481 ; rasterizer:u_rasterizer|y3[5]        ; screen_mem:u_screen_mem|altsyncram:mem_rtl_0|altsyncram_iig1:auto_generated|ram_block1a5~porta_we_reg ; raster_clk   ; raster_clk  ; 1.000        ; 0.330      ; 16.859     ;
; -15.479 ; rasterizer:u_rasterizer|y2[1]        ; screen_mem:u_screen_mem|altsyncram:mem_rtl_0|altsyncram_iig1:auto_generated|ram_block1a4~porta_we_reg ; raster_clk   ; raster_clk  ; 1.000        ; 0.333      ; 16.860     ;
; -15.469 ; rasterizer:u_rasterizer|y3[4]        ; screen_mem:u_screen_mem|altsyncram:mem_rtl_0|altsyncram_iig1:auto_generated|ram_block1a4~porta_we_reg ; raster_clk   ; raster_clk  ; 1.000        ; 0.331      ; 16.848     ;
; -15.466 ; rasterizer:u_rasterizer|x1[0]        ; screen_mem:u_screen_mem|altsyncram:mem_rtl_0|altsyncram_iig1:auto_generated|ram_block1a1~porta_we_reg ; raster_clk   ; raster_clk  ; 1.000        ; 0.343      ; 16.857     ;
; -15.458 ; rasterizer:u_rasterizer|x1[0]        ; screen_mem:u_screen_mem|altsyncram:mem_rtl_0|altsyncram_iig1:auto_generated|ram_block1a6~porta_we_reg ; raster_clk   ; raster_clk  ; 1.000        ; 0.338      ; 16.844     ;
; -15.445 ; rasterizer:u_rasterizer|current_y[2] ; screen_mem:u_screen_mem|altsyncram:mem_rtl_0|altsyncram_iig1:auto_generated|ram_block1a4~porta_we_reg ; raster_clk   ; raster_clk  ; 1.000        ; 0.332      ; 16.825     ;
; -15.440 ; rasterizer:u_rasterizer|current_y[3] ; screen_mem:u_screen_mem|altsyncram:mem_rtl_0|altsyncram_iig1:auto_generated|ram_block1a4~porta_we_reg ; raster_clk   ; raster_clk  ; 1.000        ; 0.332      ; 16.820     ;
; -15.436 ; rasterizer:u_rasterizer|y3[7]        ; screen_mem:u_screen_mem|altsyncram:mem_rtl_0|altsyncram_iig1:auto_generated|ram_block1a4~porta_we_reg ; raster_clk   ; raster_clk  ; 1.000        ; 0.330      ; 16.814     ;
; -15.436 ; rasterizer:u_rasterizer|x1[0]        ; screen_mem:u_screen_mem|altsyncram:mem_rtl_0|altsyncram_iig1:auto_generated|ram_block1a0~porta_we_reg ; raster_clk   ; raster_clk  ; 1.000        ; 0.337      ; 16.821     ;
; -15.435 ; rasterizer:u_rasterizer|current_y[7] ; screen_mem:u_screen_mem|altsyncram:mem_rtl_0|altsyncram_iig1:auto_generated|ram_block1a4~porta_we_reg ; raster_clk   ; raster_clk  ; 1.000        ; 0.333      ; 16.816     ;
; -15.431 ; rasterizer:u_rasterizer|y1[2]        ; screen_mem:u_screen_mem|altsyncram:mem_rtl_0|altsyncram_iig1:auto_generated|ram_block1a4~porta_we_reg ; raster_clk   ; raster_clk  ; 1.000        ; 0.327      ; 16.806     ;
; -15.429 ; rasterizer:u_rasterizer|y3[2]        ; screen_mem:u_screen_mem|altsyncram:mem_rtl_0|altsyncram_iig1:auto_generated|ram_block1a4~porta_we_reg ; raster_clk   ; raster_clk  ; 1.000        ; 0.331      ; 16.808     ;
; -15.423 ; rasterizer:u_rasterizer|x1[0]        ; screen_mem:u_screen_mem|altsyncram:mem_rtl_0|altsyncram_iig1:auto_generated|ram_block1a5~porta_we_reg ; raster_clk   ; raster_clk  ; 1.000        ; 0.336      ; 16.807     ;
; -15.417 ; rasterizer:u_rasterizer|current_y[6] ; screen_mem:u_screen_mem|altsyncram:mem_rtl_0|altsyncram_iig1:auto_generated|ram_block1a4~porta_we_reg ; raster_clk   ; raster_clk  ; 1.000        ; 0.333      ; 16.798     ;
; -15.414 ; rasterizer:u_rasterizer|current_x[1] ; screen_mem:u_screen_mem|altsyncram:mem_rtl_0|altsyncram_iig1:auto_generated|ram_block1a4~porta_we_reg ; raster_clk   ; raster_clk  ; 1.000        ; 0.335      ; 16.797     ;
; -15.406 ; rasterizer:u_rasterizer|y3[3]        ; screen_mem:u_screen_mem|altsyncram:mem_rtl_0|altsyncram_iig1:auto_generated|ram_block1a2~porta_we_reg ; raster_clk   ; raster_clk  ; 1.000        ; 0.315      ; 16.769     ;
; -15.404 ; rasterizer:u_rasterizer|x1[6]        ; screen_mem:u_screen_mem|altsyncram:mem_rtl_0|altsyncram_iig1:auto_generated|ram_block1a2~porta_we_reg ; raster_clk   ; raster_clk  ; 1.000        ; 0.333      ; 16.785     ;
; -15.401 ; rasterizer:u_rasterizer|y2[6]        ; screen_mem:u_screen_mem|altsyncram:mem_rtl_0|altsyncram_iig1:auto_generated|ram_block1a4~porta_we_reg ; raster_clk   ; raster_clk  ; 1.000        ; 0.330      ; 16.779     ;
; -15.398 ; rasterizer:u_rasterizer|current_x[5] ; screen_mem:u_screen_mem|altsyncram:mem_rtl_0|altsyncram_iig1:auto_generated|ram_block1a4~porta_we_reg ; raster_clk   ; raster_clk  ; 1.000        ; 0.335      ; 16.781     ;
; -15.397 ; rasterizer:u_rasterizer|x3[0]        ; screen_mem:u_screen_mem|altsyncram:mem_rtl_0|altsyncram_iig1:auto_generated|ram_block1a4~porta_we_reg ; raster_clk   ; raster_clk  ; 1.000        ; 0.336      ; 16.781     ;
; -15.393 ; rasterizer:u_rasterizer|current_x[0] ; screen_mem:u_screen_mem|altsyncram:mem_rtl_0|altsyncram_iig1:auto_generated|ram_block1a4~porta_we_reg ; raster_clk   ; raster_clk  ; 1.000        ; 0.335      ; 16.776     ;
; -15.387 ; rasterizer:u_rasterizer|x1[6]        ; screen_mem:u_screen_mem|altsyncram:mem_rtl_0|altsyncram_iig1:auto_generated|ram_block1a7~porta_we_reg ; raster_clk   ; raster_clk  ; 1.000        ; 0.331      ; 16.766     ;
; -15.384 ; rasterizer:u_rasterizer|x1[6]        ; screen_mem:u_screen_mem|altsyncram:mem_rtl_0|altsyncram_iig1:auto_generated|ram_block1a3~porta_we_reg ; raster_clk   ; raster_clk  ; 1.000        ; 0.329      ; 16.761     ;
; -15.377 ; rasterizer:u_rasterizer|y3[3]        ; screen_mem:u_screen_mem|altsyncram:mem_rtl_0|altsyncram_iig1:auto_generated|ram_block1a7~porta_we_reg ; raster_clk   ; raster_clk  ; 1.000        ; 0.325      ; 16.750     ;
; -15.374 ; rasterizer:u_rasterizer|y3[3]        ; screen_mem:u_screen_mem|altsyncram:mem_rtl_0|altsyncram_iig1:auto_generated|ram_block1a3~porta_we_reg ; raster_clk   ; raster_clk  ; 1.000        ; 0.323      ; 16.745     ;
; -15.356 ; rasterizer:u_rasterizer|x3[3]        ; screen_mem:u_screen_mem|altsyncram:mem_rtl_0|altsyncram_iig1:auto_generated|ram_block1a4~porta_we_reg ; raster_clk   ; raster_clk  ; 1.000        ; 0.336      ; 16.740     ;
; -15.353 ; rasterizer:u_rasterizer|y3[3]        ; screen_mem:u_screen_mem|altsyncram:mem_rtl_0|altsyncram_iig1:auto_generated|ram_block1a1~porta_we_reg ; raster_clk   ; raster_clk  ; 1.000        ; 0.325      ; 16.726     ;
; -15.351 ; rasterizer:u_rasterizer|y1[3]        ; screen_mem:u_screen_mem|altsyncram:mem_rtl_0|altsyncram_iig1:auto_generated|ram_block1a4~porta_we_reg ; raster_clk   ; raster_clk  ; 1.000        ; 0.331      ; 16.730     ;
; -15.351 ; rasterizer:u_rasterizer|x1[6]        ; screen_mem:u_screen_mem|altsyncram:mem_rtl_0|altsyncram_iig1:auto_generated|ram_block1a1~porta_we_reg ; raster_clk   ; raster_clk  ; 1.000        ; 0.343      ; 16.742     ;
; -15.349 ; rasterizer:u_rasterizer|x1[2]        ; screen_mem:u_screen_mem|altsyncram:mem_rtl_0|altsyncram_iig1:auto_generated|ram_block1a2~porta_we_reg ; raster_clk   ; raster_clk  ; 1.000        ; 0.333      ; 16.730     ;
; -15.343 ; rasterizer:u_rasterizer|y2[3]        ; screen_mem:u_screen_mem|altsyncram:mem_rtl_0|altsyncram_iig1:auto_generated|ram_block1a4~porta_we_reg ; raster_clk   ; raster_clk  ; 1.000        ; 0.333      ; 16.724     ;
; -15.343 ; rasterizer:u_rasterizer|x1[6]        ; screen_mem:u_screen_mem|altsyncram:mem_rtl_0|altsyncram_iig1:auto_generated|ram_block1a6~porta_we_reg ; raster_clk   ; raster_clk  ; 1.000        ; 0.338      ; 16.729     ;
; -15.334 ; rasterizer:u_rasterizer|x3[4]        ; screen_mem:u_screen_mem|altsyncram:mem_rtl_0|altsyncram_iig1:auto_generated|ram_block1a4~porta_we_reg ; raster_clk   ; raster_clk  ; 1.000        ; 0.336      ; 16.718     ;
; -15.333 ; rasterizer:u_rasterizer|y3[3]        ; screen_mem:u_screen_mem|altsyncram:mem_rtl_0|altsyncram_iig1:auto_generated|ram_block1a6~porta_we_reg ; raster_clk   ; raster_clk  ; 1.000        ; 0.332      ; 16.713     ;
; -15.332 ; rasterizer:u_rasterizer|x1[2]        ; screen_mem:u_screen_mem|altsyncram:mem_rtl_0|altsyncram_iig1:auto_generated|ram_block1a7~porta_we_reg ; raster_clk   ; raster_clk  ; 1.000        ; 0.331      ; 16.711     ;
; -15.329 ; rasterizer:u_rasterizer|x1[2]        ; screen_mem:u_screen_mem|altsyncram:mem_rtl_0|altsyncram_iig1:auto_generated|ram_block1a3~porta_we_reg ; raster_clk   ; raster_clk  ; 1.000        ; 0.329      ; 16.706     ;
; -15.325 ; rasterizer:u_rasterizer|x1[8]        ; screen_mem:u_screen_mem|altsyncram:mem_rtl_0|altsyncram_iig1:auto_generated|ram_block1a4~porta_we_reg ; raster_clk   ; raster_clk  ; 1.000        ; 0.336      ; 16.709     ;
; -15.323 ; rasterizer:u_rasterizer|x2[2]        ; screen_mem:u_screen_mem|altsyncram:mem_rtl_0|altsyncram_iig1:auto_generated|ram_block1a2~porta_we_reg ; raster_clk   ; raster_clk  ; 1.000        ; 0.320      ; 16.691     ;
; -15.321 ; rasterizer:u_rasterizer|x1[6]        ; screen_mem:u_screen_mem|altsyncram:mem_rtl_0|altsyncram_iig1:auto_generated|ram_block1a0~porta_we_reg ; raster_clk   ; raster_clk  ; 1.000        ; 0.337      ; 16.706     ;
; -15.311 ; rasterizer:u_rasterizer|y3[3]        ; screen_mem:u_screen_mem|altsyncram:mem_rtl_0|altsyncram_iig1:auto_generated|ram_block1a0~porta_we_reg ; raster_clk   ; raster_clk  ; 1.000        ; 0.331      ; 16.690     ;
; -15.309 ; rasterizer:u_rasterizer|current_x[3] ; screen_mem:u_screen_mem|altsyncram:mem_rtl_0|altsyncram_iig1:auto_generated|ram_block1a4~porta_we_reg ; raster_clk   ; raster_clk  ; 1.000        ; 0.335      ; 16.692     ;
; -15.308 ; rasterizer:u_rasterizer|x1[6]        ; screen_mem:u_screen_mem|altsyncram:mem_rtl_0|altsyncram_iig1:auto_generated|ram_block1a5~porta_we_reg ; raster_clk   ; raster_clk  ; 1.000        ; 0.336      ; 16.692     ;
; -15.307 ; rasterizer:u_rasterizer|y3[6]        ; screen_mem:u_screen_mem|altsyncram:mem_rtl_0|altsyncram_iig1:auto_generated|ram_block1a4~porta_we_reg ; raster_clk   ; raster_clk  ; 1.000        ; 0.331      ; 16.686     ;
+---------+--------------------------------------+-------------------------------------------------------------------------------------------------------+--------------+-------------+--------------+------------+------------+


+---------------------------------------------------------------------------------------------------------------------------------------------------------------------------------------------------------------------------------------------+
; Slow 1200mV 85C Model Hold: 'raster_clk'                                                                                                                                                                                                    ;
+-------+-------------------------------------------------+-------------------------------------------------------------------------------------------------------------+--------------+-------------+--------------+------------+------------+
; Slack ; From Node                                       ; To Node                                                                                                     ; Launch Clock ; Latch Clock ; Relationship ; Clock Skew ; Data Delay ;
+-------+-------------------------------------------------+-------------------------------------------------------------------------------------------------------------+--------------+-------------+--------------+------------+------------+
; 0.452 ; rasterizer:u_rasterizer|current_state.IDLE      ; rasterizer:u_rasterizer|current_state.IDLE                                                                  ; raster_clk   ; raster_clk  ; 0.000        ; 0.082      ; 0.746      ;
; 0.452 ; rasterizer:u_rasterizer|current_state.RASTERIZE ; rasterizer:u_rasterizer|current_state.RASTERIZE                                                             ; raster_clk   ; raster_clk  ; 0.000        ; 0.082      ; 0.746      ;
; 0.452 ; rasterizer:u_rasterizer|current_state.BOX       ; rasterizer:u_rasterizer|current_state.BOX                                                                   ; raster_clk   ; raster_clk  ; 0.000        ; 0.082      ; 0.746      ;
; 0.452 ; rasterizer:u_rasterizer|box_count               ; rasterizer:u_rasterizer|box_count                                                                           ; raster_clk   ; raster_clk  ; 0.000        ; 0.082      ; 0.746      ;
; 0.453 ; rasterizer:u_rasterizer|current_y[9]            ; rasterizer:u_rasterizer|current_y[9]                                                                        ; raster_clk   ; raster_clk  ; 0.000        ; 0.081      ; 0.746      ;
; 0.454 ; rasterizer:u_rasterizer|current_x[9]            ; rasterizer:u_rasterizer|current_x[9]                                                                        ; raster_clk   ; raster_clk  ; 0.000        ; 0.080      ; 0.746      ;
; 0.464 ; rasterizer:u_rasterizer|current_state.DONE      ; rasterizer:u_rasterizer|current_state.DONE                                                                  ; raster_clk   ; raster_clk  ; 0.000        ; 0.082      ; 0.758      ;
; 0.534 ; rasterizer:u_rasterizer|current_state.RASTERIZE ; rasterizer:u_rasterizer|box_count                                                                           ; raster_clk   ; raster_clk  ; 0.000        ; 0.082      ; 0.828      ;
; 0.631 ; rd_addr[6]                                      ; rd_addr[7]                                                                                                  ; raster_clk   ; raster_clk  ; 0.000        ; 0.575      ; 1.418      ;
; 0.637 ; rd_addr[6]                                      ; rd_addr[8]                                                                                                  ; raster_clk   ; raster_clk  ; 0.000        ; 0.578      ; 1.427      ;
; 0.734 ; rd_addr[15]                                     ; rd_addr[15]                                                                                                 ; raster_clk   ; raster_clk  ; 0.000        ; 0.102      ; 1.048      ;
; 0.741 ; rd_addr[3]                                      ; rd_addr[3]                                                                                                  ; raster_clk   ; raster_clk  ; 0.000        ; 0.101      ; 1.054      ;
; 0.743 ; rd_addr[14]                                     ; rd_addr[14]                                                                                                 ; raster_clk   ; raster_clk  ; 0.000        ; 0.102      ; 1.057      ;
; 0.743 ; rd_addr[1]                                      ; rd_addr[1]                                                                                                  ; raster_clk   ; raster_clk  ; 0.000        ; 0.101      ; 1.056      ;
; 0.743 ; rd_addr[8]                                      ; rd_addr[8]                                                                                                  ; raster_clk   ; raster_clk  ; 0.000        ; 0.102      ; 1.057      ;
; 0.748 ; rd_addr[5]                                      ; rd_addr[5]                                                                                                  ; raster_clk   ; raster_clk  ; 0.000        ; 0.101      ; 1.061      ;
; 0.751 ; rd_addr[12]                                     ; rd_addr[12]                                                                                                 ; raster_clk   ; raster_clk  ; 0.000        ; 0.102      ; 1.065      ;
; 0.752 ; rd_addr[4]                                      ; rd_addr[4]                                                                                                  ; raster_clk   ; raster_clk  ; 0.000        ; 0.101      ; 1.065      ;
; 0.763 ; rd_addr[6]                                      ; rd_addr[6]                                                                                                  ; raster_clk   ; raster_clk  ; 0.000        ; 0.082      ; 1.057      ;
; 0.764 ; rd_addr[9]                                      ; rd_addr[9]                                                                                                  ; raster_clk   ; raster_clk  ; 0.000        ; 0.102      ; 1.078      ;
; 0.764 ; rd_addr[7]                                      ; rd_addr[7]                                                                                                  ; raster_clk   ; raster_clk  ; 0.000        ; 0.101      ; 1.077      ;
; 0.768 ; rd_addr[6]                                      ; rd_addr[9]                                                                                                  ; raster_clk   ; raster_clk  ; 0.000        ; 0.578      ; 1.558      ;
; 0.768 ; rd_addr[2]                                      ; rd_addr[2]                                                                                                  ; raster_clk   ; raster_clk  ; 0.000        ; 0.101      ; 1.081      ;
; 0.768 ; rd_addr[0]                                      ; rd_addr[0]                                                                                                  ; raster_clk   ; raster_clk  ; 0.000        ; 0.101      ; 1.081      ;
; 0.779 ; rasterizer:u_rasterizer|current_state.BOX       ; rasterizer:u_rasterizer|box_count                                                                           ; raster_clk   ; raster_clk  ; 0.000        ; 0.082      ; 1.073      ;
; 0.796 ; rasterizer:u_rasterizer|current_x[0]            ; screen_mem:u_screen_mem|altsyncram:mem_rtl_0|altsyncram_iig1:auto_generated|ram_block1a0~porta_address_reg0 ; raster_clk   ; raster_clk  ; 0.000        ; 0.496      ; 1.546      ;
; 0.810 ; rasterizer:u_rasterizer|current_x[2]            ; screen_mem:u_screen_mem|altsyncram:mem_rtl_0|altsyncram_iig1:auto_generated|ram_block1a6~porta_address_reg0 ; raster_clk   ; raster_clk  ; 0.000        ; 0.497      ; 1.561      ;
; 0.824 ; rd_addr[6]                                      ; screen_mem:u_screen_mem|altsyncram:mem_rtl_0|altsyncram_iig1:auto_generated|ram_block1a0~portb_address_reg0 ; raster_clk   ; raster_clk  ; 0.000        ; 0.475      ; 1.553      ;
; 0.832 ; rasterizer:u_rasterizer|current_state.DONE      ; rasterizer:u_rasterizer|current_state.IDLE                                                                  ; raster_clk   ; raster_clk  ; 0.000        ; 0.082      ; 1.126      ;
; 0.841 ; rd_addr[6]                                      ; screen_mem:u_screen_mem|altsyncram:mem_rtl_0|altsyncram_iig1:auto_generated|ram_block1a9~portb_address_reg0 ; raster_clk   ; raster_clk  ; 0.000        ; 0.479      ; 1.574      ;
; 0.849 ; rasterizer:u_rasterizer|current_state.DONE      ; rasterizer:u_rasterizer|current_state.RASTERIZE                                                             ; raster_clk   ; raster_clk  ; 0.000        ; 0.082      ; 1.143      ;
; 0.851 ; rasterizer:u_rasterizer|current_state.DONE      ; rasterizer:u_rasterizer|current_state.BOX                                                                   ; raster_clk   ; raster_clk  ; 0.000        ; 0.082      ; 1.145      ;
; 0.867 ; rd_addr[16]                                     ; rd_addr[16]                                                                                                 ; raster_clk   ; raster_clk  ; 0.000        ; 0.102      ; 1.181      ;
; 0.869 ; rd_addr[6]                                      ; screen_mem:u_screen_mem|altsyncram:mem_rtl_0|altsyncram_iig1:auto_generated|ram_block1a4~portb_address_reg0 ; raster_clk   ; raster_clk  ; 0.000        ; 0.474      ; 1.597      ;
; 0.870 ; rasterizer:u_rasterizer|current_x[4]            ; screen_mem:u_screen_mem|altsyncram:mem_rtl_0|altsyncram_iig1:auto_generated|ram_block1a0~porta_address_reg0 ; raster_clk   ; raster_clk  ; 0.000        ; 0.497      ; 1.621      ;
; 0.873 ; rd_addr[6]                                      ; screen_mem:u_screen_mem|altsyncram:mem_rtl_0|altsyncram_iig1:auto_generated|ram_block1a6~portb_address_reg0 ; raster_clk   ; raster_clk  ; 0.000        ; 0.476      ; 1.603      ;
; 0.884 ; rd_addr[6]                                      ; screen_mem:u_screen_mem|altsyncram:mem_rtl_0|altsyncram_iig1:auto_generated|ram_block1a3~portb_address_reg0 ; raster_clk   ; raster_clk  ; 0.000        ; 0.467      ; 1.605      ;
; 0.890 ; rd_addr[6]                                      ; screen_mem:u_screen_mem|altsyncram:mem_rtl_0|altsyncram_iig1:auto_generated|ram_block1a8~portb_address_reg0 ; raster_clk   ; raster_clk  ; 0.000        ; 0.467      ; 1.611      ;
; 0.917 ; rd_addr[6]                                      ; rd_addr[12]                                                                                                 ; raster_clk   ; raster_clk  ; 0.000        ; 0.578      ; 1.707      ;
; 0.922 ; rd_addr[7]                                      ; screen_mem:u_screen_mem|altsyncram:mem_rtl_0|altsyncram_iig1:auto_generated|ram_block1a5~portb_address_reg0 ; raster_clk   ; raster_clk  ; 0.000        ; 0.000      ; 1.176      ;
; 0.929 ; rd_addr[0]                                      ; screen_mem:u_screen_mem|altsyncram:mem_rtl_0|altsyncram_iig1:auto_generated|ram_block1a5~portb_address_reg0 ; raster_clk   ; raster_clk  ; 0.000        ; 0.000      ; 1.183      ;
; 0.945 ; rd_addr[11]                                     ; screen_mem:u_screen_mem|altsyncram:mem_rtl_0|altsyncram_iig1:auto_generated|ram_block1a6~portb_address_reg0 ; raster_clk   ; raster_clk  ; 0.000        ; 0.000      ; 1.199      ;
; 0.954 ; rd_addr[1]                                      ; screen_mem:u_screen_mem|altsyncram:mem_rtl_0|altsyncram_iig1:auto_generated|ram_block1a5~portb_address_reg0 ; raster_clk   ; raster_clk  ; 0.000        ; 0.000      ; 1.208      ;
; 0.967 ; rd_addr[11]                                     ; screen_mem:u_screen_mem|altsyncram:mem_rtl_0|altsyncram_iig1:auto_generated|ram_block1a0~portb_address_reg0 ; raster_clk   ; raster_clk  ; 0.000        ; -0.001     ; 1.220      ;
; 0.972 ; rasterizer:u_rasterizer|current_x[3]            ; screen_mem:u_screen_mem|altsyncram:mem_rtl_0|altsyncram_iig1:auto_generated|ram_block1a8~porta_address_reg0 ; raster_clk   ; raster_clk  ; 0.000        ; 0.488      ; 1.714      ;
; 0.973 ; rd_addr[4]                                      ; screen_mem:u_screen_mem|altsyncram:mem_rtl_0|altsyncram_iig1:auto_generated|ram_block1a5~portb_address_reg0 ; raster_clk   ; raster_clk  ; 0.000        ; 0.000      ; 1.227      ;
; 0.979 ; rd_addr[3]                                      ; screen_mem:u_screen_mem|altsyncram:mem_rtl_0|altsyncram_iig1:auto_generated|ram_block1a5~portb_address_reg0 ; raster_clk   ; raster_clk  ; 0.000        ; 0.000      ; 1.233      ;
; 0.983 ; rasterizer:u_rasterizer|current_x[3]            ; screen_mem:u_screen_mem|altsyncram:mem_rtl_0|altsyncram_iig1:auto_generated|ram_block1a2~porta_address_reg0 ; raster_clk   ; raster_clk  ; 0.000        ; 0.492      ; 1.729      ;
; 0.983 ; rd_addr[9]                                      ; screen_mem:u_screen_mem|altsyncram:mem_rtl_0|altsyncram_iig1:auto_generated|ram_block1a0~portb_address_reg0 ; raster_clk   ; raster_clk  ; 0.000        ; -0.001     ; 1.236      ;
; 1.005 ; rd_addr[10]                                     ; screen_mem:u_screen_mem|altsyncram:mem_rtl_0|altsyncram_iig1:auto_generated|ram_block1a0~portb_address_reg0 ; raster_clk   ; raster_clk  ; 0.000        ; -0.001     ; 1.258      ;
; 1.045 ; rd_addr[5]                                      ; screen_mem:u_screen_mem|altsyncram:mem_rtl_0|altsyncram_iig1:auto_generated|ram_block1a5~portb_address_reg0 ; raster_clk   ; raster_clk  ; 0.000        ; 0.000      ; 1.299      ;
; 1.051 ; rd_addr[8]                                      ; screen_mem:u_screen_mem|altsyncram:mem_rtl_0|altsyncram_iig1:auto_generated|ram_block1a0~portb_address_reg0 ; raster_clk   ; raster_clk  ; 0.000        ; -0.001     ; 1.304      ;
; 1.056 ; rasterizer:u_rasterizer|current_state.DONE      ; rasterizer:u_rasterizer|box_count                                                                           ; raster_clk   ; raster_clk  ; 0.000        ; 0.082      ; 1.350      ;
; 1.057 ; rd_addr[6]                                      ; rd_addr[14]                                                                                                 ; raster_clk   ; raster_clk  ; 0.000        ; 0.578      ; 1.847      ;
; 1.064 ; rasterizer:u_rasterizer|current_state.IDLE      ; rasterizer:u_rasterizer|current_state.RASTERIZE                                                             ; raster_clk   ; raster_clk  ; 0.000        ; 0.082      ; 1.358      ;
; 1.064 ; rasterizer:u_rasterizer|current_state.IDLE      ; rasterizer:u_rasterizer|current_state.BOX                                                                   ; raster_clk   ; raster_clk  ; 0.000        ; 0.082      ; 1.358      ;
; 1.087 ; rd_addr[13]                                     ; rd_addr[14]                                                                                                 ; raster_clk   ; raster_clk  ; 0.000        ; 0.102      ; 1.401      ;
; 1.096 ; rd_addr[3]                                      ; rd_addr[4]                                                                                                  ; raster_clk   ; raster_clk  ; 0.000        ; 0.101      ; 1.409      ;
; 1.097 ; rd_addr[1]                                      ; rd_addr[2]                                                                                                  ; raster_clk   ; raster_clk  ; 0.000        ; 0.101      ; 1.410      ;
; 1.104 ; rd_addr[14]                                     ; rd_addr[15]                                                                                                 ; raster_clk   ; raster_clk  ; 0.000        ; 0.102      ; 1.418      ;
; 1.104 ; rd_addr[8]                                      ; rd_addr[9]                                                                                                  ; raster_clk   ; raster_clk  ; 0.000        ; 0.102      ; 1.418      ;
; 1.106 ; rd_addr[0]                                      ; rd_addr[1]                                                                                                  ; raster_clk   ; raster_clk  ; 0.000        ; 0.101      ; 1.419      ;
; 1.106 ; rd_addr[11]                                     ; rd_addr[12]                                                                                                 ; raster_clk   ; raster_clk  ; 0.000        ; 0.102      ; 1.420      ;
; 1.113 ; rd_addr[4]                                      ; rd_addr[5]                                                                                                  ; raster_clk   ; raster_clk  ; 0.000        ; 0.101      ; 1.426      ;
; 1.115 ; rd_addr[0]                                      ; rd_addr[2]                                                                                                  ; raster_clk   ; raster_clk  ; 0.000        ; 0.101      ; 1.428      ;
; 1.116 ; rd_addr[7]                                      ; rd_addr[8]                                                                                                  ; raster_clk   ; raster_clk  ; 0.000        ; 0.104      ; 1.432      ;
; 1.121 ; rd_addr[12]                                     ; rd_addr[14]                                                                                                 ; raster_clk   ; raster_clk  ; 0.000        ; 0.102      ; 1.435      ;
; 1.124 ; rd_addr[10]                                     ; rd_addr[12]                                                                                                 ; raster_clk   ; raster_clk  ; 0.000        ; 0.102      ; 1.438      ;
; 1.129 ; rasterizer:u_rasterizer|current_x[1]            ; screen_mem:u_screen_mem|altsyncram:mem_rtl_0|altsyncram_iig1:auto_generated|ram_block1a0~porta_address_reg0 ; raster_clk   ; raster_clk  ; 0.000        ; 0.496      ; 1.879      ;
; 1.129 ; rd_addr[2]                                      ; rd_addr[3]                                                                                                  ; raster_clk   ; raster_clk  ; 0.000        ; 0.101      ; 1.442      ;
; 1.131 ; rd_addr[13]                                     ; rd_addr[13]                                                                                                 ; raster_clk   ; raster_clk  ; 0.000        ; 0.102      ; 1.445      ;
; 1.138 ; rd_addr[2]                                      ; rd_addr[4]                                                                                                  ; raster_clk   ; raster_clk  ; 0.000        ; 0.101      ; 1.451      ;
; 1.147 ; rasterizer:u_rasterizer|current_x[0]            ; screen_mem:u_screen_mem|altsyncram:mem_rtl_0|altsyncram_iig1:auto_generated|ram_block1a6~porta_address_reg0 ; raster_clk   ; raster_clk  ; 0.000        ; 0.497      ; 1.898      ;
; 1.152 ; rd_addr[11]                                     ; rd_addr[11]                                                                                                 ; raster_clk   ; raster_clk  ; 0.000        ; 0.102      ; 1.466      ;
; 1.158 ; rasterizer:u_rasterizer|current_x[1]            ; screen_mem:u_screen_mem|altsyncram:mem_rtl_0|altsyncram_iig1:auto_generated|ram_block1a7~porta_address_reg0 ; raster_clk   ; raster_clk  ; 0.000        ; 0.490      ; 1.902      ;
; 1.159 ; rd_addr[6]                                      ; screen_mem:u_screen_mem|altsyncram:mem_rtl_0|altsyncram_iig1:auto_generated|ram_block1a7~portb_address_reg0 ; raster_clk   ; raster_clk  ; 0.000        ; 0.469      ; 1.882      ;
; 1.160 ; rasterizer:u_rasterizer|current_x[0]            ; screen_mem:u_screen_mem|altsyncram:mem_rtl_0|altsyncram_iig1:auto_generated|ram_block1a1~porta_address_reg0 ; raster_clk   ; raster_clk  ; 0.000        ; 0.502      ; 1.916      ;
; 1.169 ; rasterizer:u_rasterizer|current_x[2]            ; screen_mem:u_screen_mem|altsyncram:mem_rtl_0|altsyncram_iig1:auto_generated|ram_block1a1~porta_address_reg0 ; raster_clk   ; raster_clk  ; 0.000        ; 0.502      ; 1.925      ;
; 1.170 ; rasterizer:u_rasterizer|current_x[1]            ; screen_mem:u_screen_mem|altsyncram:mem_rtl_0|altsyncram_iig1:auto_generated|ram_block1a5~porta_address_reg0 ; raster_clk   ; raster_clk  ; 0.000        ; 0.495      ; 1.919      ;
; 1.173 ; rasterizer:u_rasterizer|box_count               ; rasterizer:u_rasterizer|current_state.RASTERIZE                                                             ; raster_clk   ; raster_clk  ; 0.000        ; 0.082      ; 1.467      ;
; 1.179 ; rasterizer:u_rasterizer|current_x[2]            ; screen_mem:u_screen_mem|altsyncram:mem_rtl_0|altsyncram_iig1:auto_generated|ram_block1a7~porta_address_reg0 ; raster_clk   ; raster_clk  ; 0.000        ; 0.490      ; 1.923      ;
; 1.181 ; rasterizer:u_rasterizer|current_x[0]            ; screen_mem:u_screen_mem|altsyncram:mem_rtl_0|altsyncram_iig1:auto_generated|ram_block1a5~porta_address_reg0 ; raster_clk   ; raster_clk  ; 0.000        ; 0.495      ; 1.930      ;
; 1.181 ; rasterizer:u_rasterizer|current_x[0]            ; screen_mem:u_screen_mem|altsyncram:mem_rtl_0|altsyncram_iig1:auto_generated|ram_block1a7~porta_address_reg0 ; raster_clk   ; raster_clk  ; 0.000        ; 0.490      ; 1.925      ;
; 1.182 ; rasterizer:u_rasterizer|current_x[4]            ; screen_mem:u_screen_mem|altsyncram:mem_rtl_0|altsyncram_iig1:auto_generated|ram_block1a1~porta_address_reg0 ; raster_clk   ; raster_clk  ; 0.000        ; 0.503      ; 1.939      ;
; 1.183 ; rasterizer:u_rasterizer|current_x[4]            ; screen_mem:u_screen_mem|altsyncram:mem_rtl_0|altsyncram_iig1:auto_generated|ram_block1a5~porta_address_reg0 ; raster_clk   ; raster_clk  ; 0.000        ; 0.496      ; 1.933      ;
; 1.184 ; rasterizer:u_rasterizer|current_x[0]            ; screen_mem:u_screen_mem|altsyncram:mem_rtl_0|altsyncram_iig1:auto_generated|ram_block1a8~porta_address_reg0 ; raster_clk   ; raster_clk  ; 0.000        ; 0.488      ; 1.926      ;
; 1.187 ; rasterizer:u_rasterizer|current_x[1]            ; screen_mem:u_screen_mem|altsyncram:mem_rtl_0|altsyncram_iig1:auto_generated|ram_block1a3~porta_address_reg0 ; raster_clk   ; raster_clk  ; 0.000        ; 0.488      ; 1.929      ;
; 1.187 ; rd_addr[15]                                     ; screen_mem:u_screen_mem|altsyncram:mem_rtl_0|altsyncram_iig1:auto_generated|address_reg_b[2]                ; raster_clk   ; raster_clk  ; 0.000        ; -0.393     ; 1.006      ;
; 1.188 ; rd_addr[6]                                      ; rd_addr[15]                                                                                                 ; raster_clk   ; raster_clk  ; 0.000        ; 0.578      ; 1.978      ;
; 1.189 ; rd_addr[13]                                     ; screen_mem:u_screen_mem|altsyncram:mem_rtl_0|altsyncram_iig1:auto_generated|address_reg_b[0]                ; raster_clk   ; raster_clk  ; 0.000        ; -0.393     ; 1.008      ;
; 1.191 ; rasterizer:u_rasterizer|current_x[4]            ; screen_mem:u_screen_mem|altsyncram:mem_rtl_0|altsyncram_iig1:auto_generated|ram_block1a6~porta_address_reg0 ; raster_clk   ; raster_clk  ; 0.000        ; 0.498      ; 1.943      ;
; 1.196 ; rasterizer:u_rasterizer|current_x[0]            ; screen_mem:u_screen_mem|altsyncram:mem_rtl_0|altsyncram_iig1:auto_generated|ram_block1a9~porta_address_reg0 ; raster_clk   ; raster_clk  ; 0.000        ; 0.500      ; 1.950      ;
; 1.198 ; rasterizer:u_rasterizer|current_x[4]            ; screen_mem:u_screen_mem|altsyncram:mem_rtl_0|altsyncram_iig1:auto_generated|ram_block1a7~porta_address_reg0 ; raster_clk   ; raster_clk  ; 0.000        ; 0.491      ; 1.943      ;
; 1.200 ; rasterizer:u_rasterizer|current_x[4]            ; screen_mem:u_screen_mem|altsyncram:mem_rtl_0|altsyncram_iig1:auto_generated|ram_block1a3~porta_address_reg0 ; raster_clk   ; raster_clk  ; 0.000        ; 0.489      ; 1.943      ;
; 1.203 ; rasterizer:u_rasterizer|current_x[1]            ; screen_mem:u_screen_mem|altsyncram:mem_rtl_0|altsyncram_iig1:auto_generated|ram_block1a8~porta_address_reg0 ; raster_clk   ; raster_clk  ; 0.000        ; 0.488      ; 1.945      ;
; 1.205 ; rasterizer:u_rasterizer|current_x[0]            ; screen_mem:u_screen_mem|altsyncram:mem_rtl_0|altsyncram_iig1:auto_generated|ram_block1a4~porta_address_reg0 ; raster_clk   ; raster_clk  ; 0.000        ; 0.495      ; 1.954      ;
; 1.216 ; rasterizer:u_rasterizer|current_x[4]            ; screen_mem:u_screen_mem|altsyncram:mem_rtl_0|altsyncram_iig1:auto_generated|ram_block1a4~porta_address_reg0 ; raster_clk   ; raster_clk  ; 0.000        ; 0.496      ; 1.966      ;
; 1.218 ; rd_addr[13]                                     ; rd_addr[15]                                                                                                 ; raster_clk   ; raster_clk  ; 0.000        ; 0.102      ; 1.532      ;
; 1.219 ; rasterizer:u_rasterizer|current_x[2]            ; screen_mem:u_screen_mem|altsyncram:mem_rtl_0|altsyncram_iig1:auto_generated|ram_block1a2~porta_address_reg0 ; raster_clk   ; raster_clk  ; 0.000        ; 0.492      ; 1.965      ;
; 1.220 ; rd_addr[6]                                      ; screen_mem:u_screen_mem|altsyncram:mem_rtl_0|altsyncram_iig1:auto_generated|ram_block1a2~portb_address_reg0 ; raster_clk   ; raster_clk  ; 0.000        ; 0.471      ; 1.945      ;
+-------+-------------------------------------------------+-------------------------------------------------------------------------------------------------------------+--------------+-------------+--------------+------------+------------+


-----------------------------------------------
; Slow 1200mV 85C Model Metastability Summary ;
-----------------------------------------------
No synchronizer chains to report.


+-------------------------------------------------+
; Slow 1200mV 0C Model Fmax Summary               ;
+-----------+-----------------+------------+------+
; Fmax      ; Restricted Fmax ; Clock Name ; Note ;
+-----------+-----------------+------------+------+
; 63.45 MHz ; 63.45 MHz       ; raster_clk ;      ;
+-----------+-----------------+------------+------+
This panel reports FMAX for every clock in the design, regardless of the user-specified clock periods.  FMAX is only computed for paths where the source and destination registers or ports are driven by the same clock.  Paths of different clocks, including generated clocks, are ignored.  For paths between a clock and its inversion, FMAX is computed as if the rising and falling edges are scaled along with FMAX, such that the duty cycle (in terms of a percentage) is maintained. Altera recommends that you always use clock constraints and other slack reports for sign-off analysis.


+--------------------------------------+
; Slow 1200mV 0C Model Setup Summary   ;
+------------+---------+---------------+
; Clock      ; Slack   ; End Point TNS ;
+------------+---------+---------------+
; raster_clk ; -14.761 ; -696.561      ;
+------------+---------+---------------+


+------------------------------------+
; Slow 1200mV 0C Model Hold Summary  ;
+------------+-------+---------------+
; Clock      ; Slack ; End Point TNS ;
+------------+-------+---------------+
; raster_clk ; 0.401 ; 0.000         ;
+------------+-------+---------------+


-----------------------------------------
; Slow 1200mV 0C Model Recovery Summary ;
-----------------------------------------
No paths to report.


----------------------------------------
; Slow 1200mV 0C Model Removal Summary ;
----------------------------------------
No paths to report.


+--------------------------------------------------+
; Slow 1200mV 0C Model Minimum Pulse Width Summary ;
+------------+--------+----------------------------+
; Clock      ; Slack  ; End Point TNS              ;
+------------+--------+----------------------------+
; raster_clk ; -3.201 ; -247.730                   ;
+------------+--------+----------------------------+


+------------------------------------------------------------------------------------------------------------------------------------------------------------------------------------------------------------------------------+
; Slow 1200mV 0C Model Setup: 'raster_clk'                                                                                                                                                                                     ;
+---------+--------------------------------------+-------------------------------------------------------------------------------------------------------+--------------+-------------+--------------+------------+------------+
; Slack   ; From Node                            ; To Node                                                                                               ; Launch Clock ; Latch Clock ; Relationship ; Clock Skew ; Data Delay ;
+---------+--------------------------------------+-------------------------------------------------------------------------------------------------------+--------------+-------------+--------------+------------+------------+
; -14.761 ; rasterizer:u_rasterizer|y3[1]        ; screen_mem:u_screen_mem|altsyncram:mem_rtl_0|altsyncram_iig1:auto_generated|ram_block1a4~porta_we_reg ; raster_clk   ; raster_clk  ; 1.000        ; 0.290      ; 16.090     ;
; -14.760 ; rasterizer:u_rasterizer|y3[5]        ; screen_mem:u_screen_mem|altsyncram:mem_rtl_0|altsyncram_iig1:auto_generated|ram_block1a4~porta_we_reg ; raster_clk   ; raster_clk  ; 1.000        ; 0.290      ; 16.089     ;
; -14.744 ; rasterizer:u_rasterizer|x1[0]        ; screen_mem:u_screen_mem|altsyncram:mem_rtl_0|altsyncram_iig1:auto_generated|ram_block1a4~porta_we_reg ; raster_clk   ; raster_clk  ; 1.000        ; 0.296      ; 16.079     ;
; -14.733 ; rasterizer:u_rasterizer|x2[1]        ; screen_mem:u_screen_mem|altsyncram:mem_rtl_0|altsyncram_iig1:auto_generated|ram_block1a4~porta_we_reg ; raster_clk   ; raster_clk  ; 1.000        ; 0.296      ; 16.068     ;
; -14.692 ; rasterizer:u_rasterizer|x2[3]        ; screen_mem:u_screen_mem|altsyncram:mem_rtl_0|altsyncram_iig1:auto_generated|ram_block1a4~porta_we_reg ; raster_clk   ; raster_clk  ; 1.000        ; 0.296      ; 16.027     ;
; -14.679 ; rasterizer:u_rasterizer|x1[6]        ; screen_mem:u_screen_mem|altsyncram:mem_rtl_0|altsyncram_iig1:auto_generated|ram_block1a4~porta_we_reg ; raster_clk   ; raster_clk  ; 1.000        ; 0.296      ; 16.014     ;
; -14.588 ; rasterizer:u_rasterizer|x1[2]        ; screen_mem:u_screen_mem|altsyncram:mem_rtl_0|altsyncram_iig1:auto_generated|ram_block1a4~porta_we_reg ; raster_clk   ; raster_clk  ; 1.000        ; 0.296      ; 15.923     ;
; -14.567 ; rasterizer:u_rasterizer|y3[3]        ; screen_mem:u_screen_mem|altsyncram:mem_rtl_0|altsyncram_iig1:auto_generated|ram_block1a4~porta_we_reg ; raster_clk   ; raster_clk  ; 1.000        ; 0.290      ; 15.896     ;
; -14.509 ; rasterizer:u_rasterizer|y2[4]        ; screen_mem:u_screen_mem|altsyncram:mem_rtl_0|altsyncram_iig1:auto_generated|ram_block1a4~porta_we_reg ; raster_clk   ; raster_clk  ; 1.000        ; 0.290      ; 15.838     ;
; -14.509 ; rasterizer:u_rasterizer|x2[2]        ; screen_mem:u_screen_mem|altsyncram:mem_rtl_0|altsyncram_iig1:auto_generated|ram_block1a4~porta_we_reg ; raster_clk   ; raster_clk  ; 1.000        ; 0.294      ; 15.842     ;
; -14.501 ; rasterizer:u_rasterizer|x1[4]        ; screen_mem:u_screen_mem|altsyncram:mem_rtl_0|altsyncram_iig1:auto_generated|ram_block1a4~porta_we_reg ; raster_clk   ; raster_clk  ; 1.000        ; 0.296      ; 15.836     ;
; -14.495 ; rasterizer:u_rasterizer|x1[1]        ; screen_mem:u_screen_mem|altsyncram:mem_rtl_0|altsyncram_iig1:auto_generated|ram_block1a4~porta_we_reg ; raster_clk   ; raster_clk  ; 1.000        ; 0.296      ; 15.830     ;
; -14.466 ; rasterizer:u_rasterizer|y1[0]        ; screen_mem:u_screen_mem|altsyncram:mem_rtl_0|altsyncram_iig1:auto_generated|ram_block1a4~porta_we_reg ; raster_clk   ; raster_clk  ; 1.000        ; 0.289      ; 15.794     ;
; -14.460 ; rasterizer:u_rasterizer|y3[1]        ; screen_mem:u_screen_mem|altsyncram:mem_rtl_0|altsyncram_iig1:auto_generated|ram_block1a2~porta_we_reg ; raster_clk   ; raster_clk  ; 1.000        ; 0.276      ; 15.775     ;
; -14.460 ; rasterizer:u_rasterizer|x2[4]        ; screen_mem:u_screen_mem|altsyncram:mem_rtl_0|altsyncram_iig1:auto_generated|ram_block1a4~porta_we_reg ; raster_clk   ; raster_clk  ; 1.000        ; 0.294      ; 15.793     ;
; -14.459 ; rasterizer:u_rasterizer|y3[5]        ; screen_mem:u_screen_mem|altsyncram:mem_rtl_0|altsyncram_iig1:auto_generated|ram_block1a2~porta_we_reg ; raster_clk   ; raster_clk  ; 1.000        ; 0.276      ; 15.774     ;
; -14.448 ; rasterizer:u_rasterizer|y2[0]        ; screen_mem:u_screen_mem|altsyncram:mem_rtl_0|altsyncram_iig1:auto_generated|ram_block1a4~porta_we_reg ; raster_clk   ; raster_clk  ; 1.000        ; 0.290      ; 15.777     ;
; -14.433 ; rasterizer:u_rasterizer|x1[0]        ; screen_mem:u_screen_mem|altsyncram:mem_rtl_0|altsyncram_iig1:auto_generated|ram_block1a2~porta_we_reg ; raster_clk   ; raster_clk  ; 1.000        ; 0.292      ; 15.764     ;
; -14.432 ; rasterizer:u_rasterizer|x2[1]        ; screen_mem:u_screen_mem|altsyncram:mem_rtl_0|altsyncram_iig1:auto_generated|ram_block1a2~porta_we_reg ; raster_clk   ; raster_clk  ; 1.000        ; 0.282      ; 15.753     ;
; -14.431 ; rasterizer:u_rasterizer|current_y[0] ; screen_mem:u_screen_mem|altsyncram:mem_rtl_0|altsyncram_iig1:auto_generated|ram_block1a4~porta_we_reg ; raster_clk   ; raster_clk  ; 1.000        ; 0.292      ; 15.762     ;
; -14.430 ; rasterizer:u_rasterizer|y3[1]        ; screen_mem:u_screen_mem|altsyncram:mem_rtl_0|altsyncram_iig1:auto_generated|ram_block1a7~porta_we_reg ; raster_clk   ; raster_clk  ; 1.000        ; 0.288      ; 15.757     ;
; -14.429 ; rasterizer:u_rasterizer|y3[5]        ; screen_mem:u_screen_mem|altsyncram:mem_rtl_0|altsyncram_iig1:auto_generated|ram_block1a7~porta_we_reg ; raster_clk   ; raster_clk  ; 1.000        ; 0.288      ; 15.756     ;
; -14.428 ; rasterizer:u_rasterizer|y3[1]        ; screen_mem:u_screen_mem|altsyncram:mem_rtl_0|altsyncram_iig1:auto_generated|ram_block1a3~porta_we_reg ; raster_clk   ; raster_clk  ; 1.000        ; 0.285      ; 15.752     ;
; -14.427 ; rasterizer:u_rasterizer|y3[5]        ; screen_mem:u_screen_mem|altsyncram:mem_rtl_0|altsyncram_iig1:auto_generated|ram_block1a3~porta_we_reg ; raster_clk   ; raster_clk  ; 1.000        ; 0.285      ; 15.751     ;
; -14.421 ; rasterizer:u_rasterizer|current_y[4] ; screen_mem:u_screen_mem|altsyncram:mem_rtl_0|altsyncram_iig1:auto_generated|ram_block1a4~porta_we_reg ; raster_clk   ; raster_clk  ; 1.000        ; 0.293      ; 15.753     ;
; -14.419 ; rasterizer:u_rasterizer|y1[1]        ; screen_mem:u_screen_mem|altsyncram:mem_rtl_0|altsyncram_iig1:auto_generated|ram_block1a4~porta_we_reg ; raster_clk   ; raster_clk  ; 1.000        ; 0.291      ; 15.749     ;
; -14.417 ; rasterizer:u_rasterizer|x1[3]        ; screen_mem:u_screen_mem|altsyncram:mem_rtl_0|altsyncram_iig1:auto_generated|ram_block1a4~porta_we_reg ; raster_clk   ; raster_clk  ; 1.000        ; 0.296      ; 15.752     ;
; -14.413 ; rasterizer:u_rasterizer|x1[0]        ; screen_mem:u_screen_mem|altsyncram:mem_rtl_0|altsyncram_iig1:auto_generated|ram_block1a7~porta_we_reg ; raster_clk   ; raster_clk  ; 1.000        ; 0.294      ; 15.746     ;
; -14.411 ; rasterizer:u_rasterizer|x1[0]        ; screen_mem:u_screen_mem|altsyncram:mem_rtl_0|altsyncram_iig1:auto_generated|ram_block1a3~porta_we_reg ; raster_clk   ; raster_clk  ; 1.000        ; 0.291      ; 15.741     ;
; -14.406 ; rasterizer:u_rasterizer|y3[1]        ; screen_mem:u_screen_mem|altsyncram:mem_rtl_0|altsyncram_iig1:auto_generated|ram_block1a1~porta_we_reg ; raster_clk   ; raster_clk  ; 1.000        ; 0.288      ; 15.733     ;
; -14.405 ; rasterizer:u_rasterizer|y3[5]        ; screen_mem:u_screen_mem|altsyncram:mem_rtl_0|altsyncram_iig1:auto_generated|ram_block1a1~porta_we_reg ; raster_clk   ; raster_clk  ; 1.000        ; 0.288      ; 15.732     ;
; -14.402 ; rasterizer:u_rasterizer|x2[1]        ; screen_mem:u_screen_mem|altsyncram:mem_rtl_0|altsyncram_iig1:auto_generated|ram_block1a7~porta_we_reg ; raster_clk   ; raster_clk  ; 1.000        ; 0.294      ; 15.735     ;
; -14.400 ; rasterizer:u_rasterizer|x2[1]        ; screen_mem:u_screen_mem|altsyncram:mem_rtl_0|altsyncram_iig1:auto_generated|ram_block1a3~porta_we_reg ; raster_clk   ; raster_clk  ; 1.000        ; 0.291      ; 15.730     ;
; -14.397 ; rasterizer:u_rasterizer|y2[2]        ; screen_mem:u_screen_mem|altsyncram:mem_rtl_0|altsyncram_iig1:auto_generated|ram_block1a4~porta_we_reg ; raster_clk   ; raster_clk  ; 1.000        ; 0.290      ; 15.726     ;
; -14.393 ; rasterizer:u_rasterizer|y3[1]        ; screen_mem:u_screen_mem|altsyncram:mem_rtl_0|altsyncram_iig1:auto_generated|ram_block1a6~porta_we_reg ; raster_clk   ; raster_clk  ; 1.000        ; 0.293      ; 15.725     ;
; -14.392 ; rasterizer:u_rasterizer|y3[5]        ; screen_mem:u_screen_mem|altsyncram:mem_rtl_0|altsyncram_iig1:auto_generated|ram_block1a6~porta_we_reg ; raster_clk   ; raster_clk  ; 1.000        ; 0.293      ; 15.724     ;
; -14.391 ; rasterizer:u_rasterizer|x2[3]        ; screen_mem:u_screen_mem|altsyncram:mem_rtl_0|altsyncram_iig1:auto_generated|ram_block1a2~porta_we_reg ; raster_clk   ; raster_clk  ; 1.000        ; 0.282      ; 15.712     ;
; -14.379 ; rasterizer:u_rasterizer|x1[0]        ; screen_mem:u_screen_mem|altsyncram:mem_rtl_0|altsyncram_iig1:auto_generated|ram_block1a1~porta_we_reg ; raster_clk   ; raster_clk  ; 1.000        ; 0.304      ; 15.722     ;
; -14.378 ; rasterizer:u_rasterizer|x2[1]        ; screen_mem:u_screen_mem|altsyncram:mem_rtl_0|altsyncram_iig1:auto_generated|ram_block1a1~porta_we_reg ; raster_clk   ; raster_clk  ; 1.000        ; 0.294      ; 15.711     ;
; -14.376 ; rasterizer:u_rasterizer|x1[0]        ; screen_mem:u_screen_mem|altsyncram:mem_rtl_0|altsyncram_iig1:auto_generated|ram_block1a6~porta_we_reg ; raster_clk   ; raster_clk  ; 1.000        ; 0.299      ; 15.714     ;
; -14.372 ; rasterizer:u_rasterizer|x2[0]        ; screen_mem:u_screen_mem|altsyncram:mem_rtl_0|altsyncram_iig1:auto_generated|ram_block1a4~porta_we_reg ; raster_clk   ; raster_clk  ; 1.000        ; 0.294      ; 15.705     ;
; -14.369 ; rasterizer:u_rasterizer|y3[1]        ; screen_mem:u_screen_mem|altsyncram:mem_rtl_0|altsyncram_iig1:auto_generated|ram_block1a0~porta_we_reg ; raster_clk   ; raster_clk  ; 1.000        ; 0.293      ; 15.701     ;
; -14.368 ; rasterizer:u_rasterizer|x1[6]        ; screen_mem:u_screen_mem|altsyncram:mem_rtl_0|altsyncram_iig1:auto_generated|ram_block1a2~porta_we_reg ; raster_clk   ; raster_clk  ; 1.000        ; 0.292      ; 15.699     ;
; -14.368 ; rasterizer:u_rasterizer|y3[5]        ; screen_mem:u_screen_mem|altsyncram:mem_rtl_0|altsyncram_iig1:auto_generated|ram_block1a0~porta_we_reg ; raster_clk   ; raster_clk  ; 1.000        ; 0.293      ; 15.700     ;
; -14.367 ; rasterizer:u_rasterizer|x3[1]        ; screen_mem:u_screen_mem|altsyncram:mem_rtl_0|altsyncram_iig1:auto_generated|ram_block1a4~porta_we_reg ; raster_clk   ; raster_clk  ; 1.000        ; 0.295      ; 15.701     ;
; -14.365 ; rasterizer:u_rasterizer|x2[1]        ; screen_mem:u_screen_mem|altsyncram:mem_rtl_0|altsyncram_iig1:auto_generated|ram_block1a6~porta_we_reg ; raster_clk   ; raster_clk  ; 1.000        ; 0.299      ; 15.703     ;
; -14.363 ; rasterizer:u_rasterizer|y3[0]        ; screen_mem:u_screen_mem|altsyncram:mem_rtl_0|altsyncram_iig1:auto_generated|ram_block1a4~porta_we_reg ; raster_clk   ; raster_clk  ; 1.000        ; 0.291      ; 15.693     ;
; -14.361 ; rasterizer:u_rasterizer|x2[3]        ; screen_mem:u_screen_mem|altsyncram:mem_rtl_0|altsyncram_iig1:auto_generated|ram_block1a7~porta_we_reg ; raster_clk   ; raster_clk  ; 1.000        ; 0.294      ; 15.694     ;
; -14.359 ; rasterizer:u_rasterizer|x2[3]        ; screen_mem:u_screen_mem|altsyncram:mem_rtl_0|altsyncram_iig1:auto_generated|ram_block1a3~porta_we_reg ; raster_clk   ; raster_clk  ; 1.000        ; 0.291      ; 15.689     ;
; -14.358 ; rasterizer:u_rasterizer|y3[1]        ; screen_mem:u_screen_mem|altsyncram:mem_rtl_0|altsyncram_iig1:auto_generated|ram_block1a5~porta_we_reg ; raster_clk   ; raster_clk  ; 1.000        ; 0.291      ; 15.688     ;
; -14.357 ; rasterizer:u_rasterizer|y3[5]        ; screen_mem:u_screen_mem|altsyncram:mem_rtl_0|altsyncram_iig1:auto_generated|ram_block1a5~porta_we_reg ; raster_clk   ; raster_clk  ; 1.000        ; 0.291      ; 15.687     ;
; -14.352 ; rasterizer:u_rasterizer|x1[0]        ; screen_mem:u_screen_mem|altsyncram:mem_rtl_0|altsyncram_iig1:auto_generated|ram_block1a0~porta_we_reg ; raster_clk   ; raster_clk  ; 1.000        ; 0.299      ; 15.690     ;
; -14.352 ; rasterizer:u_rasterizer|current_y[5] ; screen_mem:u_screen_mem|altsyncram:mem_rtl_0|altsyncram_iig1:auto_generated|ram_block1a4~porta_we_reg ; raster_clk   ; raster_clk  ; 1.000        ; 0.293      ; 15.684     ;
; -14.349 ; rasterizer:u_rasterizer|x2[7]        ; screen_mem:u_screen_mem|altsyncram:mem_rtl_0|altsyncram_iig1:auto_generated|ram_block1a4~porta_we_reg ; raster_clk   ; raster_clk  ; 1.000        ; 0.296      ; 15.684     ;
; -14.348 ; rasterizer:u_rasterizer|x1[6]        ; screen_mem:u_screen_mem|altsyncram:mem_rtl_0|altsyncram_iig1:auto_generated|ram_block1a7~porta_we_reg ; raster_clk   ; raster_clk  ; 1.000        ; 0.294      ; 15.681     ;
; -14.348 ; rasterizer:u_rasterizer|current_y[2] ; screen_mem:u_screen_mem|altsyncram:mem_rtl_0|altsyncram_iig1:auto_generated|ram_block1a4~porta_we_reg ; raster_clk   ; raster_clk  ; 1.000        ; 0.292      ; 15.679     ;
; -14.346 ; rasterizer:u_rasterizer|x1[6]        ; screen_mem:u_screen_mem|altsyncram:mem_rtl_0|altsyncram_iig1:auto_generated|ram_block1a3~porta_we_reg ; raster_clk   ; raster_clk  ; 1.000        ; 0.291      ; 15.676     ;
; -14.342 ; rasterizer:u_rasterizer|current_x[2] ; screen_mem:u_screen_mem|altsyncram:mem_rtl_0|altsyncram_iig1:auto_generated|ram_block1a4~porta_we_reg ; raster_clk   ; raster_clk  ; 1.000        ; 0.294      ; 15.675     ;
; -14.341 ; rasterizer:u_rasterizer|x1[0]        ; screen_mem:u_screen_mem|altsyncram:mem_rtl_0|altsyncram_iig1:auto_generated|ram_block1a5~porta_we_reg ; raster_clk   ; raster_clk  ; 1.000        ; 0.297      ; 15.677     ;
; -14.341 ; rasterizer:u_rasterizer|x2[1]        ; screen_mem:u_screen_mem|altsyncram:mem_rtl_0|altsyncram_iig1:auto_generated|ram_block1a0~porta_we_reg ; raster_clk   ; raster_clk  ; 1.000        ; 0.299      ; 15.679     ;
; -14.340 ; rasterizer:u_rasterizer|current_y[1] ; screen_mem:u_screen_mem|altsyncram:mem_rtl_0|altsyncram_iig1:auto_generated|ram_block1a4~porta_we_reg ; raster_clk   ; raster_clk  ; 1.000        ; 0.292      ; 15.671     ;
; -14.338 ; rasterizer:u_rasterizer|y2[6]        ; screen_mem:u_screen_mem|altsyncram:mem_rtl_0|altsyncram_iig1:auto_generated|ram_block1a4~porta_we_reg ; raster_clk   ; raster_clk  ; 1.000        ; 0.290      ; 15.667     ;
; -14.337 ; rasterizer:u_rasterizer|x2[3]        ; screen_mem:u_screen_mem|altsyncram:mem_rtl_0|altsyncram_iig1:auto_generated|ram_block1a1~porta_we_reg ; raster_clk   ; raster_clk  ; 1.000        ; 0.294      ; 15.670     ;
; -14.330 ; rasterizer:u_rasterizer|x2[1]        ; screen_mem:u_screen_mem|altsyncram:mem_rtl_0|altsyncram_iig1:auto_generated|ram_block1a5~porta_we_reg ; raster_clk   ; raster_clk  ; 1.000        ; 0.297      ; 15.666     ;
; -14.329 ; rasterizer:u_rasterizer|y3[7]        ; screen_mem:u_screen_mem|altsyncram:mem_rtl_0|altsyncram_iig1:auto_generated|ram_block1a4~porta_we_reg ; raster_clk   ; raster_clk  ; 1.000        ; 0.290      ; 15.658     ;
; -14.325 ; rasterizer:u_rasterizer|y1[2]        ; screen_mem:u_screen_mem|altsyncram:mem_rtl_0|altsyncram_iig1:auto_generated|ram_block1a4~porta_we_reg ; raster_clk   ; raster_clk  ; 1.000        ; 0.289      ; 15.653     ;
; -14.324 ; rasterizer:u_rasterizer|x2[3]        ; screen_mem:u_screen_mem|altsyncram:mem_rtl_0|altsyncram_iig1:auto_generated|ram_block1a6~porta_we_reg ; raster_clk   ; raster_clk  ; 1.000        ; 0.299      ; 15.662     ;
; -14.316 ; rasterizer:u_rasterizer|y3[4]        ; screen_mem:u_screen_mem|altsyncram:mem_rtl_0|altsyncram_iig1:auto_generated|ram_block1a4~porta_we_reg ; raster_clk   ; raster_clk  ; 1.000        ; 0.291      ; 15.646     ;
; -14.314 ; rasterizer:u_rasterizer|x1[6]        ; screen_mem:u_screen_mem|altsyncram:mem_rtl_0|altsyncram_iig1:auto_generated|ram_block1a1~porta_we_reg ; raster_clk   ; raster_clk  ; 1.000        ; 0.304      ; 15.657     ;
; -14.311 ; rasterizer:u_rasterizer|x1[6]        ; screen_mem:u_screen_mem|altsyncram:mem_rtl_0|altsyncram_iig1:auto_generated|ram_block1a6~porta_we_reg ; raster_clk   ; raster_clk  ; 1.000        ; 0.299      ; 15.649     ;
; -14.308 ; rasterizer:u_rasterizer|current_y[6] ; screen_mem:u_screen_mem|altsyncram:mem_rtl_0|altsyncram_iig1:auto_generated|ram_block1a4~porta_we_reg ; raster_clk   ; raster_clk  ; 1.000        ; 0.293      ; 15.640     ;
; -14.305 ; rasterizer:u_rasterizer|x3[0]        ; screen_mem:u_screen_mem|altsyncram:mem_rtl_0|altsyncram_iig1:auto_generated|ram_block1a4~porta_we_reg ; raster_clk   ; raster_clk  ; 1.000        ; 0.295      ; 15.639     ;
; -14.300 ; rasterizer:u_rasterizer|x2[3]        ; screen_mem:u_screen_mem|altsyncram:mem_rtl_0|altsyncram_iig1:auto_generated|ram_block1a0~porta_we_reg ; raster_clk   ; raster_clk  ; 1.000        ; 0.299      ; 15.638     ;
; -14.295 ; rasterizer:u_rasterizer|x1[8]        ; screen_mem:u_screen_mem|altsyncram:mem_rtl_0|altsyncram_iig1:auto_generated|ram_block1a4~porta_we_reg ; raster_clk   ; raster_clk  ; 1.000        ; 0.296      ; 15.630     ;
; -14.290 ; rasterizer:u_rasterizer|y1[3]        ; screen_mem:u_screen_mem|altsyncram:mem_rtl_0|altsyncram_iig1:auto_generated|ram_block1a4~porta_we_reg ; raster_clk   ; raster_clk  ; 1.000        ; 0.291      ; 15.620     ;
; -14.289 ; rasterizer:u_rasterizer|x2[3]        ; screen_mem:u_screen_mem|altsyncram:mem_rtl_0|altsyncram_iig1:auto_generated|ram_block1a5~porta_we_reg ; raster_clk   ; raster_clk  ; 1.000        ; 0.297      ; 15.625     ;
; -14.287 ; rasterizer:u_rasterizer|x1[6]        ; screen_mem:u_screen_mem|altsyncram:mem_rtl_0|altsyncram_iig1:auto_generated|ram_block1a0~porta_we_reg ; raster_clk   ; raster_clk  ; 1.000        ; 0.299      ; 15.625     ;
; -14.281 ; rasterizer:u_rasterizer|current_x[1] ; screen_mem:u_screen_mem|altsyncram:mem_rtl_0|altsyncram_iig1:auto_generated|ram_block1a4~porta_we_reg ; raster_clk   ; raster_clk  ; 1.000        ; 0.294      ; 15.614     ;
; -14.277 ; rasterizer:u_rasterizer|x1[2]        ; screen_mem:u_screen_mem|altsyncram:mem_rtl_0|altsyncram_iig1:auto_generated|ram_block1a2~porta_we_reg ; raster_clk   ; raster_clk  ; 1.000        ; 0.292      ; 15.608     ;
; -14.276 ; rasterizer:u_rasterizer|x1[6]        ; screen_mem:u_screen_mem|altsyncram:mem_rtl_0|altsyncram_iig1:auto_generated|ram_block1a5~porta_we_reg ; raster_clk   ; raster_clk  ; 1.000        ; 0.297      ; 15.612     ;
; -14.266 ; rasterizer:u_rasterizer|y3[3]        ; screen_mem:u_screen_mem|altsyncram:mem_rtl_0|altsyncram_iig1:auto_generated|ram_block1a2~porta_we_reg ; raster_clk   ; raster_clk  ; 1.000        ; 0.276      ; 15.581     ;
; -14.265 ; rasterizer:u_rasterizer|current_y[3] ; screen_mem:u_screen_mem|altsyncram:mem_rtl_0|altsyncram_iig1:auto_generated|ram_block1a4~porta_we_reg ; raster_clk   ; raster_clk  ; 1.000        ; 0.292      ; 15.596     ;
; -14.257 ; rasterizer:u_rasterizer|x1[2]        ; screen_mem:u_screen_mem|altsyncram:mem_rtl_0|altsyncram_iig1:auto_generated|ram_block1a7~porta_we_reg ; raster_clk   ; raster_clk  ; 1.000        ; 0.294      ; 15.590     ;
; -14.255 ; rasterizer:u_rasterizer|x1[2]        ; screen_mem:u_screen_mem|altsyncram:mem_rtl_0|altsyncram_iig1:auto_generated|ram_block1a3~porta_we_reg ; raster_clk   ; raster_clk  ; 1.000        ; 0.291      ; 15.585     ;
; -14.241 ; rasterizer:u_rasterizer|current_y[7] ; screen_mem:u_screen_mem|altsyncram:mem_rtl_0|altsyncram_iig1:auto_generated|ram_block1a4~porta_we_reg ; raster_clk   ; raster_clk  ; 1.000        ; 0.293      ; 15.573     ;
; -14.236 ; rasterizer:u_rasterizer|y3[3]        ; screen_mem:u_screen_mem|altsyncram:mem_rtl_0|altsyncram_iig1:auto_generated|ram_block1a7~porta_we_reg ; raster_clk   ; raster_clk  ; 1.000        ; 0.288      ; 15.563     ;
; -14.234 ; rasterizer:u_rasterizer|y3[3]        ; screen_mem:u_screen_mem|altsyncram:mem_rtl_0|altsyncram_iig1:auto_generated|ram_block1a3~porta_we_reg ; raster_clk   ; raster_clk  ; 1.000        ; 0.285      ; 15.558     ;
; -14.229 ; rasterizer:u_rasterizer|x1[5]        ; screen_mem:u_screen_mem|altsyncram:mem_rtl_0|altsyncram_iig1:auto_generated|ram_block1a4~porta_we_reg ; raster_clk   ; raster_clk  ; 1.000        ; 0.296      ; 15.564     ;
; -14.228 ; rasterizer:u_rasterizer|y3[2]        ; screen_mem:u_screen_mem|altsyncram:mem_rtl_0|altsyncram_iig1:auto_generated|ram_block1a4~porta_we_reg ; raster_clk   ; raster_clk  ; 1.000        ; 0.291      ; 15.558     ;
; -14.223 ; rasterizer:u_rasterizer|x1[2]        ; screen_mem:u_screen_mem|altsyncram:mem_rtl_0|altsyncram_iig1:auto_generated|ram_block1a1~porta_we_reg ; raster_clk   ; raster_clk  ; 1.000        ; 0.304      ; 15.566     ;
; -14.220 ; rasterizer:u_rasterizer|x1[2]        ; screen_mem:u_screen_mem|altsyncram:mem_rtl_0|altsyncram_iig1:auto_generated|ram_block1a6~porta_we_reg ; raster_clk   ; raster_clk  ; 1.000        ; 0.299      ; 15.558     ;
; -14.220 ; rasterizer:u_rasterizer|x3[3]        ; screen_mem:u_screen_mem|altsyncram:mem_rtl_0|altsyncram_iig1:auto_generated|ram_block1a4~porta_we_reg ; raster_clk   ; raster_clk  ; 1.000        ; 0.295      ; 15.554     ;
; -14.219 ; rasterizer:u_rasterizer|y2[1]        ; screen_mem:u_screen_mem|altsyncram:mem_rtl_0|altsyncram_iig1:auto_generated|ram_block1a4~porta_we_reg ; raster_clk   ; raster_clk  ; 1.000        ; 0.293      ; 15.551     ;
; -14.217 ; rasterizer:u_rasterizer|x3[4]        ; screen_mem:u_screen_mem|altsyncram:mem_rtl_0|altsyncram_iig1:auto_generated|ram_block1a4~porta_we_reg ; raster_clk   ; raster_clk  ; 1.000        ; 0.295      ; 15.551     ;
; -14.212 ; rasterizer:u_rasterizer|y3[3]        ; screen_mem:u_screen_mem|altsyncram:mem_rtl_0|altsyncram_iig1:auto_generated|ram_block1a1~porta_we_reg ; raster_clk   ; raster_clk  ; 1.000        ; 0.288      ; 15.539     ;
; -14.208 ; rasterizer:u_rasterizer|y2[4]        ; screen_mem:u_screen_mem|altsyncram:mem_rtl_0|altsyncram_iig1:auto_generated|ram_block1a2~porta_we_reg ; raster_clk   ; raster_clk  ; 1.000        ; 0.276      ; 15.523     ;
; -14.208 ; rasterizer:u_rasterizer|x2[2]        ; screen_mem:u_screen_mem|altsyncram:mem_rtl_0|altsyncram_iig1:auto_generated|ram_block1a2~porta_we_reg ; raster_clk   ; raster_clk  ; 1.000        ; 0.280      ; 15.527     ;
; -14.199 ; rasterizer:u_rasterizer|y3[3]        ; screen_mem:u_screen_mem|altsyncram:mem_rtl_0|altsyncram_iig1:auto_generated|ram_block1a6~porta_we_reg ; raster_clk   ; raster_clk  ; 1.000        ; 0.293      ; 15.531     ;
; -14.198 ; rasterizer:u_rasterizer|x3[2]        ; screen_mem:u_screen_mem|altsyncram:mem_rtl_0|altsyncram_iig1:auto_generated|ram_block1a4~porta_we_reg ; raster_clk   ; raster_clk  ; 1.000        ; 0.295      ; 15.532     ;
; -14.196 ; rasterizer:u_rasterizer|x1[2]        ; screen_mem:u_screen_mem|altsyncram:mem_rtl_0|altsyncram_iig1:auto_generated|ram_block1a0~porta_we_reg ; raster_clk   ; raster_clk  ; 1.000        ; 0.299      ; 15.534     ;
+---------+--------------------------------------+-------------------------------------------------------------------------------------------------------+--------------+-------------+--------------+------------+------------+


+---------------------------------------------------------------------------------------------------------------------------------------------------------------------------------------------------------------------------------------------+
; Slow 1200mV 0C Model Hold: 'raster_clk'                                                                                                                                                                                                     ;
+-------+-------------------------------------------------+-------------------------------------------------------------------------------------------------------------+--------------+-------------+--------------+------------+------------+
; Slack ; From Node                                       ; To Node                                                                                                     ; Launch Clock ; Latch Clock ; Relationship ; Clock Skew ; Data Delay ;
+-------+-------------------------------------------------+-------------------------------------------------------------------------------------------------------------+--------------+-------------+--------------+------------+------------+
; 0.401 ; rasterizer:u_rasterizer|current_state.IDLE      ; rasterizer:u_rasterizer|current_state.IDLE                                                                  ; raster_clk   ; raster_clk  ; 0.000        ; 0.073      ; 0.669      ;
; 0.401 ; rasterizer:u_rasterizer|current_state.RASTERIZE ; rasterizer:u_rasterizer|current_state.RASTERIZE                                                             ; raster_clk   ; raster_clk  ; 0.000        ; 0.073      ; 0.669      ;
; 0.401 ; rasterizer:u_rasterizer|current_state.BOX       ; rasterizer:u_rasterizer|current_state.BOX                                                                   ; raster_clk   ; raster_clk  ; 0.000        ; 0.073      ; 0.669      ;
; 0.401 ; rasterizer:u_rasterizer|box_count               ; rasterizer:u_rasterizer|box_count                                                                           ; raster_clk   ; raster_clk  ; 0.000        ; 0.073      ; 0.669      ;
; 0.402 ; rasterizer:u_rasterizer|current_y[9]            ; rasterizer:u_rasterizer|current_y[9]                                                                        ; raster_clk   ; raster_clk  ; 0.000        ; 0.072      ; 0.669      ;
; 0.402 ; rasterizer:u_rasterizer|current_x[9]            ; rasterizer:u_rasterizer|current_x[9]                                                                        ; raster_clk   ; raster_clk  ; 0.000        ; 0.072      ; 0.669      ;
; 0.416 ; rasterizer:u_rasterizer|current_state.DONE      ; rasterizer:u_rasterizer|current_state.DONE                                                                  ; raster_clk   ; raster_clk  ; 0.000        ; 0.073      ; 0.684      ;
; 0.501 ; rasterizer:u_rasterizer|current_state.RASTERIZE ; rasterizer:u_rasterizer|box_count                                                                           ; raster_clk   ; raster_clk  ; 0.000        ; 0.073      ; 0.769      ;
; 0.562 ; rd_addr[6]                                      ; rd_addr[7]                                                                                                  ; raster_clk   ; raster_clk  ; 0.000        ; 0.538      ; 1.295      ;
; 0.577 ; rd_addr[6]                                      ; rd_addr[8]                                                                                                  ; raster_clk   ; raster_clk  ; 0.000        ; 0.539      ; 1.311      ;
; 0.683 ; rd_addr[6]                                      ; rd_addr[9]                                                                                                  ; raster_clk   ; raster_clk  ; 0.000        ; 0.539      ; 1.417      ;
; 0.685 ; rd_addr[15]                                     ; rd_addr[15]                                                                                                 ; raster_clk   ; raster_clk  ; 0.000        ; 0.092      ; 0.972      ;
; 0.686 ; rd_addr[3]                                      ; rd_addr[3]                                                                                                  ; raster_clk   ; raster_clk  ; 0.000        ; 0.092      ; 0.973      ;
; 0.688 ; rd_addr[14]                                     ; rd_addr[14]                                                                                                 ; raster_clk   ; raster_clk  ; 0.000        ; 0.092      ; 0.975      ;
; 0.688 ; rd_addr[1]                                      ; rd_addr[1]                                                                                                  ; raster_clk   ; raster_clk  ; 0.000        ; 0.092      ; 0.975      ;
; 0.690 ; rd_addr[8]                                      ; rd_addr[8]                                                                                                  ; raster_clk   ; raster_clk  ; 0.000        ; 0.092      ; 0.977      ;
; 0.692 ; rd_addr[5]                                      ; rd_addr[5]                                                                                                  ; raster_clk   ; raster_clk  ; 0.000        ; 0.092      ; 0.979      ;
; 0.697 ; rd_addr[4]                                      ; rd_addr[4]                                                                                                  ; raster_clk   ; raster_clk  ; 0.000        ; 0.092      ; 0.984      ;
; 0.699 ; rd_addr[12]                                     ; rd_addr[12]                                                                                                 ; raster_clk   ; raster_clk  ; 0.000        ; 0.092      ; 0.986      ;
; 0.707 ; rd_addr[7]                                      ; rd_addr[7]                                                                                                  ; raster_clk   ; raster_clk  ; 0.000        ; 0.092      ; 0.994      ;
; 0.709 ; rd_addr[6]                                      ; rd_addr[6]                                                                                                  ; raster_clk   ; raster_clk  ; 0.000        ; 0.073      ; 0.977      ;
; 0.710 ; rd_addr[9]                                      ; rd_addr[9]                                                                                                  ; raster_clk   ; raster_clk  ; 0.000        ; 0.092      ; 0.997      ;
; 0.713 ; rd_addr[2]                                      ; rd_addr[2]                                                                                                  ; raster_clk   ; raster_clk  ; 0.000        ; 0.092      ; 1.000      ;
; 0.716 ; rd_addr[0]                                      ; rd_addr[0]                                                                                                  ; raster_clk   ; raster_clk  ; 0.000        ; 0.092      ; 1.003      ;
; 0.723 ; rasterizer:u_rasterizer|current_state.BOX       ; rasterizer:u_rasterizer|box_count                                                                           ; raster_clk   ; raster_clk  ; 0.000        ; 0.073      ; 0.991      ;
; 0.740 ; rasterizer:u_rasterizer|current_x[0]            ; screen_mem:u_screen_mem|altsyncram:mem_rtl_0|altsyncram_iig1:auto_generated|ram_block1a0~porta_address_reg0 ; raster_clk   ; raster_clk  ; 0.000        ; 0.438      ; 1.408      ;
; 0.752 ; rasterizer:u_rasterizer|current_x[2]            ; screen_mem:u_screen_mem|altsyncram:mem_rtl_0|altsyncram_iig1:auto_generated|ram_block1a6~porta_address_reg0 ; raster_clk   ; raster_clk  ; 0.000        ; 0.439      ; 1.421      ;
; 0.762 ; rd_addr[6]                                      ; screen_mem:u_screen_mem|altsyncram:mem_rtl_0|altsyncram_iig1:auto_generated|ram_block1a0~portb_address_reg0 ; raster_clk   ; raster_clk  ; 0.000        ; 0.417      ; 1.409      ;
; 0.779 ; rasterizer:u_rasterizer|current_state.DONE      ; rasterizer:u_rasterizer|current_state.IDLE                                                                  ; raster_clk   ; raster_clk  ; 0.000        ; 0.073      ; 1.047      ;
; 0.783 ; rd_addr[6]                                      ; screen_mem:u_screen_mem|altsyncram:mem_rtl_0|altsyncram_iig1:auto_generated|ram_block1a9~portb_address_reg0 ; raster_clk   ; raster_clk  ; 0.000        ; 0.418      ; 1.431      ;
; 0.786 ; rasterizer:u_rasterizer|current_state.DONE      ; rasterizer:u_rasterizer|current_state.RASTERIZE                                                             ; raster_clk   ; raster_clk  ; 0.000        ; 0.073      ; 1.054      ;
; 0.788 ; rasterizer:u_rasterizer|current_state.DONE      ; rasterizer:u_rasterizer|current_state.BOX                                                                   ; raster_clk   ; raster_clk  ; 0.000        ; 0.073      ; 1.056      ;
; 0.791 ; rd_addr[16]                                     ; rd_addr[16]                                                                                                 ; raster_clk   ; raster_clk  ; 0.000        ; 0.092      ; 1.078      ;
; 0.806 ; rasterizer:u_rasterizer|current_x[4]            ; screen_mem:u_screen_mem|altsyncram:mem_rtl_0|altsyncram_iig1:auto_generated|ram_block1a0~porta_address_reg0 ; raster_clk   ; raster_clk  ; 0.000        ; 0.439      ; 1.475      ;
; 0.809 ; rd_addr[6]                                      ; screen_mem:u_screen_mem|altsyncram:mem_rtl_0|altsyncram_iig1:auto_generated|ram_block1a6~portb_address_reg0 ; raster_clk   ; raster_clk  ; 0.000        ; 0.418      ; 1.457      ;
; 0.809 ; rd_addr[6]                                      ; screen_mem:u_screen_mem|altsyncram:mem_rtl_0|altsyncram_iig1:auto_generated|ram_block1a4~portb_address_reg0 ; raster_clk   ; raster_clk  ; 0.000        ; 0.414      ; 1.453      ;
; 0.818 ; rd_addr[6]                                      ; screen_mem:u_screen_mem|altsyncram:mem_rtl_0|altsyncram_iig1:auto_generated|ram_block1a3~portb_address_reg0 ; raster_clk   ; raster_clk  ; 0.000        ; 0.409      ; 1.457      ;
; 0.821 ; rd_addr[6]                                      ; rd_addr[12]                                                                                                 ; raster_clk   ; raster_clk  ; 0.000        ; 0.539      ; 1.555      ;
; 0.828 ; rd_addr[6]                                      ; screen_mem:u_screen_mem|altsyncram:mem_rtl_0|altsyncram_iig1:auto_generated|ram_block1a8~portb_address_reg0 ; raster_clk   ; raster_clk  ; 0.000        ; 0.406      ; 1.464      ;
; 0.874 ; rd_addr[7]                                      ; screen_mem:u_screen_mem|altsyncram:mem_rtl_0|altsyncram_iig1:auto_generated|ram_block1a5~portb_address_reg0 ; raster_clk   ; raster_clk  ; 0.000        ; -0.030     ; 1.074      ;
; 0.877 ; rd_addr[0]                                      ; screen_mem:u_screen_mem|altsyncram:mem_rtl_0|altsyncram_iig1:auto_generated|ram_block1a5~portb_address_reg0 ; raster_clk   ; raster_clk  ; 0.000        ; -0.030     ; 1.077      ;
; 0.892 ; rd_addr[11]                                     ; screen_mem:u_screen_mem|altsyncram:mem_rtl_0|altsyncram_iig1:auto_generated|ram_block1a6~portb_address_reg0 ; raster_clk   ; raster_clk  ; 0.000        ; -0.029     ; 1.093      ;
; 0.902 ; rd_addr[1]                                      ; screen_mem:u_screen_mem|altsyncram:mem_rtl_0|altsyncram_iig1:auto_generated|ram_block1a5~portb_address_reg0 ; raster_clk   ; raster_clk  ; 0.000        ; -0.030     ; 1.102      ;
; 0.908 ; rasterizer:u_rasterizer|current_x[3]            ; screen_mem:u_screen_mem|altsyncram:mem_rtl_0|altsyncram_iig1:auto_generated|ram_block1a8~porta_address_reg0 ; raster_clk   ; raster_clk  ; 0.000        ; 0.427      ; 1.565      ;
; 0.913 ; rd_addr[11]                                     ; screen_mem:u_screen_mem|altsyncram:mem_rtl_0|altsyncram_iig1:auto_generated|ram_block1a0~portb_address_reg0 ; raster_clk   ; raster_clk  ; 0.000        ; -0.030     ; 1.113      ;
; 0.916 ; rasterizer:u_rasterizer|current_x[3]            ; screen_mem:u_screen_mem|altsyncram:mem_rtl_0|altsyncram_iig1:auto_generated|ram_block1a2~porta_address_reg0 ; raster_clk   ; raster_clk  ; 0.000        ; 0.431      ; 1.577      ;
; 0.918 ; rd_addr[4]                                      ; screen_mem:u_screen_mem|altsyncram:mem_rtl_0|altsyncram_iig1:auto_generated|ram_block1a5~portb_address_reg0 ; raster_clk   ; raster_clk  ; 0.000        ; -0.030     ; 1.118      ;
; 0.923 ; rd_addr[3]                                      ; screen_mem:u_screen_mem|altsyncram:mem_rtl_0|altsyncram_iig1:auto_generated|ram_block1a5~portb_address_reg0 ; raster_clk   ; raster_clk  ; 0.000        ; -0.030     ; 1.123      ;
; 0.929 ; rd_addr[9]                                      ; screen_mem:u_screen_mem|altsyncram:mem_rtl_0|altsyncram_iig1:auto_generated|ram_block1a0~portb_address_reg0 ; raster_clk   ; raster_clk  ; 0.000        ; -0.030     ; 1.129      ;
; 0.943 ; rd_addr[6]                                      ; rd_addr[14]                                                                                                 ; raster_clk   ; raster_clk  ; 0.000        ; 0.539      ; 1.677      ;
; 0.948 ; rasterizer:u_rasterizer|current_state.DONE      ; rasterizer:u_rasterizer|box_count                                                                           ; raster_clk   ; raster_clk  ; 0.000        ; 0.073      ; 1.216      ;
; 0.949 ; rd_addr[10]                                     ; screen_mem:u_screen_mem|altsyncram:mem_rtl_0|altsyncram_iig1:auto_generated|ram_block1a0~portb_address_reg0 ; raster_clk   ; raster_clk  ; 0.000        ; -0.030     ; 1.149      ;
; 0.974 ; rasterizer:u_rasterizer|current_state.IDLE      ; rasterizer:u_rasterizer|current_state.RASTERIZE                                                             ; raster_clk   ; raster_clk  ; 0.000        ; 0.073      ; 1.242      ;
; 0.974 ; rasterizer:u_rasterizer|current_state.IDLE      ; rasterizer:u_rasterizer|current_state.BOX                                                                   ; raster_clk   ; raster_clk  ; 0.000        ; 0.073      ; 1.242      ;
; 0.984 ; rd_addr[5]                                      ; screen_mem:u_screen_mem|altsyncram:mem_rtl_0|altsyncram_iig1:auto_generated|ram_block1a5~portb_address_reg0 ; raster_clk   ; raster_clk  ; 0.000        ; -0.030     ; 1.184      ;
; 0.985 ; rd_addr[8]                                      ; screen_mem:u_screen_mem|altsyncram:mem_rtl_0|altsyncram_iig1:auto_generated|ram_block1a0~portb_address_reg0 ; raster_clk   ; raster_clk  ; 0.000        ; -0.030     ; 1.185      ;
; 1.005 ; rd_addr[13]                                     ; rd_addr[14]                                                                                                 ; raster_clk   ; raster_clk  ; 0.000        ; 0.092      ; 1.292      ;
; 1.007 ; rd_addr[14]                                     ; rd_addr[15]                                                                                                 ; raster_clk   ; raster_clk  ; 0.000        ; 0.092      ; 1.294      ;
; 1.008 ; rd_addr[8]                                      ; rd_addr[9]                                                                                                  ; raster_clk   ; raster_clk  ; 0.000        ; 0.092      ; 1.295      ;
; 1.008 ; rd_addr[3]                                      ; rd_addr[4]                                                                                                  ; raster_clk   ; raster_clk  ; 0.000        ; 0.092      ; 1.295      ;
; 1.010 ; rd_addr[0]                                      ; rd_addr[1]                                                                                                  ; raster_clk   ; raster_clk  ; 0.000        ; 0.092      ; 1.297      ;
; 1.012 ; rd_addr[1]                                      ; rd_addr[2]                                                                                                  ; raster_clk   ; raster_clk  ; 0.000        ; 0.092      ; 1.299      ;
; 1.016 ; rd_addr[4]                                      ; rd_addr[5]                                                                                                  ; raster_clk   ; raster_clk  ; 0.000        ; 0.092      ; 1.303      ;
; 1.018 ; rd_addr[11]                                     ; rd_addr[12]                                                                                                 ; raster_clk   ; raster_clk  ; 0.000        ; 0.092      ; 1.305      ;
; 1.026 ; rd_addr[0]                                      ; rd_addr[2]                                                                                                  ; raster_clk   ; raster_clk  ; 0.000        ; 0.092      ; 1.313      ;
; 1.028 ; rd_addr[7]                                      ; rd_addr[8]                                                                                                  ; raster_clk   ; raster_clk  ; 0.000        ; 0.093      ; 1.316      ;
; 1.031 ; rd_addr[2]                                      ; rd_addr[3]                                                                                                  ; raster_clk   ; raster_clk  ; 0.000        ; 0.092      ; 1.318      ;
; 1.033 ; rd_addr[12]                                     ; rd_addr[14]                                                                                                 ; raster_clk   ; raster_clk  ; 0.000        ; 0.092      ; 1.320      ;
; 1.034 ; rd_addr[10]                                     ; rd_addr[12]                                                                                                 ; raster_clk   ; raster_clk  ; 0.000        ; 0.092      ; 1.321      ;
; 1.035 ; rasterizer:u_rasterizer|current_x[1]            ; screen_mem:u_screen_mem|altsyncram:mem_rtl_0|altsyncram_iig1:auto_generated|ram_block1a0~porta_address_reg0 ; raster_clk   ; raster_clk  ; 0.000        ; 0.438      ; 1.703      ;
; 1.047 ; rd_addr[2]                                      ; rd_addr[4]                                                                                                  ; raster_clk   ; raster_clk  ; 0.000        ; 0.092      ; 1.334      ;
; 1.048 ; rd_addr[13]                                     ; rd_addr[13]                                                                                                 ; raster_clk   ; raster_clk  ; 0.000        ; 0.092      ; 1.335      ;
; 1.049 ; rd_addr[6]                                      ; rd_addr[15]                                                                                                 ; raster_clk   ; raster_clk  ; 0.000        ; 0.539      ; 1.783      ;
; 1.054 ; rasterizer:u_rasterizer|current_x[0]            ; screen_mem:u_screen_mem|altsyncram:mem_rtl_0|altsyncram_iig1:auto_generated|ram_block1a6~porta_address_reg0 ; raster_clk   ; raster_clk  ; 0.000        ; 0.439      ; 1.723      ;
; 1.062 ; rasterizer:u_rasterizer|current_x[1]            ; screen_mem:u_screen_mem|altsyncram:mem_rtl_0|altsyncram_iig1:auto_generated|ram_block1a7~porta_address_reg0 ; raster_clk   ; raster_clk  ; 0.000        ; 0.433      ; 1.725      ;
; 1.063 ; rd_addr[11]                                     ; rd_addr[11]                                                                                                 ; raster_clk   ; raster_clk  ; 0.000        ; 0.092      ; 1.350      ;
; 1.068 ; rasterizer:u_rasterizer|current_x[0]            ; screen_mem:u_screen_mem|altsyncram:mem_rtl_0|altsyncram_iig1:auto_generated|ram_block1a1~porta_address_reg0 ; raster_clk   ; raster_clk  ; 0.000        ; 0.443      ; 1.741      ;
; 1.069 ; rd_addr[6]                                      ; screen_mem:u_screen_mem|altsyncram:mem_rtl_0|altsyncram_iig1:auto_generated|ram_block1a7~portb_address_reg0 ; raster_clk   ; raster_clk  ; 0.000        ; 0.412      ; 1.711      ;
; 1.073 ; rasterizer:u_rasterizer|current_x[1]            ; screen_mem:u_screen_mem|altsyncram:mem_rtl_0|altsyncram_iig1:auto_generated|ram_block1a5~porta_address_reg0 ; raster_clk   ; raster_clk  ; 0.000        ; 0.437      ; 1.740      ;
; 1.078 ; rasterizer:u_rasterizer|box_count               ; rasterizer:u_rasterizer|current_state.RASTERIZE                                                             ; raster_clk   ; raster_clk  ; 0.000        ; 0.073      ; 1.346      ;
; 1.080 ; rasterizer:u_rasterizer|current_x[2]            ; screen_mem:u_screen_mem|altsyncram:mem_rtl_0|altsyncram_iig1:auto_generated|ram_block1a1~porta_address_reg0 ; raster_clk   ; raster_clk  ; 0.000        ; 0.443      ; 1.753      ;
; 1.083 ; rasterizer:u_rasterizer|current_x[2]            ; screen_mem:u_screen_mem|altsyncram:mem_rtl_0|altsyncram_iig1:auto_generated|ram_block1a7~porta_address_reg0 ; raster_clk   ; raster_clk  ; 0.000        ; 0.433      ; 1.746      ;
; 1.085 ; rasterizer:u_rasterizer|current_x[0]            ; screen_mem:u_screen_mem|altsyncram:mem_rtl_0|altsyncram_iig1:auto_generated|ram_block1a5~porta_address_reg0 ; raster_clk   ; raster_clk  ; 0.000        ; 0.437      ; 1.752      ;
; 1.088 ; rasterizer:u_rasterizer|current_x[4]            ; screen_mem:u_screen_mem|altsyncram:mem_rtl_0|altsyncram_iig1:auto_generated|ram_block1a5~porta_address_reg0 ; raster_clk   ; raster_clk  ; 0.000        ; 0.438      ; 1.756      ;
; 1.088 ; rasterizer:u_rasterizer|current_x[0]            ; screen_mem:u_screen_mem|altsyncram:mem_rtl_0|altsyncram_iig1:auto_generated|ram_block1a7~porta_address_reg0 ; raster_clk   ; raster_clk  ; 0.000        ; 0.433      ; 1.751      ;
; 1.090 ; rasterizer:u_rasterizer|current_x[1]            ; screen_mem:u_screen_mem|altsyncram:mem_rtl_0|altsyncram_iig1:auto_generated|ram_block1a3~porta_address_reg0 ; raster_clk   ; raster_clk  ; 0.000        ; 0.430      ; 1.750      ;
; 1.091 ; rasterizer:u_rasterizer|current_x[4]            ; screen_mem:u_screen_mem|altsyncram:mem_rtl_0|altsyncram_iig1:auto_generated|ram_block1a1~porta_address_reg0 ; raster_clk   ; raster_clk  ; 0.000        ; 0.444      ; 1.765      ;
; 1.092 ; rasterizer:u_rasterizer|current_x[0]            ; screen_mem:u_screen_mem|altsyncram:mem_rtl_0|altsyncram_iig1:auto_generated|ram_block1a8~porta_address_reg0 ; raster_clk   ; raster_clk  ; 0.000        ; 0.427      ; 1.749      ;
; 1.095 ; rasterizer:u_rasterizer|current_x[4]            ; screen_mem:u_screen_mem|altsyncram:mem_rtl_0|altsyncram_iig1:auto_generated|ram_block1a6~porta_address_reg0 ; raster_clk   ; raster_clk  ; 0.000        ; 0.440      ; 1.765      ;
; 1.097 ; rasterizer:u_rasterizer|current_x[0]            ; screen_mem:u_screen_mem|altsyncram:mem_rtl_0|altsyncram_iig1:auto_generated|ram_block1a9~porta_address_reg0 ; raster_clk   ; raster_clk  ; 0.000        ; 0.439      ; 1.766      ;
; 1.098 ; rasterizer:u_rasterizer|current_x[4]            ; screen_mem:u_screen_mem|altsyncram:mem_rtl_0|altsyncram_iig1:auto_generated|ram_block1a7~porta_address_reg0 ; raster_clk   ; raster_clk  ; 0.000        ; 0.434      ; 1.762      ;
; 1.101 ; rd_addr[3]                                      ; rd_addr[5]                                                                                                  ; raster_clk   ; raster_clk  ; 0.000        ; 0.092      ; 1.388      ;
; 1.104 ; rd_addr[13]                                     ; rd_addr[15]                                                                                                 ; raster_clk   ; raster_clk  ; 0.000        ; 0.092      ; 1.391      ;
; 1.106 ; rasterizer:u_rasterizer|current_x[4]            ; screen_mem:u_screen_mem|altsyncram:mem_rtl_0|altsyncram_iig1:auto_generated|ram_block1a3~porta_address_reg0 ; raster_clk   ; raster_clk  ; 0.000        ; 0.431      ; 1.767      ;
; 1.107 ; rasterizer:u_rasterizer|current_x[1]            ; screen_mem:u_screen_mem|altsyncram:mem_rtl_0|altsyncram_iig1:auto_generated|ram_block1a8~porta_address_reg0 ; raster_clk   ; raster_clk  ; 0.000        ; 0.427      ; 1.764      ;
; 1.107 ; rd_addr[15]                                     ; screen_mem:u_screen_mem|altsyncram:mem_rtl_0|altsyncram_iig1:auto_generated|address_reg_b[2]                ; raster_clk   ; raster_clk  ; 0.000        ; -0.373     ; 0.929      ;
; 1.107 ; rd_addr[1]                                      ; rd_addr[3]                                                                                                  ; raster_clk   ; raster_clk  ; 0.000        ; 0.092      ; 1.394      ;
; 1.109 ; rd_addr[13]                                     ; screen_mem:u_screen_mem|altsyncram:mem_rtl_0|altsyncram_iig1:auto_generated|address_reg_b[0]                ; raster_clk   ; raster_clk  ; 0.000        ; -0.373     ; 0.931      ;
; 1.110 ; rd_addr[5]                                      ; rd_addr[7]                                                                                                  ; raster_clk   ; raster_clk  ; 0.000        ; 0.092      ; 1.397      ;
; 1.112 ; rasterizer:u_rasterizer|current_x[0]            ; screen_mem:u_screen_mem|altsyncram:mem_rtl_0|altsyncram_iig1:auto_generated|ram_block1a4~porta_address_reg0 ; raster_clk   ; raster_clk  ; 0.000        ; 0.435      ; 1.777      ;
+-------+-------------------------------------------------+-------------------------------------------------------------------------------------------------------------+--------------+-------------+--------------+------------+------------+


----------------------------------------------
; Slow 1200mV 0C Model Metastability Summary ;
----------------------------------------------
No synchronizer chains to report.


+-------------------------------------+
; Fast 1200mV 0C Model Setup Summary  ;
+------------+--------+---------------+
; Clock      ; Slack  ; End Point TNS ;
+------------+--------+---------------+
; raster_clk ; -6.403 ; -277.208      ;
+------------+--------+---------------+


+------------------------------------+
; Fast 1200mV 0C Model Hold Summary  ;
+------------+-------+---------------+
; Clock      ; Slack ; End Point TNS ;
+------------+-------+---------------+
; raster_clk ; 0.186 ; 0.000         ;
+------------+-------+---------------+


-----------------------------------------
; Fast 1200mV 0C Model Recovery Summary ;
-----------------------------------------
No paths to report.


----------------------------------------
; Fast 1200mV 0C Model Removal Summary ;
----------------------------------------
No paths to report.


+--------------------------------------------------+
; Fast 1200mV 0C Model Minimum Pulse Width Summary ;
+------------+--------+----------------------------+
; Clock      ; Slack  ; End Point TNS              ;
+------------+--------+----------------------------+
; raster_clk ; -3.000 ; -143.740                   ;
+------------+--------+----------------------------+


+-----------------------------------------------------------------------------------------------------------------------------------------------------------------------------------------------------------------------------+
; Fast 1200mV 0C Model Setup: 'raster_clk'                                                                                                                                                                                    ;
+--------+--------------------------------------+-------------------------------------------------------------------------------------------------------+--------------+-------------+--------------+------------+------------+
; Slack  ; From Node                            ; To Node                                                                                               ; Launch Clock ; Latch Clock ; Relationship ; Clock Skew ; Data Delay ;
+--------+--------------------------------------+-------------------------------------------------------------------------------------------------------+--------------+-------------+--------------+------------+------------+
; -6.403 ; rasterizer:u_rasterizer|y3[1]        ; screen_mem:u_screen_mem|altsyncram:mem_rtl_0|altsyncram_iig1:auto_generated|ram_block1a4~porta_we_reg ; raster_clk   ; raster_clk  ; 1.000        ; 0.147      ; 7.559      ;
; -6.393 ; rasterizer:u_rasterizer|x2[1]        ; screen_mem:u_screen_mem|altsyncram:mem_rtl_0|altsyncram_iig1:auto_generated|ram_block1a4~porta_we_reg ; raster_clk   ; raster_clk  ; 1.000        ; 0.154      ; 7.556      ;
; -6.377 ; rasterizer:u_rasterizer|x2[3]        ; screen_mem:u_screen_mem|altsyncram:mem_rtl_0|altsyncram_iig1:auto_generated|ram_block1a4~porta_we_reg ; raster_clk   ; raster_clk  ; 1.000        ; 0.154      ; 7.540      ;
; -6.368 ; rasterizer:u_rasterizer|x1[0]        ; screen_mem:u_screen_mem|altsyncram:mem_rtl_0|altsyncram_iig1:auto_generated|ram_block1a4~porta_we_reg ; raster_clk   ; raster_clk  ; 1.000        ; 0.151      ; 7.528      ;
; -6.366 ; rasterizer:u_rasterizer|y3[5]        ; screen_mem:u_screen_mem|altsyncram:mem_rtl_0|altsyncram_iig1:auto_generated|ram_block1a4~porta_we_reg ; raster_clk   ; raster_clk  ; 1.000        ; 0.147      ; 7.522      ;
; -6.359 ; rasterizer:u_rasterizer|x1[2]        ; screen_mem:u_screen_mem|altsyncram:mem_rtl_0|altsyncram_iig1:auto_generated|ram_block1a4~porta_we_reg ; raster_clk   ; raster_clk  ; 1.000        ; 0.151      ; 7.519      ;
; -6.339 ; rasterizer:u_rasterizer|y3[0]        ; screen_mem:u_screen_mem|altsyncram:mem_rtl_0|altsyncram_iig1:auto_generated|ram_block1a4~porta_we_reg ; raster_clk   ; raster_clk  ; 1.000        ; 0.148      ; 7.496      ;
; -6.330 ; rasterizer:u_rasterizer|current_y[5] ; screen_mem:u_screen_mem|altsyncram:mem_rtl_0|altsyncram_iig1:auto_generated|ram_block1a4~porta_we_reg ; raster_clk   ; raster_clk  ; 1.000        ; 0.151      ; 7.490      ;
; -6.317 ; rasterizer:u_rasterizer|y2[0]        ; screen_mem:u_screen_mem|altsyncram:mem_rtl_0|altsyncram_iig1:auto_generated|ram_block1a4~porta_we_reg ; raster_clk   ; raster_clk  ; 1.000        ; 0.147      ; 7.473      ;
; -6.313 ; rasterizer:u_rasterizer|y3[3]        ; screen_mem:u_screen_mem|altsyncram:mem_rtl_0|altsyncram_iig1:auto_generated|ram_block1a4~porta_we_reg ; raster_clk   ; raster_clk  ; 1.000        ; 0.147      ; 7.469      ;
; -6.313 ; rasterizer:u_rasterizer|current_y[1] ; screen_mem:u_screen_mem|altsyncram:mem_rtl_0|altsyncram_iig1:auto_generated|ram_block1a4~porta_we_reg ; raster_clk   ; raster_clk  ; 1.000        ; 0.150      ; 7.472      ;
; -6.307 ; rasterizer:u_rasterizer|x1[4]        ; screen_mem:u_screen_mem|altsyncram:mem_rtl_0|altsyncram_iig1:auto_generated|ram_block1a4~porta_we_reg ; raster_clk   ; raster_clk  ; 1.000        ; 0.151      ; 7.467      ;
; -6.305 ; rasterizer:u_rasterizer|current_y[4] ; screen_mem:u_screen_mem|altsyncram:mem_rtl_0|altsyncram_iig1:auto_generated|ram_block1a4~porta_we_reg ; raster_clk   ; raster_clk  ; 1.000        ; 0.151      ; 7.465      ;
; -6.302 ; rasterizer:u_rasterizer|y2[4]        ; screen_mem:u_screen_mem|altsyncram:mem_rtl_0|altsyncram_iig1:auto_generated|ram_block1a4~porta_we_reg ; raster_clk   ; raster_clk  ; 1.000        ; 0.147      ; 7.458      ;
; -6.301 ; rasterizer:u_rasterizer|y2[1]        ; screen_mem:u_screen_mem|altsyncram:mem_rtl_0|altsyncram_iig1:auto_generated|ram_block1a4~porta_we_reg ; raster_clk   ; raster_clk  ; 1.000        ; 0.151      ; 7.461      ;
; -6.298 ; rasterizer:u_rasterizer|x3[4]        ; screen_mem:u_screen_mem|altsyncram:mem_rtl_0|altsyncram_iig1:auto_generated|ram_block1a4~porta_we_reg ; raster_clk   ; raster_clk  ; 1.000        ; 0.153      ; 7.460      ;
; -6.289 ; rasterizer:u_rasterizer|x1[6]        ; screen_mem:u_screen_mem|altsyncram:mem_rtl_0|altsyncram_iig1:auto_generated|ram_block1a4~porta_we_reg ; raster_clk   ; raster_clk  ; 1.000        ; 0.151      ; 7.449      ;
; -6.287 ; rasterizer:u_rasterizer|current_x[2] ; screen_mem:u_screen_mem|altsyncram:mem_rtl_0|altsyncram_iig1:auto_generated|ram_block1a4~porta_we_reg ; raster_clk   ; raster_clk  ; 1.000        ; 0.153      ; 7.449      ;
; -6.284 ; rasterizer:u_rasterizer|y3[4]        ; screen_mem:u_screen_mem|altsyncram:mem_rtl_0|altsyncram_iig1:auto_generated|ram_block1a4~porta_we_reg ; raster_clk   ; raster_clk  ; 1.000        ; 0.148      ; 7.441      ;
; -6.277 ; rasterizer:u_rasterizer|y2[2]        ; screen_mem:u_screen_mem|altsyncram:mem_rtl_0|altsyncram_iig1:auto_generated|ram_block1a4~porta_we_reg ; raster_clk   ; raster_clk  ; 1.000        ; 0.147      ; 7.433      ;
; -6.272 ; rasterizer:u_rasterizer|y1[0]        ; screen_mem:u_screen_mem|altsyncram:mem_rtl_0|altsyncram_iig1:auto_generated|ram_block1a4~porta_we_reg ; raster_clk   ; raster_clk  ; 1.000        ; 0.147      ; 7.428      ;
; -6.268 ; rasterizer:u_rasterizer|y3[2]        ; screen_mem:u_screen_mem|altsyncram:mem_rtl_0|altsyncram_iig1:auto_generated|ram_block1a4~porta_we_reg ; raster_clk   ; raster_clk  ; 1.000        ; 0.148      ; 7.425      ;
; -6.266 ; rasterizer:u_rasterizer|current_x[1] ; screen_mem:u_screen_mem|altsyncram:mem_rtl_0|altsyncram_iig1:auto_generated|ram_block1a4~porta_we_reg ; raster_clk   ; raster_clk  ; 1.000        ; 0.153      ; 7.428      ;
; -6.265 ; rasterizer:u_rasterizer|current_y[7] ; screen_mem:u_screen_mem|altsyncram:mem_rtl_0|altsyncram_iig1:auto_generated|ram_block1a4~porta_we_reg ; raster_clk   ; raster_clk  ; 1.000        ; 0.151      ; 7.425      ;
; -6.262 ; rasterizer:u_rasterizer|current_x[5] ; screen_mem:u_screen_mem|altsyncram:mem_rtl_0|altsyncram_iig1:auto_generated|ram_block1a4~porta_we_reg ; raster_clk   ; raster_clk  ; 1.000        ; 0.153      ; 7.424      ;
; -6.260 ; rasterizer:u_rasterizer|current_y[0] ; screen_mem:u_screen_mem|altsyncram:mem_rtl_0|altsyncram_iig1:auto_generated|ram_block1a4~porta_we_reg ; raster_clk   ; raster_clk  ; 1.000        ; 0.150      ; 7.419      ;
; -6.257 ; rasterizer:u_rasterizer|y3[1]        ; screen_mem:u_screen_mem|altsyncram:mem_rtl_0|altsyncram_iig1:auto_generated|ram_block1a2~porta_we_reg ; raster_clk   ; raster_clk  ; 1.000        ; 0.138      ; 7.404      ;
; -6.250 ; rasterizer:u_rasterizer|x3[1]        ; screen_mem:u_screen_mem|altsyncram:mem_rtl_0|altsyncram_iig1:auto_generated|ram_block1a4~porta_we_reg ; raster_clk   ; raster_clk  ; 1.000        ; 0.153      ; 7.412      ;
; -6.247 ; rasterizer:u_rasterizer|x2[1]        ; screen_mem:u_screen_mem|altsyncram:mem_rtl_0|altsyncram_iig1:auto_generated|ram_block1a2~porta_we_reg ; raster_clk   ; raster_clk  ; 1.000        ; 0.145      ; 7.401      ;
; -6.241 ; rasterizer:u_rasterizer|x3[0]        ; screen_mem:u_screen_mem|altsyncram:mem_rtl_0|altsyncram_iig1:auto_generated|ram_block1a4~porta_we_reg ; raster_clk   ; raster_clk  ; 1.000        ; 0.153      ; 7.403      ;
; -6.236 ; rasterizer:u_rasterizer|y3[1]        ; screen_mem:u_screen_mem|altsyncram:mem_rtl_0|altsyncram_iig1:auto_generated|ram_block1a7~porta_we_reg ; raster_clk   ; raster_clk  ; 1.000        ; 0.145      ; 7.390      ;
; -6.236 ; rasterizer:u_rasterizer|y3[1]        ; screen_mem:u_screen_mem|altsyncram:mem_rtl_0|altsyncram_iig1:auto_generated|ram_block1a3~porta_we_reg ; raster_clk   ; raster_clk  ; 1.000        ; 0.142      ; 7.387      ;
; -6.236 ; rasterizer:u_rasterizer|y2[3]        ; screen_mem:u_screen_mem|altsyncram:mem_rtl_0|altsyncram_iig1:auto_generated|ram_block1a4~porta_we_reg ; raster_clk   ; raster_clk  ; 1.000        ; 0.151      ; 7.396      ;
; -6.236 ; rasterizer:u_rasterizer|x2[0]        ; screen_mem:u_screen_mem|altsyncram:mem_rtl_0|altsyncram_iig1:auto_generated|ram_block1a4~porta_we_reg ; raster_clk   ; raster_clk  ; 1.000        ; 0.153      ; 7.398      ;
; -6.235 ; rasterizer:u_rasterizer|current_y[6] ; screen_mem:u_screen_mem|altsyncram:mem_rtl_0|altsyncram_iig1:auto_generated|ram_block1a4~porta_we_reg ; raster_clk   ; raster_clk  ; 1.000        ; 0.151      ; 7.395      ;
; -6.234 ; rasterizer:u_rasterizer|x2[2]        ; screen_mem:u_screen_mem|altsyncram:mem_rtl_0|altsyncram_iig1:auto_generated|ram_block1a4~porta_we_reg ; raster_clk   ; raster_clk  ; 1.000        ; 0.153      ; 7.396      ;
; -6.233 ; rasterizer:u_rasterizer|y1[1]        ; screen_mem:u_screen_mem|altsyncram:mem_rtl_0|altsyncram_iig1:auto_generated|ram_block1a4~porta_we_reg ; raster_clk   ; raster_clk  ; 1.000        ; 0.148      ; 7.390      ;
; -6.231 ; rasterizer:u_rasterizer|x2[3]        ; screen_mem:u_screen_mem|altsyncram:mem_rtl_0|altsyncram_iig1:auto_generated|ram_block1a2~porta_we_reg ; raster_clk   ; raster_clk  ; 1.000        ; 0.145      ; 7.385      ;
; -6.229 ; rasterizer:u_rasterizer|y3[1]        ; screen_mem:u_screen_mem|altsyncram:mem_rtl_0|altsyncram_iig1:auto_generated|ram_block1a1~porta_we_reg ; raster_clk   ; raster_clk  ; 1.000        ; 0.145      ; 7.383      ;
; -6.229 ; rasterizer:u_rasterizer|y2[6]        ; screen_mem:u_screen_mem|altsyncram:mem_rtl_0|altsyncram_iig1:auto_generated|ram_block1a4~porta_we_reg ; raster_clk   ; raster_clk  ; 1.000        ; 0.147      ; 7.385      ;
; -6.228 ; rasterizer:u_rasterizer|current_y[3] ; screen_mem:u_screen_mem|altsyncram:mem_rtl_0|altsyncram_iig1:auto_generated|ram_block1a4~porta_we_reg ; raster_clk   ; raster_clk  ; 1.000        ; 0.150      ; 7.387      ;
; -6.226 ; rasterizer:u_rasterizer|x1[3]        ; screen_mem:u_screen_mem|altsyncram:mem_rtl_0|altsyncram_iig1:auto_generated|ram_block1a4~porta_we_reg ; raster_clk   ; raster_clk  ; 1.000        ; 0.151      ; 7.386      ;
; -6.226 ; rasterizer:u_rasterizer|current_x[0] ; screen_mem:u_screen_mem|altsyncram:mem_rtl_0|altsyncram_iig1:auto_generated|ram_block1a4~porta_we_reg ; raster_clk   ; raster_clk  ; 1.000        ; 0.153      ; 7.388      ;
; -6.226 ; rasterizer:u_rasterizer|x2[1]        ; screen_mem:u_screen_mem|altsyncram:mem_rtl_0|altsyncram_iig1:auto_generated|ram_block1a7~porta_we_reg ; raster_clk   ; raster_clk  ; 1.000        ; 0.152      ; 7.387      ;
; -6.226 ; rasterizer:u_rasterizer|x2[1]        ; screen_mem:u_screen_mem|altsyncram:mem_rtl_0|altsyncram_iig1:auto_generated|ram_block1a3~porta_we_reg ; raster_clk   ; raster_clk  ; 1.000        ; 0.149      ; 7.384      ;
; -6.223 ; rasterizer:u_rasterizer|x2[4]        ; screen_mem:u_screen_mem|altsyncram:mem_rtl_0|altsyncram_iig1:auto_generated|ram_block1a4~porta_we_reg ; raster_clk   ; raster_clk  ; 1.000        ; 0.153      ; 7.385      ;
; -6.220 ; rasterizer:u_rasterizer|current_x[3] ; screen_mem:u_screen_mem|altsyncram:mem_rtl_0|altsyncram_iig1:auto_generated|ram_block1a4~porta_we_reg ; raster_clk   ; raster_clk  ; 1.000        ; 0.153      ; 7.382      ;
; -6.220 ; rasterizer:u_rasterizer|y3[5]        ; screen_mem:u_screen_mem|altsyncram:mem_rtl_0|altsyncram_iig1:auto_generated|ram_block1a2~porta_we_reg ; raster_clk   ; raster_clk  ; 1.000        ; 0.138      ; 7.367      ;
; -6.219 ; rasterizer:u_rasterizer|x2[1]        ; screen_mem:u_screen_mem|altsyncram:mem_rtl_0|altsyncram_iig1:auto_generated|ram_block1a1~porta_we_reg ; raster_clk   ; raster_clk  ; 1.000        ; 0.152      ; 7.380      ;
; -6.214 ; rasterizer:u_rasterizer|x1[0]        ; screen_mem:u_screen_mem|altsyncram:mem_rtl_0|altsyncram_iig1:auto_generated|ram_block1a2~porta_we_reg ; raster_clk   ; raster_clk  ; 1.000        ; 0.150      ; 7.373      ;
; -6.213 ; rasterizer:u_rasterizer|current_y[2] ; screen_mem:u_screen_mem|altsyncram:mem_rtl_0|altsyncram_iig1:auto_generated|ram_block1a4~porta_we_reg ; raster_clk   ; raster_clk  ; 1.000        ; 0.150      ; 7.372      ;
; -6.212 ; rasterizer:u_rasterizer|y3[6]        ; screen_mem:u_screen_mem|altsyncram:mem_rtl_0|altsyncram_iig1:auto_generated|ram_block1a4~porta_we_reg ; raster_clk   ; raster_clk  ; 1.000        ; 0.148      ; 7.369      ;
; -6.210 ; rasterizer:u_rasterizer|x2[3]        ; screen_mem:u_screen_mem|altsyncram:mem_rtl_0|altsyncram_iig1:auto_generated|ram_block1a7~porta_we_reg ; raster_clk   ; raster_clk  ; 1.000        ; 0.152      ; 7.371      ;
; -6.210 ; rasterizer:u_rasterizer|x2[3]        ; screen_mem:u_screen_mem|altsyncram:mem_rtl_0|altsyncram_iig1:auto_generated|ram_block1a3~porta_we_reg ; raster_clk   ; raster_clk  ; 1.000        ; 0.149      ; 7.368      ;
; -6.207 ; rasterizer:u_rasterizer|y3[1]        ; screen_mem:u_screen_mem|altsyncram:mem_rtl_0|altsyncram_iig1:auto_generated|ram_block1a6~porta_we_reg ; raster_clk   ; raster_clk  ; 1.000        ; 0.149      ; 7.365      ;
; -6.206 ; rasterizer:u_rasterizer|y3[1]        ; screen_mem:u_screen_mem|altsyncram:mem_rtl_0|altsyncram_iig1:auto_generated|ram_block1a0~porta_we_reg ; raster_clk   ; raster_clk  ; 1.000        ; 0.148      ; 7.363      ;
; -6.206 ; rasterizer:u_rasterizer|y2[7]        ; screen_mem:u_screen_mem|altsyncram:mem_rtl_0|altsyncram_iig1:auto_generated|ram_block1a4~porta_we_reg ; raster_clk   ; raster_clk  ; 1.000        ; 0.151      ; 7.366      ;
; -6.205 ; rasterizer:u_rasterizer|x1[2]        ; screen_mem:u_screen_mem|altsyncram:mem_rtl_0|altsyncram_iig1:auto_generated|ram_block1a2~porta_we_reg ; raster_clk   ; raster_clk  ; 1.000        ; 0.150      ; 7.364      ;
; -6.203 ; rasterizer:u_rasterizer|x2[3]        ; screen_mem:u_screen_mem|altsyncram:mem_rtl_0|altsyncram_iig1:auto_generated|ram_block1a1~porta_we_reg ; raster_clk   ; raster_clk  ; 1.000        ; 0.152      ; 7.364      ;
; -6.201 ; rasterizer:u_rasterizer|x1[0]        ; screen_mem:u_screen_mem|altsyncram:mem_rtl_0|altsyncram_iig1:auto_generated|ram_block1a7~porta_we_reg ; raster_clk   ; raster_clk  ; 1.000        ; 0.149      ; 7.359      ;
; -6.201 ; rasterizer:u_rasterizer|x1[0]        ; screen_mem:u_screen_mem|altsyncram:mem_rtl_0|altsyncram_iig1:auto_generated|ram_block1a3~porta_we_reg ; raster_clk   ; raster_clk  ; 1.000        ; 0.146      ; 7.356      ;
; -6.201 ; rasterizer:u_rasterizer|y3[1]        ; screen_mem:u_screen_mem|altsyncram:mem_rtl_0|altsyncram_iig1:auto_generated|ram_block1a5~porta_we_reg ; raster_clk   ; raster_clk  ; 1.000        ; 0.147      ; 7.357      ;
; -6.200 ; rasterizer:u_rasterizer|y1[2]        ; screen_mem:u_screen_mem|altsyncram:mem_rtl_0|altsyncram_iig1:auto_generated|ram_block1a4~porta_we_reg ; raster_clk   ; raster_clk  ; 1.000        ; 0.147      ; 7.356      ;
; -6.199 ; rasterizer:u_rasterizer|y3[5]        ; screen_mem:u_screen_mem|altsyncram:mem_rtl_0|altsyncram_iig1:auto_generated|ram_block1a7~porta_we_reg ; raster_clk   ; raster_clk  ; 1.000        ; 0.145      ; 7.353      ;
; -6.199 ; rasterizer:u_rasterizer|y3[5]        ; screen_mem:u_screen_mem|altsyncram:mem_rtl_0|altsyncram_iig1:auto_generated|ram_block1a3~porta_we_reg ; raster_clk   ; raster_clk  ; 1.000        ; 0.142      ; 7.350      ;
; -6.197 ; rasterizer:u_rasterizer|x2[1]        ; screen_mem:u_screen_mem|altsyncram:mem_rtl_0|altsyncram_iig1:auto_generated|ram_block1a6~porta_we_reg ; raster_clk   ; raster_clk  ; 1.000        ; 0.156      ; 7.362      ;
; -6.196 ; rasterizer:u_rasterizer|x2[1]        ; screen_mem:u_screen_mem|altsyncram:mem_rtl_0|altsyncram_iig1:auto_generated|ram_block1a0~porta_we_reg ; raster_clk   ; raster_clk  ; 1.000        ; 0.155      ; 7.360      ;
; -6.193 ; rasterizer:u_rasterizer|y3[0]        ; screen_mem:u_screen_mem|altsyncram:mem_rtl_0|altsyncram_iig1:auto_generated|ram_block1a2~porta_we_reg ; raster_clk   ; raster_clk  ; 1.000        ; 0.139      ; 7.341      ;
; -6.192 ; rasterizer:u_rasterizer|x1[2]        ; screen_mem:u_screen_mem|altsyncram:mem_rtl_0|altsyncram_iig1:auto_generated|ram_block1a7~porta_we_reg ; raster_clk   ; raster_clk  ; 1.000        ; 0.149      ; 7.350      ;
; -6.192 ; rasterizer:u_rasterizer|x1[2]        ; screen_mem:u_screen_mem|altsyncram:mem_rtl_0|altsyncram_iig1:auto_generated|ram_block1a3~porta_we_reg ; raster_clk   ; raster_clk  ; 1.000        ; 0.146      ; 7.347      ;
; -6.192 ; rasterizer:u_rasterizer|y3[5]        ; screen_mem:u_screen_mem|altsyncram:mem_rtl_0|altsyncram_iig1:auto_generated|ram_block1a1~porta_we_reg ; raster_clk   ; raster_clk  ; 1.000        ; 0.145      ; 7.346      ;
; -6.191 ; rasterizer:u_rasterizer|x2[1]        ; screen_mem:u_screen_mem|altsyncram:mem_rtl_0|altsyncram_iig1:auto_generated|ram_block1a5~porta_we_reg ; raster_clk   ; raster_clk  ; 1.000        ; 0.154      ; 7.354      ;
; -6.189 ; rasterizer:u_rasterizer|current_x[7] ; screen_mem:u_screen_mem|altsyncram:mem_rtl_0|altsyncram_iig1:auto_generated|ram_block1a4~porta_we_reg ; raster_clk   ; raster_clk  ; 1.000        ; 0.153      ; 7.351      ;
; -6.189 ; rasterizer:u_rasterizer|x3[2]        ; screen_mem:u_screen_mem|altsyncram:mem_rtl_0|altsyncram_iig1:auto_generated|ram_block1a4~porta_we_reg ; raster_clk   ; raster_clk  ; 1.000        ; 0.153      ; 7.351      ;
; -6.186 ; rasterizer:u_rasterizer|x1[0]        ; screen_mem:u_screen_mem|altsyncram:mem_rtl_0|altsyncram_iig1:auto_generated|ram_block1a1~porta_we_reg ; raster_clk   ; raster_clk  ; 1.000        ; 0.157      ; 7.352      ;
; -6.184 ; rasterizer:u_rasterizer|x1[1]        ; screen_mem:u_screen_mem|altsyncram:mem_rtl_0|altsyncram_iig1:auto_generated|ram_block1a4~porta_we_reg ; raster_clk   ; raster_clk  ; 1.000        ; 0.151      ; 7.344      ;
; -6.184 ; rasterizer:u_rasterizer|current_y[5] ; screen_mem:u_screen_mem|altsyncram:mem_rtl_0|altsyncram_iig1:auto_generated|ram_block1a2~porta_we_reg ; raster_clk   ; raster_clk  ; 1.000        ; 0.142      ; 7.335      ;
; -6.183 ; rasterizer:u_rasterizer|x2[7]        ; screen_mem:u_screen_mem|altsyncram:mem_rtl_0|altsyncram_iig1:auto_generated|ram_block1a4~porta_we_reg ; raster_clk   ; raster_clk  ; 1.000        ; 0.154      ; 7.346      ;
; -6.181 ; rasterizer:u_rasterizer|y1[3]        ; screen_mem:u_screen_mem|altsyncram:mem_rtl_0|altsyncram_iig1:auto_generated|ram_block1a4~porta_we_reg ; raster_clk   ; raster_clk  ; 1.000        ; 0.148      ; 7.338      ;
; -6.181 ; rasterizer:u_rasterizer|x2[3]        ; screen_mem:u_screen_mem|altsyncram:mem_rtl_0|altsyncram_iig1:auto_generated|ram_block1a6~porta_we_reg ; raster_clk   ; raster_clk  ; 1.000        ; 0.156      ; 7.346      ;
; -6.180 ; rasterizer:u_rasterizer|x2[3]        ; screen_mem:u_screen_mem|altsyncram:mem_rtl_0|altsyncram_iig1:auto_generated|ram_block1a0~porta_we_reg ; raster_clk   ; raster_clk  ; 1.000        ; 0.155      ; 7.344      ;
; -6.177 ; rasterizer:u_rasterizer|x1[2]        ; screen_mem:u_screen_mem|altsyncram:mem_rtl_0|altsyncram_iig1:auto_generated|ram_block1a1~porta_we_reg ; raster_clk   ; raster_clk  ; 1.000        ; 0.157      ; 7.343      ;
; -6.176 ; rasterizer:u_rasterizer|y3[7]        ; screen_mem:u_screen_mem|altsyncram:mem_rtl_0|altsyncram_iig1:auto_generated|ram_block1a4~porta_we_reg ; raster_clk   ; raster_clk  ; 1.000        ; 0.147      ; 7.332      ;
; -6.175 ; rasterizer:u_rasterizer|x2[3]        ; screen_mem:u_screen_mem|altsyncram:mem_rtl_0|altsyncram_iig1:auto_generated|ram_block1a5~porta_we_reg ; raster_clk   ; raster_clk  ; 1.000        ; 0.154      ; 7.338      ;
; -6.172 ; rasterizer:u_rasterizer|x1[0]        ; screen_mem:u_screen_mem|altsyncram:mem_rtl_0|altsyncram_iig1:auto_generated|ram_block1a6~porta_we_reg ; raster_clk   ; raster_clk  ; 1.000        ; 0.153      ; 7.334      ;
; -6.172 ; rasterizer:u_rasterizer|y3[0]        ; screen_mem:u_screen_mem|altsyncram:mem_rtl_0|altsyncram_iig1:auto_generated|ram_block1a7~porta_we_reg ; raster_clk   ; raster_clk  ; 1.000        ; 0.146      ; 7.327      ;
; -6.172 ; rasterizer:u_rasterizer|y3[0]        ; screen_mem:u_screen_mem|altsyncram:mem_rtl_0|altsyncram_iig1:auto_generated|ram_block1a3~porta_we_reg ; raster_clk   ; raster_clk  ; 1.000        ; 0.143      ; 7.324      ;
; -6.171 ; rasterizer:u_rasterizer|x1[0]        ; screen_mem:u_screen_mem|altsyncram:mem_rtl_0|altsyncram_iig1:auto_generated|ram_block1a0~porta_we_reg ; raster_clk   ; raster_clk  ; 1.000        ; 0.152      ; 7.332      ;
; -6.171 ; rasterizer:u_rasterizer|y2[0]        ; screen_mem:u_screen_mem|altsyncram:mem_rtl_0|altsyncram_iig1:auto_generated|ram_block1a2~porta_we_reg ; raster_clk   ; raster_clk  ; 1.000        ; 0.138      ; 7.318      ;
; -6.170 ; rasterizer:u_rasterizer|y3[5]        ; screen_mem:u_screen_mem|altsyncram:mem_rtl_0|altsyncram_iig1:auto_generated|ram_block1a6~porta_we_reg ; raster_clk   ; raster_clk  ; 1.000        ; 0.149      ; 7.328      ;
; -6.169 ; rasterizer:u_rasterizer|y3[5]        ; screen_mem:u_screen_mem|altsyncram:mem_rtl_0|altsyncram_iig1:auto_generated|ram_block1a0~porta_we_reg ; raster_clk   ; raster_clk  ; 1.000        ; 0.148      ; 7.326      ;
; -6.167 ; rasterizer:u_rasterizer|y3[3]        ; screen_mem:u_screen_mem|altsyncram:mem_rtl_0|altsyncram_iig1:auto_generated|ram_block1a2~porta_we_reg ; raster_clk   ; raster_clk  ; 1.000        ; 0.138      ; 7.314      ;
; -6.167 ; rasterizer:u_rasterizer|x3[3]        ; screen_mem:u_screen_mem|altsyncram:mem_rtl_0|altsyncram_iig1:auto_generated|ram_block1a4~porta_we_reg ; raster_clk   ; raster_clk  ; 1.000        ; 0.153      ; 7.329      ;
; -6.167 ; rasterizer:u_rasterizer|current_y[1] ; screen_mem:u_screen_mem|altsyncram:mem_rtl_0|altsyncram_iig1:auto_generated|ram_block1a2~porta_we_reg ; raster_clk   ; raster_clk  ; 1.000        ; 0.141      ; 7.317      ;
; -6.166 ; rasterizer:u_rasterizer|x1[0]        ; screen_mem:u_screen_mem|altsyncram:mem_rtl_0|altsyncram_iig1:auto_generated|ram_block1a5~porta_we_reg ; raster_clk   ; raster_clk  ; 1.000        ; 0.151      ; 7.326      ;
; -6.165 ; rasterizer:u_rasterizer|y3[0]        ; screen_mem:u_screen_mem|altsyncram:mem_rtl_0|altsyncram_iig1:auto_generated|ram_block1a1~porta_we_reg ; raster_clk   ; raster_clk  ; 1.000        ; 0.146      ; 7.320      ;
; -6.164 ; rasterizer:u_rasterizer|y3[5]        ; screen_mem:u_screen_mem|altsyncram:mem_rtl_0|altsyncram_iig1:auto_generated|ram_block1a5~porta_we_reg ; raster_clk   ; raster_clk  ; 1.000        ; 0.147      ; 7.320      ;
; -6.163 ; rasterizer:u_rasterizer|x1[2]        ; screen_mem:u_screen_mem|altsyncram:mem_rtl_0|altsyncram_iig1:auto_generated|ram_block1a6~porta_we_reg ; raster_clk   ; raster_clk  ; 1.000        ; 0.153      ; 7.325      ;
; -6.163 ; rasterizer:u_rasterizer|current_y[5] ; screen_mem:u_screen_mem|altsyncram:mem_rtl_0|altsyncram_iig1:auto_generated|ram_block1a7~porta_we_reg ; raster_clk   ; raster_clk  ; 1.000        ; 0.149      ; 7.321      ;
; -6.163 ; rasterizer:u_rasterizer|current_y[5] ; screen_mem:u_screen_mem|altsyncram:mem_rtl_0|altsyncram_iig1:auto_generated|ram_block1a3~porta_we_reg ; raster_clk   ; raster_clk  ; 1.000        ; 0.146      ; 7.318      ;
+--------+--------------------------------------+-------------------------------------------------------------------------------------------------------+--------------+-------------+--------------+------------+------------+


+---------------------------------------------------------------------------------------------------------------------------------------------------------------------------------------------------------------------------------------------+
; Fast 1200mV 0C Model Hold: 'raster_clk'                                                                                                                                                                                                     ;
+-------+-------------------------------------------------+-------------------------------------------------------------------------------------------------------------+--------------+-------------+--------------+------------+------------+
; Slack ; From Node                                       ; To Node                                                                                                     ; Launch Clock ; Latch Clock ; Relationship ; Clock Skew ; Data Delay ;
+-------+-------------------------------------------------+-------------------------------------------------------------------------------------------------------------+--------------+-------------+--------------+------------+------------+
; 0.186 ; rasterizer:u_rasterizer|current_state.IDLE      ; rasterizer:u_rasterizer|current_state.IDLE                                                                  ; raster_clk   ; raster_clk  ; 0.000        ; 0.037      ; 0.307      ;
; 0.186 ; rasterizer:u_rasterizer|current_state.RASTERIZE ; rasterizer:u_rasterizer|current_state.RASTERIZE                                                             ; raster_clk   ; raster_clk  ; 0.000        ; 0.037      ; 0.307      ;
; 0.186 ; rasterizer:u_rasterizer|current_state.BOX       ; rasterizer:u_rasterizer|current_state.BOX                                                                   ; raster_clk   ; raster_clk  ; 0.000        ; 0.037      ; 0.307      ;
; 0.186 ; rasterizer:u_rasterizer|box_count               ; rasterizer:u_rasterizer|box_count                                                                           ; raster_clk   ; raster_clk  ; 0.000        ; 0.037      ; 0.307      ;
; 0.187 ; rasterizer:u_rasterizer|current_y[9]            ; rasterizer:u_rasterizer|current_y[9]                                                                        ; raster_clk   ; raster_clk  ; 0.000        ; 0.036      ; 0.307      ;
; 0.187 ; rasterizer:u_rasterizer|current_x[9]            ; rasterizer:u_rasterizer|current_x[9]                                                                        ; raster_clk   ; raster_clk  ; 0.000        ; 0.036      ; 0.307      ;
; 0.193 ; rasterizer:u_rasterizer|current_state.DONE      ; rasterizer:u_rasterizer|current_state.DONE                                                                  ; raster_clk   ; raster_clk  ; 0.000        ; 0.037      ; 0.314      ;
; 0.210 ; rasterizer:u_rasterizer|current_state.RASTERIZE ; rasterizer:u_rasterizer|box_count                                                                           ; raster_clk   ; raster_clk  ; 0.000        ; 0.037      ; 0.331      ;
; 0.263 ; rd_addr[6]                                      ; rd_addr[7]                                                                                                  ; raster_clk   ; raster_clk  ; 0.000        ; 0.237      ; 0.584      ;
; 0.265 ; rd_addr[6]                                      ; rd_addr[8]                                                                                                  ; raster_clk   ; raster_clk  ; 0.000        ; 0.238      ; 0.587      ;
; 0.295 ; rd_addr[15]                                     ; rd_addr[15]                                                                                                 ; raster_clk   ; raster_clk  ; 0.000        ; 0.045      ; 0.424      ;
; 0.297 ; rd_addr[14]                                     ; rd_addr[14]                                                                                                 ; raster_clk   ; raster_clk  ; 0.000        ; 0.045      ; 0.426      ;
; 0.297 ; rd_addr[3]                                      ; rd_addr[3]                                                                                                  ; raster_clk   ; raster_clk  ; 0.000        ; 0.044      ; 0.425      ;
; 0.297 ; rd_addr[8]                                      ; rd_addr[8]                                                                                                  ; raster_clk   ; raster_clk  ; 0.000        ; 0.045      ; 0.426      ;
; 0.298 ; rd_addr[1]                                      ; rd_addr[1]                                                                                                  ; raster_clk   ; raster_clk  ; 0.000        ; 0.044      ; 0.426      ;
; 0.301 ; rd_addr[5]                                      ; rd_addr[5]                                                                                                  ; raster_clk   ; raster_clk  ; 0.000        ; 0.044      ; 0.429      ;
; 0.303 ; rd_addr[12]                                     ; rd_addr[12]                                                                                                 ; raster_clk   ; raster_clk  ; 0.000        ; 0.045      ; 0.432      ;
; 0.303 ; rd_addr[4]                                      ; rd_addr[4]                                                                                                  ; raster_clk   ; raster_clk  ; 0.000        ; 0.044      ; 0.431      ;
; 0.305 ; rd_addr[6]                                      ; rd_addr[6]                                                                                                  ; raster_clk   ; raster_clk  ; 0.000        ; 0.037      ; 0.426      ;
; 0.307 ; rd_addr[7]                                      ; rd_addr[7]                                                                                                  ; raster_clk   ; raster_clk  ; 0.000        ; 0.044      ; 0.435      ;
; 0.308 ; rd_addr[9]                                      ; rd_addr[9]                                                                                                  ; raster_clk   ; raster_clk  ; 0.000        ; 0.045      ; 0.437      ;
; 0.309 ; rd_addr[0]                                      ; rd_addr[0]                                                                                                  ; raster_clk   ; raster_clk  ; 0.000        ; 0.044      ; 0.437      ;
; 0.311 ; rd_addr[2]                                      ; rd_addr[2]                                                                                                  ; raster_clk   ; raster_clk  ; 0.000        ; 0.044      ; 0.439      ;
; 0.314 ; rasterizer:u_rasterizer|current_state.BOX       ; rasterizer:u_rasterizer|box_count                                                                           ; raster_clk   ; raster_clk  ; 0.000        ; 0.037      ; 0.435      ;
; 0.315 ; rasterizer:u_rasterizer|current_x[2]            ; screen_mem:u_screen_mem|altsyncram:mem_rtl_0|altsyncram_iig1:auto_generated|ram_block1a6~porta_address_reg0 ; raster_clk   ; raster_clk  ; 0.000        ; 0.235      ; 0.654      ;
; 0.315 ; rasterizer:u_rasterizer|current_x[0]            ; screen_mem:u_screen_mem|altsyncram:mem_rtl_0|altsyncram_iig1:auto_generated|ram_block1a0~porta_address_reg0 ; raster_clk   ; raster_clk  ; 0.000        ; 0.235      ; 0.654      ;
; 0.325 ; rd_addr[6]                                      ; screen_mem:u_screen_mem|altsyncram:mem_rtl_0|altsyncram_iig1:auto_generated|ram_block1a0~portb_address_reg0 ; raster_clk   ; raster_clk  ; 0.000        ; 0.222      ; 0.651      ;
; 0.328 ; rd_addr[6]                                      ; rd_addr[9]                                                                                                  ; raster_clk   ; raster_clk  ; 0.000        ; 0.238      ; 0.650      ;
; 0.342 ; rasterizer:u_rasterizer|current_state.DONE      ; rasterizer:u_rasterizer|current_state.IDLE                                                                  ; raster_clk   ; raster_clk  ; 0.000        ; 0.037      ; 0.463      ;
; 0.343 ; rd_addr[6]                                      ; screen_mem:u_screen_mem|altsyncram:mem_rtl_0|altsyncram_iig1:auto_generated|ram_block1a9~portb_address_reg0 ; raster_clk   ; raster_clk  ; 0.000        ; 0.223      ; 0.670      ;
; 0.344 ; rasterizer:u_rasterizer|current_x[4]            ; screen_mem:u_screen_mem|altsyncram:mem_rtl_0|altsyncram_iig1:auto_generated|ram_block1a0~porta_address_reg0 ; raster_clk   ; raster_clk  ; 0.000        ; 0.235      ; 0.683      ;
; 0.349 ; rd_addr[16]                                     ; rd_addr[16]                                                                                                 ; raster_clk   ; raster_clk  ; 0.000        ; 0.045      ; 0.478      ;
; 0.350 ; rd_addr[6]                                      ; screen_mem:u_screen_mem|altsyncram:mem_rtl_0|altsyncram_iig1:auto_generated|ram_block1a6~portb_address_reg0 ; raster_clk   ; raster_clk  ; 0.000        ; 0.222      ; 0.676      ;
; 0.351 ; rd_addr[6]                                      ; screen_mem:u_screen_mem|altsyncram:mem_rtl_0|altsyncram_iig1:auto_generated|ram_block1a3~portb_address_reg0 ; raster_clk   ; raster_clk  ; 0.000        ; 0.215      ; 0.670      ;
; 0.351 ; rasterizer:u_rasterizer|current_state.DONE      ; rasterizer:u_rasterizer|current_state.RASTERIZE                                                             ; raster_clk   ; raster_clk  ; 0.000        ; 0.037      ; 0.472      ;
; 0.353 ; rd_addr[6]                                      ; screen_mem:u_screen_mem|altsyncram:mem_rtl_0|altsyncram_iig1:auto_generated|ram_block1a4~portb_address_reg0 ; raster_clk   ; raster_clk  ; 0.000        ; 0.221      ; 0.678      ;
; 0.353 ; rd_addr[7]                                      ; screen_mem:u_screen_mem|altsyncram:mem_rtl_0|altsyncram_iig1:auto_generated|ram_block1a5~portb_address_reg0 ; raster_clk   ; raster_clk  ; 0.000        ; 0.028      ; 0.485      ;
; 0.354 ; rasterizer:u_rasterizer|current_state.DONE      ; rasterizer:u_rasterizer|current_state.BOX                                                                   ; raster_clk   ; raster_clk  ; 0.000        ; 0.037      ; 0.475      ;
; 0.360 ; rd_addr[0]                                      ; screen_mem:u_screen_mem|altsyncram:mem_rtl_0|altsyncram_iig1:auto_generated|ram_block1a5~portb_address_reg0 ; raster_clk   ; raster_clk  ; 0.000        ; 0.028      ; 0.492      ;
; 0.363 ; rd_addr[6]                                      ; screen_mem:u_screen_mem|altsyncram:mem_rtl_0|altsyncram_iig1:auto_generated|ram_block1a8~portb_address_reg0 ; raster_clk   ; raster_clk  ; 0.000        ; 0.216      ; 0.683      ;
; 0.364 ; rd_addr[11]                                     ; screen_mem:u_screen_mem|altsyncram:mem_rtl_0|altsyncram_iig1:auto_generated|ram_block1a6~portb_address_reg0 ; raster_clk   ; raster_clk  ; 0.000        ; 0.029      ; 0.497      ;
; 0.369 ; rd_addr[11]                                     ; screen_mem:u_screen_mem|altsyncram:mem_rtl_0|altsyncram_iig1:auto_generated|ram_block1a0~portb_address_reg0 ; raster_clk   ; raster_clk  ; 0.000        ; 0.029      ; 0.502      ;
; 0.370 ; rd_addr[1]                                      ; screen_mem:u_screen_mem|altsyncram:mem_rtl_0|altsyncram_iig1:auto_generated|ram_block1a5~portb_address_reg0 ; raster_clk   ; raster_clk  ; 0.000        ; 0.028      ; 0.502      ;
; 0.373 ; rd_addr[4]                                      ; screen_mem:u_screen_mem|altsyncram:mem_rtl_0|altsyncram_iig1:auto_generated|ram_block1a5~portb_address_reg0 ; raster_clk   ; raster_clk  ; 0.000        ; 0.028      ; 0.505      ;
; 0.375 ; rd_addr[9]                                      ; screen_mem:u_screen_mem|altsyncram:mem_rtl_0|altsyncram_iig1:auto_generated|ram_block1a0~portb_address_reg0 ; raster_clk   ; raster_clk  ; 0.000        ; 0.029      ; 0.508      ;
; 0.376 ; rd_addr[3]                                      ; screen_mem:u_screen_mem|altsyncram:mem_rtl_0|altsyncram_iig1:auto_generated|ram_block1a5~portb_address_reg0 ; raster_clk   ; raster_clk  ; 0.000        ; 0.028      ; 0.508      ;
; 0.382 ; rd_addr[10]                                     ; screen_mem:u_screen_mem|altsyncram:mem_rtl_0|altsyncram_iig1:auto_generated|ram_block1a0~portb_address_reg0 ; raster_clk   ; raster_clk  ; 0.000        ; 0.029      ; 0.515      ;
; 0.396 ; rasterizer:u_rasterizer|current_x[3]            ; screen_mem:u_screen_mem|altsyncram:mem_rtl_0|altsyncram_iig1:auto_generated|ram_block1a8~porta_address_reg0 ; raster_clk   ; raster_clk  ; 0.000        ; 0.229      ; 0.729      ;
; 0.397 ; rd_addr[6]                                      ; rd_addr[12]                                                                                                 ; raster_clk   ; raster_clk  ; 0.000        ; 0.238      ; 0.719      ;
; 0.398 ; rd_addr[5]                                      ; screen_mem:u_screen_mem|altsyncram:mem_rtl_0|altsyncram_iig1:auto_generated|ram_block1a5~portb_address_reg0 ; raster_clk   ; raster_clk  ; 0.000        ; 0.028      ; 0.530      ;
; 0.400 ; rd_addr[8]                                      ; screen_mem:u_screen_mem|altsyncram:mem_rtl_0|altsyncram_iig1:auto_generated|ram_block1a0~portb_address_reg0 ; raster_clk   ; raster_clk  ; 0.000        ; 0.029      ; 0.533      ;
; 0.410 ; rasterizer:u_rasterizer|current_x[3]            ; screen_mem:u_screen_mem|altsyncram:mem_rtl_0|altsyncram_iig1:auto_generated|ram_block1a2~porta_address_reg0 ; raster_clk   ; raster_clk  ; 0.000        ; 0.233      ; 0.747      ;
; 0.412 ; rasterizer:u_rasterizer|current_state.DONE      ; rasterizer:u_rasterizer|box_count                                                                           ; raster_clk   ; raster_clk  ; 0.000        ; 0.037      ; 0.533      ;
; 0.445 ; rd_addr[13]                                     ; rd_addr[14]                                                                                                 ; raster_clk   ; raster_clk  ; 0.000        ; 0.045      ; 0.574      ;
; 0.446 ; rasterizer:u_rasterizer|current_state.IDLE      ; rasterizer:u_rasterizer|current_state.RASTERIZE                                                             ; raster_clk   ; raster_clk  ; 0.000        ; 0.037      ; 0.567      ;
; 0.446 ; rasterizer:u_rasterizer|current_state.IDLE      ; rasterizer:u_rasterizer|current_state.BOX                                                                   ; raster_clk   ; raster_clk  ; 0.000        ; 0.037      ; 0.567      ;
; 0.446 ; rd_addr[3]                                      ; rd_addr[4]                                                                                                  ; raster_clk   ; raster_clk  ; 0.000        ; 0.044      ; 0.574      ;
; 0.447 ; rd_addr[1]                                      ; rd_addr[2]                                                                                                  ; raster_clk   ; raster_clk  ; 0.000        ; 0.044      ; 0.575      ;
; 0.449 ; rd_addr[13]                                     ; rd_addr[13]                                                                                                 ; raster_clk   ; raster_clk  ; 0.000        ; 0.045      ; 0.578      ;
; 0.453 ; rd_addr[11]                                     ; rd_addr[12]                                                                                                 ; raster_clk   ; raster_clk  ; 0.000        ; 0.045      ; 0.582      ;
; 0.455 ; rd_addr[7]                                      ; rd_addr[8]                                                                                                  ; raster_clk   ; raster_clk  ; 0.000        ; 0.045      ; 0.584      ;
; 0.455 ; rd_addr[14]                                     ; rd_addr[15]                                                                                                 ; raster_clk   ; raster_clk  ; 0.000        ; 0.045      ; 0.584      ;
; 0.455 ; rd_addr[8]                                      ; rd_addr[9]                                                                                                  ; raster_clk   ; raster_clk  ; 0.000        ; 0.045      ; 0.584      ;
; 0.456 ; rd_addr[0]                                      ; rd_addr[1]                                                                                                  ; raster_clk   ; raster_clk  ; 0.000        ; 0.044      ; 0.584      ;
; 0.458 ; rd_addr[11]                                     ; rd_addr[11]                                                                                                 ; raster_clk   ; raster_clk  ; 0.000        ; 0.045      ; 0.587      ;
; 0.459 ; rd_addr[0]                                      ; rd_addr[2]                                                                                                  ; raster_clk   ; raster_clk  ; 0.000        ; 0.044      ; 0.587      ;
; 0.460 ; rasterizer:u_rasterizer|current_x[1]            ; screen_mem:u_screen_mem|altsyncram:mem_rtl_0|altsyncram_iig1:auto_generated|ram_block1a0~porta_address_reg0 ; raster_clk   ; raster_clk  ; 0.000        ; 0.235      ; 0.799      ;
; 0.461 ; rd_addr[4]                                      ; rd_addr[5]                                                                                                  ; raster_clk   ; raster_clk  ; 0.000        ; 0.044      ; 0.589      ;
; 0.462 ; rasterizer:u_rasterizer|box_count               ; rasterizer:u_rasterizer|current_state.RASTERIZE                                                             ; raster_clk   ; raster_clk  ; 0.000        ; 0.037      ; 0.583      ;
; 0.463 ; rd_addr[6]                                      ; rd_addr[14]                                                                                                 ; raster_clk   ; raster_clk  ; 0.000        ; 0.238      ; 0.785      ;
; 0.464 ; rd_addr[12]                                     ; rd_addr[14]                                                                                                 ; raster_clk   ; raster_clk  ; 0.000        ; 0.045      ; 0.593      ;
; 0.465 ; rd_addr[10]                                     ; rd_addr[12]                                                                                                 ; raster_clk   ; raster_clk  ; 0.000        ; 0.045      ; 0.594      ;
; 0.467 ; rd_addr[15]                                     ; screen_mem:u_screen_mem|altsyncram:mem_rtl_0|altsyncram_iig1:auto_generated|address_reg_b[2]                ; raster_clk   ; raster_clk  ; 0.000        ; -0.155     ; 0.396      ;
; 0.469 ; rd_addr[13]                                     ; screen_mem:u_screen_mem|altsyncram:mem_rtl_0|altsyncram_iig1:auto_generated|address_reg_b[0]                ; raster_clk   ; raster_clk  ; 0.000        ; -0.155     ; 0.398      ;
; 0.469 ; rd_addr[2]                                      ; rd_addr[3]                                                                                                  ; raster_clk   ; raster_clk  ; 0.000        ; 0.044      ; 0.597      ;
; 0.472 ; rd_addr[2]                                      ; rd_addr[4]                                                                                                  ; raster_clk   ; raster_clk  ; 0.000        ; 0.044      ; 0.600      ;
; 0.477 ; rasterizer:u_rasterizer|current_x[0]            ; screen_mem:u_screen_mem|altsyncram:mem_rtl_0|altsyncram_iig1:auto_generated|ram_block1a6~porta_address_reg0 ; raster_clk   ; raster_clk  ; 0.000        ; 0.235      ; 0.816      ;
; 0.481 ; rasterizer:u_rasterizer|current_x[1]            ; screen_mem:u_screen_mem|altsyncram:mem_rtl_0|altsyncram_iig1:auto_generated|ram_block1a5~porta_address_reg0 ; raster_clk   ; raster_clk  ; 0.000        ; 0.234      ; 0.819      ;
; 0.482 ; rasterizer:u_rasterizer|current_x[1]            ; screen_mem:u_screen_mem|altsyncram:mem_rtl_0|altsyncram_iig1:auto_generated|ram_block1a7~porta_address_reg0 ; raster_clk   ; raster_clk  ; 0.000        ; 0.232      ; 0.818      ;
; 0.485 ; rasterizer:u_rasterizer|current_x[0]            ; screen_mem:u_screen_mem|altsyncram:mem_rtl_0|altsyncram_iig1:auto_generated|ram_block1a5~porta_address_reg0 ; raster_clk   ; raster_clk  ; 0.000        ; 0.234      ; 0.823      ;
; 0.485 ; rasterizer:u_rasterizer|current_x[0]            ; screen_mem:u_screen_mem|altsyncram:mem_rtl_0|altsyncram_iig1:auto_generated|ram_block1a1~porta_address_reg0 ; raster_clk   ; raster_clk  ; 0.000        ; 0.240      ; 0.829      ;
; 0.485 ; rd_addr[6]                                      ; screen_mem:u_screen_mem|altsyncram:mem_rtl_0|altsyncram_iig1:auto_generated|ram_block1a7~portb_address_reg0 ; raster_clk   ; raster_clk  ; 0.000        ; 0.219      ; 0.808      ;
; 0.487 ; rasterizer:u_rasterizer|current_x[2]            ; screen_mem:u_screen_mem|altsyncram:mem_rtl_0|altsyncram_iig1:auto_generated|ram_block1a7~porta_address_reg0 ; raster_clk   ; raster_clk  ; 0.000        ; 0.232      ; 0.823      ;
; 0.487 ; rasterizer:u_rasterizer|current_x[2]            ; screen_mem:u_screen_mem|altsyncram:mem_rtl_0|altsyncram_iig1:auto_generated|ram_block1a1~porta_address_reg0 ; raster_clk   ; raster_clk  ; 0.000        ; 0.240      ; 0.831      ;
; 0.488 ; rasterizer:u_rasterizer|current_x[4]            ; screen_mem:u_screen_mem|altsyncram:mem_rtl_0|altsyncram_iig1:auto_generated|ram_block1a5~porta_address_reg0 ; raster_clk   ; raster_clk  ; 0.000        ; 0.234      ; 0.826      ;
; 0.490 ; rasterizer:u_rasterizer|current_x[4]            ; screen_mem:u_screen_mem|altsyncram:mem_rtl_0|altsyncram_iig1:auto_generated|ram_block1a6~porta_address_reg0 ; raster_clk   ; raster_clk  ; 0.000        ; 0.235      ; 0.829      ;
; 0.492 ; rasterizer:u_rasterizer|current_x[1]            ; screen_mem:u_screen_mem|altsyncram:mem_rtl_0|altsyncram_iig1:auto_generated|ram_block1a8~porta_address_reg0 ; raster_clk   ; raster_clk  ; 0.000        ; 0.229      ; 0.825      ;
; 0.492 ; rasterizer:u_rasterizer|current_x[0]            ; screen_mem:u_screen_mem|altsyncram:mem_rtl_0|altsyncram_iig1:auto_generated|ram_block1a9~porta_address_reg0 ; raster_clk   ; raster_clk  ; 0.000        ; 0.236      ; 0.832      ;
; 0.495 ; rasterizer:u_rasterizer|current_x[1]            ; screen_mem:u_screen_mem|altsyncram:mem_rtl_0|altsyncram_iig1:auto_generated|ram_block1a3~porta_address_reg0 ; raster_clk   ; raster_clk  ; 0.000        ; 0.228      ; 0.827      ;
; 0.496 ; rasterizer:u_rasterizer|current_x[4]            ; screen_mem:u_screen_mem|altsyncram:mem_rtl_0|altsyncram_iig1:auto_generated|ram_block1a1~porta_address_reg0 ; raster_clk   ; raster_clk  ; 0.000        ; 0.240      ; 0.840      ;
; 0.497 ; rasterizer:u_rasterizer|current_x[0]            ; screen_mem:u_screen_mem|altsyncram:mem_rtl_0|altsyncram_iig1:auto_generated|ram_block1a7~porta_address_reg0 ; raster_clk   ; raster_clk  ; 0.000        ; 0.232      ; 0.833      ;
; 0.497 ; rasterizer:u_rasterizer|current_x[4]            ; screen_mem:u_screen_mem|altsyncram:mem_rtl_0|altsyncram_iig1:auto_generated|ram_block1a7~porta_address_reg0 ; raster_clk   ; raster_clk  ; 0.000        ; 0.232      ; 0.833      ;
; 0.498 ; rasterizer:u_rasterizer|current_x[0]            ; screen_mem:u_screen_mem|altsyncram:mem_rtl_0|altsyncram_iig1:auto_generated|ram_block1a8~porta_address_reg0 ; raster_clk   ; raster_clk  ; 0.000        ; 0.229      ; 0.831      ;
; 0.500 ; rd_addr[0]                                      ; screen_mem:u_screen_mem|altsyncram:mem_rtl_0|altsyncram_iig1:auto_generated|ram_block1a4~portb_address_reg0 ; raster_clk   ; raster_clk  ; 0.000        ; 0.028      ; 0.632      ;
; 0.503 ; rasterizer:u_rasterizer|current_x[4]            ; screen_mem:u_screen_mem|altsyncram:mem_rtl_0|altsyncram_iig1:auto_generated|ram_block1a3~porta_address_reg0 ; raster_clk   ; raster_clk  ; 0.000        ; 0.228      ; 0.835      ;
; 0.504 ; rasterizer:u_rasterizer|current_x[1]            ; screen_mem:u_screen_mem|altsyncram:mem_rtl_0|altsyncram_iig1:auto_generated|ram_block1a2~porta_address_reg0 ; raster_clk   ; raster_clk  ; 0.000        ; 0.233      ; 0.841      ;
; 0.504 ; rd_addr[1]                                      ; rd_addr[16]                                                                                                 ; raster_clk   ; raster_clk  ; 0.000        ; 0.045      ; 0.633      ;
; 0.504 ; rd_addr[1]                                      ; rd_addr[11]                                                                                                 ; raster_clk   ; raster_clk  ; 0.000        ; 0.045      ; 0.633      ;
; 0.505 ; rasterizer:u_rasterizer|current_x[2]            ; screen_mem:u_screen_mem|altsyncram:mem_rtl_0|altsyncram_iig1:auto_generated|ram_block1a2~porta_address_reg0 ; raster_clk   ; raster_clk  ; 0.000        ; 0.233      ; 0.842      ;
; 0.505 ; rd_addr[1]                                      ; rd_addr[13]                                                                                                 ; raster_clk   ; raster_clk  ; 0.000        ; 0.045      ; 0.634      ;
+-------+-------------------------------------------------+-------------------------------------------------------------------------------------------------------------+--------------+-------------+--------------+------------+------------+


----------------------------------------------
; Fast 1200mV 0C Model Metastability Summary ;
----------------------------------------------
No synchronizer chains to report.


+--------------------------------------------------------------------------------+
; Multicorner Timing Analysis Summary                                            ;
+------------------+----------+-------+----------+---------+---------------------+
; Clock            ; Setup    ; Hold  ; Recovery ; Removal ; Minimum Pulse Width ;
+------------------+----------+-------+----------+---------+---------------------+
; Worst-case Slack ; -15.945  ; 0.186 ; N/A      ; N/A     ; -3.201              ;
;  raster_clk      ; -15.945  ; 0.186 ; N/A      ; N/A     ; -3.201              ;
; Design-wide TNS  ; -761.196 ; 0.0   ; 0.0      ; 0.0     ; -247.73             ;
;  raster_clk      ; -761.196 ; 0.000 ; N/A      ; N/A     ; -247.730            ;
+------------------+----------+-------+----------+---------+---------------------+


+------------------------------------------------------------------------------------------------------------------------------------------------------------------------------------------------------------------------------------------------------------------------------------------------------------------------------------------------------------------------------------------------------------------+
; Board Trace Model Assignments                                                                                                                                                                                                                                                                                                                                                                                    ;
+---------------+--------------+-------------------+-------------------------+-------------------------+---------------+---------------------+----------------+------------------+--------+------------------+------------------------+------------------------+--------------+---------------+-----------------+-------+---------------------+--------------------+---------------+-----------------+-------------+
; Pin           ; I/O Standard ; Near Tline Length ; Near Tline L per Length ; Near Tline C per Length ; Near Series R ; Near Differential R ; Near Pull-up R ; Near Pull-down R ; Near C ; Far Tline Length ; Far Tline L per Length ; Far Tline C per Length ; Far Series R ; Far Pull-up R ; Far Pull-down R ; Far C ; Termination Voltage ; Far Differential R ; EBD File Name ; EBD Signal Name ; EBD Far-end ;
+---------------+--------------+-------------------+-------------------------+-------------------------+---------------+---------------------+----------------+------------------+--------+------------------+------------------------+------------------------+--------------+---------------+-----------------+-------+---------------------+--------------------+---------------+-----------------+-------------+
; done          ; 2.5 V        ; 0 in              ; 0 H/in                  ; 0 F/in                  ; short         ; -                   ; open           ; open             ; open   ; 0 in             ; 0 H/in                 ; 0 F/in                 ; short        ; open          ; open            ; open  ; 0 V                 ; -                  ; n/a           ; n/a             ; n/a         ;
; pixel_out     ; 2.5 V        ; 0 in              ; 0 H/in                  ; 0 F/in                  ; short         ; -                   ; open           ; open             ; open   ; 0 in             ; 0 H/in                 ; 0 F/in                 ; short        ; open          ; open            ; open  ; 0 V                 ; -                  ; n/a           ; n/a             ; n/a         ;
; ~ALTERA_DCLK~ ; 2.5 V        ; 0 in              ; 0 H/in                  ; 0 F/in                  ; short         ; -                   ; open           ; open             ; open   ; 0 in             ; 0 H/in                 ; 0 F/in                 ; short        ; open          ; open            ; open  ; 0 V                 ; -                  ; n/a           ; n/a             ; n/a         ;
; ~ALTERA_nCEO~ ; 2.5 V        ; 0 in              ; 0 H/in                  ; 0 F/in                  ; short         ; -                   ; open           ; open             ; open   ; 0 in             ; 0 H/in                 ; 0 F/in                 ; short        ; open          ; open            ; open  ; 0 V                 ; -                  ; n/a           ; n/a             ; n/a         ;
+---------------+--------------+-------------------+-------------------------+-------------------------+---------------+---------------------+----------------+------------------+--------+------------------+------------------------+------------------------+--------------+---------------+-----------------+-------+---------------------+--------------------+---------------+-----------------+-------------+


+----------------------------------------------------------------------------+
; Input Transition Times                                                     ;
+-------------------------+--------------+-----------------+-----------------+
; Pin                     ; I/O Standard ; 10-90 Rise Time ; 90-10 Fall Time ;
+-------------------------+--------------+-----------------+-----------------+
; clk                     ; 2.5 V        ; 2000 ps         ; 2000 ps         ;
; rst_n                   ; 2.5 V        ; 2000 ps         ; 2000 ps         ;
; start                   ; 2.5 V        ; 2000 ps         ; 2000 ps         ;
; y2[8]                   ; 2.5 V        ; 2000 ps         ; 2000 ps         ;
; y1[8]                   ; 2.5 V        ; 2000 ps         ; 2000 ps         ;
; y2[7]                   ; 2.5 V        ; 2000 ps         ; 2000 ps         ;
; y1[7]                   ; 2.5 V        ; 2000 ps         ; 2000 ps         ;
; y2[6]                   ; 2.5 V        ; 2000 ps         ; 2000 ps         ;
; y1[6]                   ; 2.5 V        ; 2000 ps         ; 2000 ps         ;
; y2[5]                   ; 2.5 V        ; 2000 ps         ; 2000 ps         ;
; y1[5]                   ; 2.5 V        ; 2000 ps         ; 2000 ps         ;
; y2[4]                   ; 2.5 V        ; 2000 ps         ; 2000 ps         ;
; y1[4]                   ; 2.5 V        ; 2000 ps         ; 2000 ps         ;
; y2[3]                   ; 2.5 V        ; 2000 ps         ; 2000 ps         ;
; y1[3]                   ; 2.5 V        ; 2000 ps         ; 2000 ps         ;
; y2[2]                   ; 2.5 V        ; 2000 ps         ; 2000 ps         ;
; y1[2]                   ; 2.5 V        ; 2000 ps         ; 2000 ps         ;
; y2[1]                   ; 2.5 V        ; 2000 ps         ; 2000 ps         ;
; y1[1]                   ; 2.5 V        ; 2000 ps         ; 2000 ps         ;
; y2[0]                   ; 2.5 V        ; 2000 ps         ; 2000 ps         ;
; y1[0]                   ; 2.5 V        ; 2000 ps         ; 2000 ps         ;
; y3[8]                   ; 2.5 V        ; 2000 ps         ; 2000 ps         ;
; y3[7]                   ; 2.5 V        ; 2000 ps         ; 2000 ps         ;
; y3[6]                   ; 2.5 V        ; 2000 ps         ; 2000 ps         ;
; y3[5]                   ; 2.5 V        ; 2000 ps         ; 2000 ps         ;
; y3[4]                   ; 2.5 V        ; 2000 ps         ; 2000 ps         ;
; y3[3]                   ; 2.5 V        ; 2000 ps         ; 2000 ps         ;
; y3[2]                   ; 2.5 V        ; 2000 ps         ; 2000 ps         ;
; y3[1]                   ; 2.5 V        ; 2000 ps         ; 2000 ps         ;
; y3[0]                   ; 2.5 V        ; 2000 ps         ; 2000 ps         ;
; x1[1]                   ; 2.5 V        ; 2000 ps         ; 2000 ps         ;
; x2[1]                   ; 2.5 V        ; 2000 ps         ; 2000 ps         ;
; x3[1]                   ; 2.5 V        ; 2000 ps         ; 2000 ps         ;
; x3[8]                   ; 2.5 V        ; 2000 ps         ; 2000 ps         ;
; x2[8]                   ; 2.5 V        ; 2000 ps         ; 2000 ps         ;
; x3[7]                   ; 2.5 V        ; 2000 ps         ; 2000 ps         ;
; x2[7]                   ; 2.5 V        ; 2000 ps         ; 2000 ps         ;
; x3[6]                   ; 2.5 V        ; 2000 ps         ; 2000 ps         ;
; x2[6]                   ; 2.5 V        ; 2000 ps         ; 2000 ps         ;
; x3[5]                   ; 2.5 V        ; 2000 ps         ; 2000 ps         ;
; x2[5]                   ; 2.5 V        ; 2000 ps         ; 2000 ps         ;
; x3[4]                   ; 2.5 V        ; 2000 ps         ; 2000 ps         ;
; x2[4]                   ; 2.5 V        ; 2000 ps         ; 2000 ps         ;
; x3[3]                   ; 2.5 V        ; 2000 ps         ; 2000 ps         ;
; x2[3]                   ; 2.5 V        ; 2000 ps         ; 2000 ps         ;
; x3[2]                   ; 2.5 V        ; 2000 ps         ; 2000 ps         ;
; x2[2]                   ; 2.5 V        ; 2000 ps         ; 2000 ps         ;
; x3[0]                   ; 2.5 V        ; 2000 ps         ; 2000 ps         ;
; x2[0]                   ; 2.5 V        ; 2000 ps         ; 2000 ps         ;
; x1[8]                   ; 2.5 V        ; 2000 ps         ; 2000 ps         ;
; x1[7]                   ; 2.5 V        ; 2000 ps         ; 2000 ps         ;
; x1[6]                   ; 2.5 V        ; 2000 ps         ; 2000 ps         ;
; x1[5]                   ; 2.5 V        ; 2000 ps         ; 2000 ps         ;
; x1[4]                   ; 2.5 V        ; 2000 ps         ; 2000 ps         ;
; x1[3]                   ; 2.5 V        ; 2000 ps         ; 2000 ps         ;
; x1[2]                   ; 2.5 V        ; 2000 ps         ; 2000 ps         ;
; x1[0]                   ; 2.5 V        ; 2000 ps         ; 2000 ps         ;
; ~ALTERA_ASDO_DATA1~     ; 2.5 V        ; 2000 ps         ; 2000 ps         ;
; ~ALTERA_FLASH_nCE_nCSO~ ; 2.5 V        ; 2000 ps         ; 2000 ps         ;
; ~ALTERA_DATA0~          ; 2.5 V        ; 2000 ps         ; 2000 ps         ;
+-------------------------+--------------+-----------------+-----------------+


+--------------------------------------------------------------------------------------------------------------------------------------------------------------------------------------------------------------------------------------------------------------------------------------------------------------------------------------------------------------------------------------------------------------------------------------------------------------------------------------------------------------------------------------------------------------------------------------------------------------------------------------------------------------------------------------------+
; Signal Integrity Metrics (Slow 1200mv 0c Model)                                                                                                                                                                                                                                                                                                                                                                                                                                                                                                                                                                                                                                            ;
+---------------+--------------+---------------------+---------------------+------------------------------+------------------------------+---------------------+---------------------+--------------------------------------+--------------------------------------+-----------------------------+-----------------------------+----------------------------+----------------------------+-----------------------------+-----------------------------+--------------------+--------------------+-------------------------------------+-------------------------------------+----------------------------+----------------------------+---------------------------+---------------------------+
; Pin           ; I/O Standard ; Board Delay on Rise ; Board Delay on Fall ; Steady State Voh at FPGA Pin ; Steady State Vol at FPGA Pin ; Voh Max at FPGA Pin ; Vol Min at FPGA Pin ; Ringback Voltage on Rise at FPGA Pin ; Ringback Voltage on Fall at FPGA Pin ; 10-90 Rise Time at FPGA Pin ; 90-10 Fall Time at FPGA Pin ; Monotonic Rise at FPGA Pin ; Monotonic Fall at FPGA Pin ; Steady State Voh at Far-end ; Steady State Vol at Far-end ; Voh Max at Far-end ; Vol Min at Far-end ; Ringback Voltage on Rise at Far-end ; Ringback Voltage on Fall at Far-end ; 10-90 Rise Time at Far-end ; 90-10 Fall Time at Far-end ; Monotonic Rise at Far-end ; Monotonic Fall at Far-end ;
+---------------+--------------+---------------------+---------------------+------------------------------+------------------------------+---------------------+---------------------+--------------------------------------+--------------------------------------+-----------------------------+-----------------------------+----------------------------+----------------------------+-----------------------------+-----------------------------+--------------------+--------------------+-------------------------------------+-------------------------------------+----------------------------+----------------------------+---------------------------+---------------------------+
; done          ; 2.5 V        ; 0 s                 ; 0 s                 ; 2.32 V                       ; 2.07e-09 V                   ; 2.36 V              ; -0.00737 V          ; 0.209 V                              ; 0.012 V                              ; 5.22e-10 s                  ; 5.33e-10 s                  ; Yes                        ; Yes                        ; 2.32 V                      ; 2.07e-09 V                  ; 2.36 V             ; -0.00737 V         ; 0.209 V                             ; 0.012 V                             ; 5.22e-10 s                 ; 5.33e-10 s                 ; Yes                       ; Yes                       ;
; pixel_out     ; 2.5 V        ; 0 s                 ; 0 s                 ; 2.32 V                       ; 2.8e-09 V                    ; 2.33 V              ; -0.00425 V          ; 0.168 V                              ; 0.058 V                              ; 3.12e-09 s                  ; 2.87e-09 s                  ; Yes                        ; Yes                        ; 2.32 V                      ; 2.8e-09 V                   ; 2.33 V             ; -0.00425 V         ; 0.168 V                             ; 0.058 V                             ; 3.12e-09 s                 ; 2.87e-09 s                 ; Yes                       ; Yes                       ;
; ~ALTERA_DCLK~ ; 2.5 V        ; 0 s                 ; 0 s                 ; 2.32 V                       ; 1.74e-09 V                   ; 2.37 V              ; -0.0346 V           ; 0.198 V                              ; 0.094 V                              ; 3.14e-10 s                  ; 2.92e-10 s                  ; Yes                        ; Yes                        ; 2.32 V                      ; 1.74e-09 V                  ; 2.37 V             ; -0.0346 V          ; 0.198 V                             ; 0.094 V                             ; 3.14e-10 s                 ; 2.92e-10 s                 ; Yes                       ; Yes                       ;
; ~ALTERA_nCEO~ ; 2.5 V        ; 0 s                 ; 0 s                 ; 2.32 V                       ; 2.57e-09 V                   ; 2.37 V              ; -0.00683 V          ; 0.171 V                              ; 0.018 V                              ; 4.97e-10 s                  ; 6.66e-10 s                  ; Yes                        ; Yes                        ; 2.32 V                      ; 2.57e-09 V                  ; 2.37 V             ; -0.00683 V         ; 0.171 V                             ; 0.018 V                             ; 4.97e-10 s                 ; 6.66e-10 s                 ; Yes                       ; Yes                       ;
+---------------+--------------+---------------------+---------------------+------------------------------+------------------------------+---------------------+---------------------+--------------------------------------+--------------------------------------+-----------------------------+-----------------------------+----------------------------+----------------------------+-----------------------------+-----------------------------+--------------------+--------------------+-------------------------------------+-------------------------------------+----------------------------+----------------------------+---------------------------+---------------------------+


+--------------------------------------------------------------------------------------------------------------------------------------------------------------------------------------------------------------------------------------------------------------------------------------------------------------------------------------------------------------------------------------------------------------------------------------------------------------------------------------------------------------------------------------------------------------------------------------------------------------------------------------------------------------------------------------------+
; Signal Integrity Metrics (Slow 1200mv 85c Model)                                                                                                                                                                                                                                                                                                                                                                                                                                                                                                                                                                                                                                           ;
+---------------+--------------+---------------------+---------------------+------------------------------+------------------------------+---------------------+---------------------+--------------------------------------+--------------------------------------+-----------------------------+-----------------------------+----------------------------+----------------------------+-----------------------------+-----------------------------+--------------------+--------------------+-------------------------------------+-------------------------------------+----------------------------+----------------------------+---------------------------+---------------------------+
; Pin           ; I/O Standard ; Board Delay on Rise ; Board Delay on Fall ; Steady State Voh at FPGA Pin ; Steady State Vol at FPGA Pin ; Voh Max at FPGA Pin ; Vol Min at FPGA Pin ; Ringback Voltage on Rise at FPGA Pin ; Ringback Voltage on Fall at FPGA Pin ; 10-90 Rise Time at FPGA Pin ; 90-10 Fall Time at FPGA Pin ; Monotonic Rise at FPGA Pin ; Monotonic Fall at FPGA Pin ; Steady State Voh at Far-end ; Steady State Vol at Far-end ; Voh Max at Far-end ; Vol Min at Far-end ; Ringback Voltage on Rise at Far-end ; Ringback Voltage on Fall at Far-end ; 10-90 Rise Time at Far-end ; 90-10 Fall Time at Far-end ; Monotonic Rise at Far-end ; Monotonic Fall at Far-end ;
+---------------+--------------+---------------------+---------------------+------------------------------+------------------------------+---------------------+---------------------+--------------------------------------+--------------------------------------+-----------------------------+-----------------------------+----------------------------+----------------------------+-----------------------------+-----------------------------+--------------------+--------------------+-------------------------------------+-------------------------------------+----------------------------+----------------------------+---------------------------+---------------------------+
; done          ; 2.5 V        ; 0 s                 ; 0 s                 ; 2.32 V                       ; 1.93e-07 V                   ; 2.34 V              ; -0.00869 V          ; 0.14 V                               ; 0.046 V                              ; 6.89e-10 s                  ; 6.56e-10 s                  ; Yes                        ; Yes                        ; 2.32 V                      ; 1.93e-07 V                  ; 2.34 V             ; -0.00869 V         ; 0.14 V                              ; 0.046 V                             ; 6.89e-10 s                 ; 6.56e-10 s                 ; Yes                       ; Yes                       ;
; pixel_out     ; 2.5 V        ; 0 s                 ; 0 s                 ; 2.32 V                       ; 2.85e-07 V                   ; 2.33 V              ; -0.00229 V          ; 0.111 V                              ; 0.057 V                              ; 3.78e-09 s                  ; 3.5e-09 s                   ; Yes                        ; Yes                        ; 2.32 V                      ; 2.85e-07 V                  ; 2.33 V             ; -0.00229 V         ; 0.111 V                             ; 0.057 V                             ; 3.78e-09 s                 ; 3.5e-09 s                  ; Yes                       ; Yes                       ;
; ~ALTERA_DCLK~ ; 2.5 V        ; 0 s                 ; 0 s                 ; 2.32 V                       ; 1.55e-07 V                   ; 2.35 V              ; -0.00221 V          ; 0.097 V                              ; 0.005 V                              ; 4.49e-10 s                  ; 3.85e-10 s                  ; Yes                        ; Yes                        ; 2.32 V                      ; 1.55e-07 V                  ; 2.35 V             ; -0.00221 V         ; 0.097 V                             ; 0.005 V                             ; 4.49e-10 s                 ; 3.85e-10 s                 ; Yes                       ; Yes                       ;
; ~ALTERA_nCEO~ ; 2.5 V        ; 0 s                 ; 0 s                 ; 2.32 V                       ; 2.54e-07 V                   ; 2.34 V              ; -0.00774 V          ; 0.109 V                              ; 0.026 V                              ; 6.58e-10 s                  ; 8.24e-10 s                  ; Yes                        ; Yes                        ; 2.32 V                      ; 2.54e-07 V                  ; 2.34 V             ; -0.00774 V         ; 0.109 V                             ; 0.026 V                             ; 6.58e-10 s                 ; 8.24e-10 s                 ; Yes                       ; Yes                       ;
+---------------+--------------+---------------------+---------------------+------------------------------+------------------------------+---------------------+---------------------+--------------------------------------+--------------------------------------+-----------------------------+-----------------------------+----------------------------+----------------------------+-----------------------------+-----------------------------+--------------------+--------------------+-------------------------------------+-------------------------------------+----------------------------+----------------------------+---------------------------+---------------------------+


+--------------------------------------------------------------------------------------------------------------------------------------------------------------------------------------------------------------------------------------------------------------------------------------------------------------------------------------------------------------------------------------------------------------------------------------------------------------------------------------------------------------------------------------------------------------------------------------------------------------------------------------------------------------------------------------------+
; Signal Integrity Metrics (Fast 1200mv 0c Model)                                                                                                                                                                                                                                                                                                                                                                                                                                                                                                                                                                                                                                            ;
+---------------+--------------+---------------------+---------------------+------------------------------+------------------------------+---------------------+---------------------+--------------------------------------+--------------------------------------+-----------------------------+-----------------------------+----------------------------+----------------------------+-----------------------------+-----------------------------+--------------------+--------------------+-------------------------------------+-------------------------------------+----------------------------+----------------------------+---------------------------+---------------------------+
; Pin           ; I/O Standard ; Board Delay on Rise ; Board Delay on Fall ; Steady State Voh at FPGA Pin ; Steady State Vol at FPGA Pin ; Voh Max at FPGA Pin ; Vol Min at FPGA Pin ; Ringback Voltage on Rise at FPGA Pin ; Ringback Voltage on Fall at FPGA Pin ; 10-90 Rise Time at FPGA Pin ; 90-10 Fall Time at FPGA Pin ; Monotonic Rise at FPGA Pin ; Monotonic Fall at FPGA Pin ; Steady State Voh at Far-end ; Steady State Vol at Far-end ; Voh Max at Far-end ; Vol Min at Far-end ; Ringback Voltage on Rise at Far-end ; Ringback Voltage on Fall at Far-end ; 10-90 Rise Time at Far-end ; 90-10 Fall Time at Far-end ; Monotonic Rise at Far-end ; Monotonic Fall at Far-end ;
+---------------+--------------+---------------------+---------------------+------------------------------+------------------------------+---------------------+---------------------+--------------------------------------+--------------------------------------+-----------------------------+-----------------------------+----------------------------+----------------------------+-----------------------------+-----------------------------+--------------------+--------------------+-------------------------------------+-------------------------------------+----------------------------+----------------------------+---------------------------+---------------------------+
; done          ; 2.5 V        ; 0 s                 ; 0 s                 ; 2.62 V                       ; 2.74e-08 V                   ; 2.71 V              ; -0.0317 V           ; 0.148 V                              ; 0.064 V                              ; 4.51e-10 s                  ; 4.15e-10 s                  ; No                         ; Yes                        ; 2.62 V                      ; 2.74e-08 V                  ; 2.71 V             ; -0.0317 V          ; 0.148 V                             ; 0.064 V                             ; 4.51e-10 s                 ; 4.15e-10 s                 ; No                        ; Yes                       ;
; pixel_out     ; 2.5 V        ; 0 s                 ; 0 s                 ; 2.62 V                       ; 4.05e-08 V                   ; 2.64 V              ; -0.0113 V           ; 0.208 V                              ; 0.179 V                              ; 2.38e-09 s                  ; 2.23e-09 s                  ; No                         ; Yes                        ; 2.62 V                      ; 4.05e-08 V                  ; 2.64 V             ; -0.0113 V          ; 0.208 V                             ; 0.179 V                             ; 2.38e-09 s                 ; 2.23e-09 s                 ; No                        ; Yes                       ;
; ~ALTERA_DCLK~ ; 2.5 V        ; 0 s                 ; 0 s                 ; 2.62 V                       ; 2.22e-08 V                   ; 2.74 V              ; -0.06 V             ; 0.158 V                              ; 0.08 V                               ; 2.68e-10 s                  ; 2.19e-10 s                  ; Yes                        ; Yes                        ; 2.62 V                      ; 2.22e-08 V                  ; 2.74 V             ; -0.06 V            ; 0.158 V                             ; 0.08 V                              ; 2.68e-10 s                 ; 2.19e-10 s                 ; Yes                       ; Yes                       ;
; ~ALTERA_nCEO~ ; 2.5 V        ; 0 s                 ; 0 s                 ; 2.62 V                       ; 3.54e-08 V                   ; 2.7 V               ; -0.00943 V          ; 0.276 V                              ; 0.035 V                              ; 3.19e-10 s                  ; 4.99e-10 s                  ; No                         ; Yes                        ; 2.62 V                      ; 3.54e-08 V                  ; 2.7 V              ; -0.00943 V         ; 0.276 V                             ; 0.035 V                             ; 3.19e-10 s                 ; 4.99e-10 s                 ; No                        ; Yes                       ;
+---------------+--------------+---------------------+---------------------+------------------------------+------------------------------+---------------------+---------------------+--------------------------------------+--------------------------------------+-----------------------------+-----------------------------+----------------------------+----------------------------+-----------------------------+-----------------------------+--------------------+--------------------+-------------------------------------+-------------------------------------+----------------------------+----------------------------+---------------------------+---------------------------+


+---------------------------------------------------------------------+
; Setup Transfers                                                     ;
+------------+------------+----------+----------+----------+----------+
; From Clock ; To Clock   ; RR Paths ; FR Paths ; RF Paths ; FF Paths ;
+------------+------------+----------+----------+----------+----------+
; raster_clk ; raster_clk ; 4255814  ; 0        ; 0        ; 0        ;
+------------+------------+----------+----------+----------+----------+
Entries labeled "false path" only account for clock-to-clock false paths and not path-based false paths. As a result, actual path counts may be lower than reported.


+---------------------------------------------------------------------+
; Hold Transfers                                                      ;
+------------+------------+----------+----------+----------+----------+
; From Clock ; To Clock   ; RR Paths ; FR Paths ; RF Paths ; FF Paths ;
+------------+------------+----------+----------+----------+----------+
; raster_clk ; raster_clk ; 4255814  ; 0        ; 0        ; 0        ;
+------------+------------+----------+----------+----------+----------+
Entries labeled "false path" only account for clock-to-clock false paths and not path-based false paths. As a result, actual path counts may be lower than reported.


---------------
; Report TCCS ;
---------------
No dedicated SERDES Transmitter circuitry present in device or used in design


---------------
; Report RSKM ;
---------------
No non-DPA dedicated SERDES Receiver circuitry present in device or used in design


+------------------------------------------------+
; Unconstrained Paths Summary                    ;
+---------------------------------+-------+------+
; Property                        ; Setup ; Hold ;
+---------------------------------+-------+------+
; Illegal Clocks                  ; 0     ; 0    ;
; Unconstrained Clocks            ; 0     ; 0    ;
; Unconstrained Input Ports       ; 56    ; 56   ;
; Unconstrained Input Port Paths  ; 153   ; 153  ;
; Unconstrained Output Ports      ; 2     ; 2    ;
; Unconstrained Output Port Paths ; 15    ; 15   ;
+---------------------------------+-------+------+


+------------------------------------------+
; Clock Status Summary                     ;
+--------+------------+------+-------------+
; Target ; Clock      ; Type ; Status      ;
+--------+------------+------+-------------+
; clk    ; raster_clk ; Base ; Constrained ;
+--------+------------+------+-------------+


+---------------------------------------------------------------------------------------------------+
; Unconstrained Input Ports                                                                         ;
+------------+--------------------------------------------------------------------------------------+
; Input Port ; Comment                                                                              ;
+------------+--------------------------------------------------------------------------------------+
; rst_n      ; No input delay, min/max delays, false-path exceptions, or max skew assignments found ;
; start      ; No input delay, min/max delays, false-path exceptions, or max skew assignments found ;
; x1[0]      ; No input delay, min/max delays, false-path exceptions, or max skew assignments found ;
; x1[1]      ; No input delay, min/max delays, false-path exceptions, or max skew assignments found ;
; x1[2]      ; No input delay, min/max delays, false-path exceptions, or max skew assignments found ;
; x1[3]      ; No input delay, min/max delays, false-path exceptions, or max skew assignments found ;
; x1[4]      ; No input delay, min/max delays, false-path exceptions, or max skew assignments found ;
; x1[5]      ; No input delay, min/max delays, false-path exceptions, or max skew assignments found ;
; x1[6]      ; No input delay, min/max delays, false-path exceptions, or max skew assignments found ;
; x1[7]      ; No input delay, min/max delays, false-path exceptions, or max skew assignments found ;
; x1[8]      ; No input delay, min/max delays, false-path exceptions, or max skew assignments found ;
; x2[0]      ; No input delay, min/max delays, false-path exceptions, or max skew assignments found ;
; x2[1]      ; No input delay, min/max delays, false-path exceptions, or max skew assignments found ;
; x2[2]      ; No input delay, min/max delays, false-path exceptions, or max skew assignments found ;
; x2[3]      ; No input delay, min/max delays, false-path exceptions, or max skew assignments found ;
; x2[4]      ; No input delay, min/max delays, false-path exceptions, or max skew assignments found ;
; x2[5]      ; No input delay, min/max delays, false-path exceptions, or max skew assignments found ;
; x2[6]      ; No input delay, min/max delays, false-path exceptions, or max skew assignments found ;
; x2[7]      ; No input delay, min/max delays, false-path exceptions, or max skew assignments found ;
; x2[8]      ; No input delay, min/max delays, false-path exceptions, or max skew assignments found ;
; x3[0]      ; No input delay, min/max delays, false-path exceptions, or max skew assignments found ;
; x3[1]      ; No input delay, min/max delays, false-path exceptions, or max skew assignments found ;
; x3[2]      ; No input delay, min/max delays, false-path exceptions, or max skew assignments found ;
; x3[3]      ; No input delay, min/max delays, false-path exceptions, or max skew assignments found ;
; x3[4]      ; No input delay, min/max delays, false-path exceptions, or max skew assignments found ;
; x3[5]      ; No input delay, min/max delays, false-path exceptions, or max skew assignments found ;
; x3[6]      ; No input delay, min/max delays, false-path exceptions, or max skew assignments found ;
; x3[7]      ; No input delay, min/max delays, false-path exceptions, or max skew assignments found ;
; x3[8]      ; No input delay, min/max delays, false-path exceptions, or max skew assignments found ;
; y1[0]      ; No input delay, min/max delays, false-path exceptions, or max skew assignments found ;
; y1[1]      ; No input delay, min/max delays, false-path exceptions, or max skew assignments found ;
; y1[2]      ; No input delay, min/max delays, false-path exceptions, or max skew assignments found ;
; y1[3]      ; No input delay, min/max delays, false-path exceptions, or max skew assignments found ;
; y1[4]      ; No input delay, min/max delays, false-path exceptions, or max skew assignments found ;
; y1[5]      ; No input delay, min/max delays, false-path exceptions, or max skew assignments found ;
; y1[6]      ; No input delay, min/max delays, false-path exceptions, or max skew assignments found ;
; y1[7]      ; No input delay, min/max delays, false-path exceptions, or max skew assignments found ;
; y1[8]      ; No input delay, min/max delays, false-path exceptions, or max skew assignments found ;
; y2[0]      ; No input delay, min/max delays, false-path exceptions, or max skew assignments found ;
; y2[1]      ; No input delay, min/max delays, false-path exceptions, or max skew assignments found ;
; y2[2]      ; No input delay, min/max delays, false-path exceptions, or max skew assignments found ;
; y2[3]      ; No input delay, min/max delays, false-path exceptions, or max skew assignments found ;
; y2[4]      ; No input delay, min/max delays, false-path exceptions, or max skew assignments found ;
; y2[5]      ; No input delay, min/max delays, false-path exceptions, or max skew assignments found ;
; y2[6]      ; No input delay, min/max delays, false-path exceptions, or max skew assignments found ;
; y2[7]      ; No input delay, min/max delays, false-path exceptions, or max skew assignments found ;
; y2[8]      ; No input delay, min/max delays, false-path exceptions, or max skew assignments found ;
; y3[0]      ; No input delay, min/max delays, false-path exceptions, or max skew assignments found ;
; y3[1]      ; No input delay, min/max delays, false-path exceptions, or max skew assignments found ;
; y3[2]      ; No input delay, min/max delays, false-path exceptions, or max skew assignments found ;
; y3[3]      ; No input delay, min/max delays, false-path exceptions, or max skew assignments found ;
; y3[4]      ; No input delay, min/max delays, false-path exceptions, or max skew assignments found ;
; y3[5]      ; No input delay, min/max delays, false-path exceptions, or max skew assignments found ;
; y3[6]      ; No input delay, min/max delays, false-path exceptions, or max skew assignments found ;
; y3[7]      ; No input delay, min/max delays, false-path exceptions, or max skew assignments found ;
; y3[8]      ; No input delay, min/max delays, false-path exceptions, or max skew assignments found ;
+------------+--------------------------------------------------------------------------------------+


+-----------------------------------------------------------------------------------------------------+
; Unconstrained Output Ports                                                                          ;
+-------------+---------------------------------------------------------------------------------------+
; Output Port ; Comment                                                                               ;
+-------------+---------------------------------------------------------------------------------------+
; done        ; No output delay, min/max delays, false-path exceptions, or max skew assignments found ;
; pixel_out   ; No output delay, min/max delays, false-path exceptions, or max skew assignments found ;
+-------------+---------------------------------------------------------------------------------------+


+---------------------------------------------------------------------------------------------------+
; Unconstrained Input Ports                                                                         ;
+------------+--------------------------------------------------------------------------------------+
; Input Port ; Comment                                                                              ;
+------------+--------------------------------------------------------------------------------------+
; rst_n      ; No input delay, min/max delays, false-path exceptions, or max skew assignments found ;
; start      ; No input delay, min/max delays, false-path exceptions, or max skew assignments found ;
; x1[0]      ; No input delay, min/max delays, false-path exceptions, or max skew assignments found ;
; x1[1]      ; No input delay, min/max delays, false-path exceptions, or max skew assignments found ;
; x1[2]      ; No input delay, min/max delays, false-path exceptions, or max skew assignments found ;
; x1[3]      ; No input delay, min/max delays, false-path exceptions, or max skew assignments found ;
; x1[4]      ; No input delay, min/max delays, false-path exceptions, or max skew assignments found ;
; x1[5]      ; No input delay, min/max delays, false-path exceptions, or max skew assignments found ;
; x1[6]      ; No input delay, min/max delays, false-path exceptions, or max skew assignments found ;
; x1[7]      ; No input delay, min/max delays, false-path exceptions, or max skew assignments found ;
; x1[8]      ; No input delay, min/max delays, false-path exceptions, or max skew assignments found ;
; x2[0]      ; No input delay, min/max delays, false-path exceptions, or max skew assignments found ;
; x2[1]      ; No input delay, min/max delays, false-path exceptions, or max skew assignments found ;
; x2[2]      ; No input delay, min/max delays, false-path exceptions, or max skew assignments found ;
; x2[3]      ; No input delay, min/max delays, false-path exceptions, or max skew assignments found ;
; x2[4]      ; No input delay, min/max delays, false-path exceptions, or max skew assignments found ;
; x2[5]      ; No input delay, min/max delays, false-path exceptions, or max skew assignments found ;
; x2[6]      ; No input delay, min/max delays, false-path exceptions, or max skew assignments found ;
; x2[7]      ; No input delay, min/max delays, false-path exceptions, or max skew assignments found ;
; x2[8]      ; No input delay, min/max delays, false-path exceptions, or max skew assignments found ;
; x3[0]      ; No input delay, min/max delays, false-path exceptions, or max skew assignments found ;
; x3[1]      ; No input delay, min/max delays, false-path exceptions, or max skew assignments found ;
; x3[2]      ; No input delay, min/max delays, false-path exceptions, or max skew assignments found ;
; x3[3]      ; No input delay, min/max delays, false-path exceptions, or max skew assignments found ;
; x3[4]      ; No input delay, min/max delays, false-path exceptions, or max skew assignments found ;
; x3[5]      ; No input delay, min/max delays, false-path exceptions, or max skew assignments found ;
; x3[6]      ; No input delay, min/max delays, false-path exceptions, or max skew assignments found ;
; x3[7]      ; No input delay, min/max delays, false-path exceptions, or max skew assignments found ;
; x3[8]      ; No input delay, min/max delays, false-path exceptions, or max skew assignments found ;
; y1[0]      ; No input delay, min/max delays, false-path exceptions, or max skew assignments found ;
; y1[1]      ; No input delay, min/max delays, false-path exceptions, or max skew assignments found ;
; y1[2]      ; No input delay, min/max delays, false-path exceptions, or max skew assignments found ;
; y1[3]      ; No input delay, min/max delays, false-path exceptions, or max skew assignments found ;
; y1[4]      ; No input delay, min/max delays, false-path exceptions, or max skew assignments found ;
; y1[5]      ; No input delay, min/max delays, false-path exceptions, or max skew assignments found ;
; y1[6]      ; No input delay, min/max delays, false-path exceptions, or max skew assignments found ;
; y1[7]      ; No input delay, min/max delays, false-path exceptions, or max skew assignments found ;
; y1[8]      ; No input delay, min/max delays, false-path exceptions, or max skew assignments found ;
; y2[0]      ; No input delay, min/max delays, false-path exceptions, or max skew assignments found ;
; y2[1]      ; No input delay, min/max delays, false-path exceptions, or max skew assignments found ;
; y2[2]      ; No input delay, min/max delays, false-path exceptions, or max skew assignments found ;
; y2[3]      ; No input delay, min/max delays, false-path exceptions, or max skew assignments found ;
; y2[4]      ; No input delay, min/max delays, false-path exceptions, or max skew assignments found ;
; y2[5]      ; No input delay, min/max delays, false-path exceptions, or max skew assignments found ;
; y2[6]      ; No input delay, min/max delays, false-path exceptions, or max skew assignments found ;
; y2[7]      ; No input delay, min/max delays, false-path exceptions, or max skew assignments found ;
; y2[8]      ; No input delay, min/max delays, false-path exceptions, or max skew assignments found ;
; y3[0]      ; No input delay, min/max delays, false-path exceptions, or max skew assignments found ;
; y3[1]      ; No input delay, min/max delays, false-path exceptions, or max skew assignments found ;
; y3[2]      ; No input delay, min/max delays, false-path exceptions, or max skew assignments found ;
; y3[3]      ; No input delay, min/max delays, false-path exceptions, or max skew assignments found ;
; y3[4]      ; No input delay, min/max delays, false-path exceptions, or max skew assignments found ;
; y3[5]      ; No input delay, min/max delays, false-path exceptions, or max skew assignments found ;
; y3[6]      ; No input delay, min/max delays, false-path exceptions, or max skew assignments found ;
; y3[7]      ; No input delay, min/max delays, false-path exceptions, or max skew assignments found ;
; y3[8]      ; No input delay, min/max delays, false-path exceptions, or max skew assignments found ;
+------------+--------------------------------------------------------------------------------------+


+-----------------------------------------------------------------------------------------------------+
; Unconstrained Output Ports                                                                          ;
+-------------+---------------------------------------------------------------------------------------+
; Output Port ; Comment                                                                               ;
+-------------+---------------------------------------------------------------------------------------+
; done        ; No output delay, min/max delays, false-path exceptions, or max skew assignments found ;
; pixel_out   ; No output delay, min/max delays, false-path exceptions, or max skew assignments found ;
+-------------+---------------------------------------------------------------------------------------+


+--------------------------+
; Timing Analyzer Messages ;
+--------------------------+
Info: *******************************************************************
Info: Running Quartus Prime Timing Analyzer
    Info: Version 25.1std.0 Build 1129 10/21/2025 SC Lite Edition
    Info: Processing started: Wed Aug 26 11:44:22 2026
Info: Command: quartus_sta baseline_benchmark -c baseline_benchmark
Info: qsta_default_script.tcl version: #1
Info (20032): Parallel compilation is enabled and will use up to 10 processors
Info (21076): High junction temperature operating condition is not set. Assuming a default value of '85'.
Info (21076): Low junction temperature operating condition is not set. Assuming a default value of '0'.
Info (332104): Reading SDC File: 'rasterizer_benchmark.sdc'
Info (332151): Clock uncertainty is not calculated until you update the timing netlist.
Info (332123): Deriving Clock Uncertainty. Please refer to report_sdc in the Timing Analyzer to see clock uncertainties.
Info: Found TIMING_ANALYZER_REPORT_SCRIPT_INCLUDE_DEFAULT_ANALYSIS = ON
Info: Analyzing Slow 1200mV 85C Model
Critical Warning (332148): Timing requirements not met
    Info (11105): For recommendations on closing timing, run Report Timing Closure Recommendations in the Timing Analyzer.
Info (332146): Worst-case setup slack is -15.945
    Info (332119):     Slack       End Point TNS Clock 
    Info (332119): ========= =================== =====================
    Info (332119):   -15.945            -761.196 raster_clk 
Info (332146): Worst-case hold slack is 0.452
    Info (332119):     Slack       End Point TNS Clock 
    Info (332119): ========= =================== =====================
    Info (332119):     0.452               0.000 raster_clk 
Info (332140): No Recovery paths to report
Info (332140): No Removal paths to report
Info (332146): Worst-case minimum pulse width slack is -3.201
    Info (332119):     Slack       End Point TNS Clock 
    Info (332119): ========= =================== =====================
    Info (332119):    -3.201            -247.730 raster_clk 
Info: Analyzing Slow 1200mV 0C Model
Info (334003): Started post-fitting delay annotation
Info (334004): Delay annotation completed successfully
Info (332123): Deriving Clock Uncertainty. Please refer to report_sdc in the Timing Analyzer to see clock uncertainties.
Critical Warning (332148): Timing requirements not met
    Info (11105): For recommendations on closing timing, run Report Timing Closure Recommendations in the Timing Analyzer.
Info (332146): Worst-case setup slack is -14.761
    Info (332119):     Slack       End Point TNS Clock 
    Info (332119): ========= =================== =====================
    Info (332119):   -14.761            -696.561 raster_clk 
Info (332146): Worst-case hold slack is 0.401
    Info (332119):     Slack       End Point TNS Clock 
    Info (332119): ========= =================== =====================
    Info (332119):     0.401               0.000 raster_clk 
Info (332140): No Recovery paths to report
Info (332140): No Removal paths to report
Info (332146): Worst-case minimum pulse width slack is -3.201
    Info (332119):     Slack       End Point TNS Clock 
    Info (332119): ========= =================== =====================
    Info (332119):    -3.201            -247.730 raster_clk 
Info: Analyzing Fast 1200mV 0C Model
Info (332123): Deriving Clock Uncertainty. Please refer to report_sdc in the Timing Analyzer to see clock uncertainties.
Critical Warning (332148): Timing requirements not met
    Info (11105): For recommendations on closing timing, run Report Timing Closure Recommendations in the Timing Analyzer.
Info (332146): Worst-case setup slack is -6.403
    Info (332119):     Slack       End Point TNS Clock 
    Info (332119): ========= =================== =====================
    Info (332119):    -6.403            -277.208 raster_clk 
Info (332146): Worst-case hold slack is 0.186
    Info (332119):     Slack       End Point TNS Clock 
    Info (332119): ========= =================== =====================
    Info (332119):     0.186               0.000 raster_clk 
Info (332140): No Recovery paths to report
Info (332140): No Removal paths to report
Info (332146): Worst-case minimum pulse width slack is -3.000
    Info (332119):     Slack       End Point TNS Clock 
    Info (332119): ========= =================== =====================
    Info (332119):    -3.000            -143.740 raster_clk 
Info (332102): Design is not fully constrained for setup requirements
Info (332102): Design is not fully constrained for hold requirements
Info: Quartus Prime Timing Analyzer was successful. 0 errors, 3 warnings
    Info: Peak virtual memory: 4873 megabytes
    Info: Processing ended: Wed Aug 26 11:44:26 2026
    Info: Elapsed time: 00:00:04
    Info: Total CPU time (on all processors): 00:00:03


