Timing Analyzer report for optimized_benchmark
Wed Aug 26 11:46:36 2026
Quartus Prime Version 25.1std.0 Build 1129 10/21/2025 SC Lite Edition


---------------------
; Table of Contents ;
---------------------
  1. Legal Notice
  2. Timing Analyzer Summary
  3. Parallel Compilation
  4. SDC File List
  5. Clocks
  6. Slow 1200mV 85C Model Fmax Summary
  7. Timing Closure Recommendations
  8. Slow 1200mV 85C Model Setup Summary
  9. Slow 1200mV 85C Model Hold Summary
 10. Slow 1200mV 85C Model Recovery Summary
 11. Slow 1200mV 85C Model Removal Summary
 12. Slow 1200mV 85C Model Minimum Pulse Width Summary
 13. Slow 1200mV 85C Model Setup: 'raster_clk'
 14. Slow 1200mV 85C Model Hold: 'raster_clk'
 15. Slow 1200mV 85C Model Metastability Summary
 16. Slow 1200mV 0C Model Fmax Summary
 17. Slow 1200mV 0C Model Setup Summary
 18. Slow 1200mV 0C Model Hold Summary
 19. Slow 1200mV 0C Model Recovery Summary
 20. Slow 1200mV 0C Model Removal Summary
 21. Slow 1200mV 0C Model Minimum Pulse Width Summary
 22. Slow 1200mV 0C Model Setup: 'raster_clk'
 23. Slow 1200mV 0C Model Hold: 'raster_clk'
 24. Slow 1200mV 0C Model Metastability Summary
 25. Fast 1200mV 0C Model Setup Summary
 26. Fast 1200mV 0C Model Hold Summary
 27. Fast 1200mV 0C Model Recovery Summary
 28. Fast 1200mV 0C Model Removal Summary
 29. Fast 1200mV 0C Model Minimum Pulse Width Summary
 30. Fast 1200mV 0C Model Setup: 'raster_clk'
 31. Fast 1200mV 0C Model Hold: 'raster_clk'
 32. Fast 1200mV 0C Model Metastability Summary
 33. Multicorner Timing Analysis Summary
 34. Board Trace Model Assignments
 35. Input Transition Times
 36. Signal Integrity Metrics (Slow 1200mv 0c Model)
 37. Signal Integrity Metrics (Slow 1200mv 85c Model)
 38. Signal Integrity Metrics (Fast 1200mv 0c Model)
 39. Setup Transfers
 40. Hold Transfers
 41. Report TCCS
 42. Report RSKM
 43. Unconstrained Paths Summary
 44. Clock Status Summary
 45. Unconstrained Input Ports
 46. Unconstrained Output Ports
 47. Unconstrained Input Ports
 48. Unconstrained Output Ports
 49. Timing Analyzer Messages



----------------
; Legal Notice ;
----------------
Copyright (C) 2025  Altera Corporation. All rights reserved.
Your use of Altera Corporation's design tools, logic functions 
and other software and tools, and any partner logic 
functions, and any output files from any of the foregoing 
(including device programming or simulation files), and any 
associated documentation or information are expressly subject 
to the terms and conditions of the Altera Program License 
Subscription Agreement, the Altera Quartus Prime License Agreement,
the Altera IP License Agreement, or other applicable license
agreement, including, without limitation, that your use is for
the sole purpose of programming logic devices manufactured by
Altera and sold by Altera or its authorized distributors.  Please
refer to the Altera Software License Subscription Agreements 
on the Quartus Prime software download page.



+---------------------------------------------------------------------------------+
; Timing Analyzer Summary                                                         ;
+-----------------------+---------------------------------------------------------+
; Quartus Prime Version ; Version 25.1std.0 Build 1129 10/21/2025 SC Lite Edition ;
; Timing Analyzer       ; Legacy Timing Analyzer                                  ;
; Revision Name         ; optimized_benchmark                                     ;
; Device Family         ; Cyclone IV E                                            ;
; Device Name           ; EP4CE6E22C8                                             ;
; Timing Models         ; Final                                                   ;
; Delay Model           ; Combined                                                ;
; Rise/Fall Delays      ; Enabled                                                 ;
+-----------------------+---------------------------------------------------------+


+------------------------------------------+
; Parallel Compilation                     ;
+----------------------------+-------------+
; Processors                 ; Number      ;
+----------------------------+-------------+
; Number detected on machine ; 12          ;
; Maximum allowed            ; 10          ;
;                            ;             ;
; Average used               ; 1.34        ;
; Maximum used               ; 10          ;
;                            ;             ;
; Usage by Processor         ; % Time Used ;
;     Processor 1            ; 100.0%      ;
;     Processor 2            ;   8.5%      ;
;     Processors 3-10        ;   3.1%      ;
+----------------------------+-------------+


+--------------------------------------------------------------+
; SDC File List                                                ;
+--------------------------+--------+--------------------------+
; SDC File Path            ; Status ; Read at                  ;
+--------------------------+--------+--------------------------+
; rasterizer_benchmark.sdc ; OK     ; Wed Aug 26 11:46:33 2026 ;
+--------------------------+--------+--------------------------+


+---------------------------------------------------------------------------------------------------------------------------------------------------------------------------------+
; Clocks                                                                                                                                                                          ;
+------------+------+--------+------------+-------+-------+------------+-----------+-------------+-------+--------+-----------+------------+----------+--------+--------+---------+
; Clock Name ; Type ; Period ; Frequency  ; Rise  ; Fall  ; Duty Cycle ; Divide by ; Multiply by ; Phase ; Offset ; Edge List ; Edge Shift ; Inverted ; Master ; Source ; Targets ;
+------------+------+--------+------------+-------+-------+------------+-----------+-------------+-------+--------+-----------+------------+----------+--------+--------+---------+
; raster_clk ; Base ; 1.000  ; 1000.0 MHz ; 0.000 ; 0.500 ;            ;           ;             ;       ;        ;           ;            ;          ;        ;        ; { clk } ;
+------------+------+--------+------------+-------+-------+------------+-----------+-------------+-------+--------+-----------+------------+----------+--------+--------+---------+


+-------------------------------------------------+
; Slow 1200mV 85C Model Fmax Summary              ;
+-----------+-----------------+------------+------+
; Fmax      ; Restricted Fmax ; Clock Name ; Note ;
+-----------+-----------------+------------+------+
; 87.15 MHz ; 87.15 MHz       ; raster_clk ;      ;
+-----------+-----------------+------------+------+
This panel reports FMAX for every clock in the design, regardless of the user-specified clock periods.  FMAX is only computed for paths where the source and destination registers or ports are driven by the same clock.  Paths of different clocks, including generated clocks, are ignored.  For paths between a clock and its inversion, FMAX is computed as if the rising and falling edges are scaled along with FMAX, such that the duty cycle (in terms of a percentage) is maintained. Altera recommends that you always use clock constraints and other slack reports for sign-off analysis.


----------------------------------
; Timing Closure Recommendations ;
----------------------------------
HTML report is unavailable in plain text report export.


+--------------------------------------+
; Slow 1200mV 85C Model Setup Summary  ;
+------------+---------+---------------+
; Clock      ; Slack   ; End Point TNS ;
+------------+---------+---------------+
; raster_clk ; -10.475 ; -1453.112     ;
+------------+---------+---------------+


+------------------------------------+
; Slow 1200mV 85C Model Hold Summary ;
+------------+-------+---------------+
; Clock      ; Slack ; End Point TNS ;
+------------+-------+---------------+
; raster_clk ; 0.430 ; 0.000         ;
+------------+-------+---------------+


------------------------------------------
; Slow 1200mV 85C Model Recovery Summary ;
------------------------------------------
No paths to report.


-----------------------------------------
; Slow 1200mV 85C Model Removal Summary ;
-----------------------------------------
No paths to report.


+---------------------------------------------------+
; Slow 1200mV 85C Model Minimum Pulse Width Summary ;
+------------+--------+-----------------------------+
; Clock      ; Slack  ; End Point TNS               ;
+------------+--------+-----------------------------+
; raster_clk ; -3.201 ; -506.093                    ;
+------------+--------+-----------------------------+


+-------------------------------------------------------------------------------------------------------------------------------------------------------------------------------------------------------------------------------+
; Slow 1200mV 85C Model Setup: 'raster_clk'                                                                                                                                                                                     ;
+---------+--------------------------------------+--------------------------------------------------------------------------------------------------------+--------------+-------------+--------------+------------+------------+
; Slack   ; From Node                            ; To Node                                                                                                ; Launch Clock ; Latch Clock ; Relationship ; Clock Skew ; Data Delay ;
+---------+--------------------------------------+--------------------------------------------------------------------------------------------------------+--------------+-------------+--------------+------------+------------+
; -10.475 ; rasterizer:u_rasterizer|pipe_dy3[0]  ; screen_mem:u_screen_mem|altsyncram:mem7_rtl_0|altsyncram_0fg1:auto_generated|ram_block1a1~porta_we_reg ; raster_clk   ; raster_clk  ; 1.000        ; 0.348      ; 11.871     ;
; -10.328 ; rasterizer:u_rasterizer|pipe_dy3[2]  ; screen_mem:u_screen_mem|altsyncram:mem7_rtl_0|altsyncram_0fg1:auto_generated|ram_block1a1~porta_we_reg ; raster_clk   ; raster_clk  ; 1.000        ; 0.348      ; 11.724     ;
; -10.320 ; rasterizer:u_rasterizer|pipe_dy3[1]  ; screen_mem:u_screen_mem|altsyncram:mem7_rtl_0|altsyncram_0fg1:auto_generated|ram_block1a1~porta_we_reg ; raster_clk   ; raster_clk  ; 1.000        ; 0.348      ; 11.716     ;
; -10.198 ; rasterizer:u_rasterizer|pipe_dy3[3]  ; screen_mem:u_screen_mem|altsyncram:mem7_rtl_0|altsyncram_0fg1:auto_generated|ram_block1a1~porta_we_reg ; raster_clk   ; raster_clk  ; 1.000        ; 0.348      ; 11.594     ;
; -10.168 ; rasterizer:u_rasterizer|x2[0]        ; rasterizer:u_rasterizer|pipe_edge2[20]                                                                 ; raster_clk   ; raster_clk  ; 1.000        ; 0.390      ; 11.559     ;
; -10.148 ; rasterizer:u_rasterizer|x1[1]        ; rasterizer:u_rasterizer|pipe_edge1[20]                                                                 ; raster_clk   ; raster_clk  ; 1.000        ; 0.408      ; 11.557     ;
; -10.147 ; rasterizer:u_rasterizer|pipe_dy3[4]  ; screen_mem:u_screen_mem|altsyncram:mem7_rtl_0|altsyncram_0fg1:auto_generated|ram_block1a1~porta_we_reg ; raster_clk   ; raster_clk  ; 1.000        ; 0.348      ; 11.543     ;
; -10.140 ; rasterizer:u_rasterizer|pipe_dy1[5]  ; screen_mem:u_screen_mem|altsyncram:mem7_rtl_0|altsyncram_0fg1:auto_generated|ram_block1a1~porta_we_reg ; raster_clk   ; raster_clk  ; 1.000        ; 0.330      ; 11.518     ;
; -10.137 ; rasterizer:u_rasterizer|y3[0]        ; rasterizer:u_rasterizer|pipe_edge2[20]                                                                 ; raster_clk   ; raster_clk  ; 1.000        ; 0.392      ; 11.530     ;
; -10.105 ; rasterizer:u_rasterizer|pipe_dy2[3]  ; screen_mem:u_screen_mem|altsyncram:mem3_rtl_0|altsyncram_0fg1:auto_generated|ram_block1a1~porta_we_reg ; raster_clk   ; raster_clk  ; 1.000        ; 0.289      ; 11.442     ;
; -10.060 ; rasterizer:u_rasterizer|pipe_dy3[0]  ; screen_mem:u_screen_mem|altsyncram:mem7_rtl_0|altsyncram_0fg1:auto_generated|ram_block1a0~porta_we_reg ; raster_clk   ; raster_clk  ; 1.000        ; 0.348      ; 11.456     ;
; -10.055 ; rasterizer:u_rasterizer|pipe_dy2[9]  ; screen_mem:u_screen_mem|altsyncram:mem7_rtl_0|altsyncram_0fg1:auto_generated|ram_block1a1~porta_we_reg ; raster_clk   ; raster_clk  ; 1.000        ; 0.320      ; 11.423     ;
; -10.054 ; rasterizer:u_rasterizer|y3[0]        ; rasterizer:u_rasterizer|pipe_edge3[19]                                                                 ; raster_clk   ; raster_clk  ; 1.000        ; 0.390      ; 11.445     ;
; -10.032 ; rasterizer:u_rasterizer|y3[4]        ; rasterizer:u_rasterizer|pipe_edge3[19]                                                                 ; raster_clk   ; raster_clk  ; 1.000        ; 0.390      ; 11.423     ;
; -10.024 ; rasterizer:u_rasterizer|y3[0]        ; rasterizer:u_rasterizer|pipe_edge3[20]                                                                 ; raster_clk   ; raster_clk  ; 1.000        ; 0.390      ; 11.415     ;
; -10.024 ; rasterizer:u_rasterizer|pipe_dy3[5]  ; screen_mem:u_screen_mem|altsyncram:mem7_rtl_0|altsyncram_0fg1:auto_generated|ram_block1a1~porta_we_reg ; raster_clk   ; raster_clk  ; 1.000        ; 0.348      ; 11.420     ;
; -10.023 ; rasterizer:u_rasterizer|x2[2]        ; rasterizer:u_rasterizer|pipe_edge2[20]                                                                 ; raster_clk   ; raster_clk  ; 1.000        ; 0.390      ; 11.414     ;
; -10.022 ; rasterizer:u_rasterizer|x2[0]        ; rasterizer:u_rasterizer|pipe_edge2[18]                                                                 ; raster_clk   ; raster_clk  ; 1.000        ; 0.390      ; 11.413     ;
; -10.022 ; rasterizer:u_rasterizer|y1[2]        ; rasterizer:u_rasterizer|pipe_edge3[20]                                                                 ; raster_clk   ; raster_clk  ; 1.000        ; 0.364      ; 11.387     ;
; -10.016 ; rasterizer:u_rasterizer|x1[1]        ; rasterizer:u_rasterizer|pipe_edge1[19]                                                                 ; raster_clk   ; raster_clk  ; 1.000        ; 0.408      ; 11.425     ;
; -10.009 ; rasterizer:u_rasterizer|y3[1]        ; rasterizer:u_rasterizer|pipe_edge3[20]                                                                 ; raster_clk   ; raster_clk  ; 1.000        ; 0.360      ; 11.370     ;
; -10.002 ; rasterizer:u_rasterizer|x1[1]        ; rasterizer:u_rasterizer|pipe_edge1[18]                                                                 ; raster_clk   ; raster_clk  ; 1.000        ; 0.408      ; 11.411     ;
; -10.002 ; rasterizer:u_rasterizer|y3[2]        ; rasterizer:u_rasterizer|pipe_edge2[20]                                                                 ; raster_clk   ; raster_clk  ; 1.000        ; 0.392      ; 11.395     ;
; -10.002 ; rasterizer:u_rasterizer|y3[4]        ; rasterizer:u_rasterizer|pipe_edge3[20]                                                                 ; raster_clk   ; raster_clk  ; 1.000        ; 0.390      ; 11.393     ;
; -9.999  ; rasterizer:u_rasterizer|y3[1]        ; rasterizer:u_rasterizer|pipe_edge3[19]                                                                 ; raster_clk   ; raster_clk  ; 1.000        ; 0.360      ; 11.360     ;
; -9.998  ; rasterizer:u_rasterizer|pipe_dy3[6]  ; screen_mem:u_screen_mem|altsyncram:mem7_rtl_0|altsyncram_0fg1:auto_generated|ram_block1a1~porta_we_reg ; raster_clk   ; raster_clk  ; 1.000        ; 0.348      ; 11.394     ;
; -9.995  ; rasterizer:u_rasterizer|current_x[5] ; rasterizer:u_rasterizer|pipe_edge3[20]                                                                 ; raster_clk   ; raster_clk  ; 1.000        ; 0.375      ; 11.371     ;
; -9.994  ; rasterizer:u_rasterizer|y3[6]        ; rasterizer:u_rasterizer|pipe_edge2[20]                                                                 ; raster_clk   ; raster_clk  ; 1.000        ; 0.392      ; 11.387     ;
; -9.992  ; rasterizer:u_rasterizer|x2[0]        ; rasterizer:u_rasterizer|pipe_edge2[19]                                                                 ; raster_clk   ; raster_clk  ; 1.000        ; 0.390      ; 11.383     ;
; -9.991  ; rasterizer:u_rasterizer|y3[0]        ; rasterizer:u_rasterizer|pipe_edge2[18]                                                                 ; raster_clk   ; raster_clk  ; 1.000        ; 0.392      ; 11.384     ;
; -9.978  ; rasterizer:u_rasterizer|current_x[5] ; rasterizer:u_rasterizer|pipe_edge2[20]                                                                 ; raster_clk   ; raster_clk  ; 1.000        ; 0.377      ; 11.356     ;
; -9.975  ; rasterizer:u_rasterizer|x2[0]        ; rasterizer:u_rasterizer|pipe_edge1[20]                                                                 ; raster_clk   ; raster_clk  ; 1.000        ; 0.408      ; 11.384     ;
; -9.972  ; rasterizer:u_rasterizer|y1[1]        ; rasterizer:u_rasterizer|pipe_edge1[20]                                                                 ; raster_clk   ; raster_clk  ; 1.000        ; 0.410      ; 11.383     ;
; -9.966  ; rasterizer:u_rasterizer|current_y[0] ; rasterizer:u_rasterizer|pipe_edge1[20]                                                                 ; raster_clk   ; raster_clk  ; 1.000        ; 0.410      ; 11.377     ;
; -9.963  ; rasterizer:u_rasterizer|y1[2]        ; rasterizer:u_rasterizer|pipe_edge3[19]                                                                 ; raster_clk   ; raster_clk  ; 1.000        ; 0.364      ; 11.328     ;
; -9.961  ; rasterizer:u_rasterizer|y3[0]        ; rasterizer:u_rasterizer|pipe_edge2[19]                                                                 ; raster_clk   ; raster_clk  ; 1.000        ; 0.392      ; 11.354     ;
; -9.958  ; rasterizer:u_rasterizer|pipe_dy2[4]  ; screen_mem:u_screen_mem|altsyncram:mem3_rtl_0|altsyncram_0fg1:auto_generated|ram_block1a1~porta_we_reg ; raster_clk   ; raster_clk  ; 1.000        ; 0.289      ; 11.295     ;
; -9.946  ; rasterizer:u_rasterizer|x2[4]        ; rasterizer:u_rasterizer|pipe_edge2[20]                                                                 ; raster_clk   ; raster_clk  ; 1.000        ; 0.390      ; 11.337     ;
; -9.945  ; rasterizer:u_rasterizer|pipe_dy2[1]  ; screen_mem:u_screen_mem|altsyncram:mem3_rtl_0|altsyncram_0fg1:auto_generated|ram_block1a1~porta_we_reg ; raster_clk   ; raster_clk  ; 1.000        ; 0.289      ; 11.282     ;
; -9.936  ; rasterizer:u_rasterizer|x2[0]        ; rasterizer:u_rasterizer|pipe_edge1[19]                                                                 ; raster_clk   ; raster_clk  ; 1.000        ; 0.408      ; 11.345     ;
; -9.936  ; rasterizer:u_rasterizer|current_x[5] ; rasterizer:u_rasterizer|pipe_edge3[19]                                                                 ; raster_clk   ; raster_clk  ; 1.000        ; 0.375      ; 11.312     ;
; -9.932  ; rasterizer:u_rasterizer|x3[2]        ; rasterizer:u_rasterizer|pipe_edge3[20]                                                                 ; raster_clk   ; raster_clk  ; 1.000        ; 0.388      ; 11.321     ;
; -9.932  ; rasterizer:u_rasterizer|pipe_dy2[0]  ; screen_mem:u_screen_mem|altsyncram:mem3_rtl_0|altsyncram_0fg1:auto_generated|ram_block1a1~porta_we_reg ; raster_clk   ; raster_clk  ; 1.000        ; 0.289      ; 11.269     ;
; -9.929  ; rasterizer:u_rasterizer|pipe_dy2[0]  ; screen_mem:u_screen_mem|altsyncram:mem7_rtl_0|altsyncram_0fg1:auto_generated|ram_block1a1~porta_we_reg ; raster_clk   ; raster_clk  ; 1.000        ; 0.289      ; 11.266     ;
; -9.927  ; rasterizer:u_rasterizer|current_y[0] ; rasterizer:u_rasterizer|pipe_edge1[19]                                                                 ; raster_clk   ; raster_clk  ; 1.000        ; 0.410      ; 11.338     ;
; -9.923  ; rasterizer:u_rasterizer|x1[5]        ; rasterizer:u_rasterizer|pipe_edge1[20]                                                                 ; raster_clk   ; raster_clk  ; 1.000        ; 0.408      ; 11.332     ;
; -9.916  ; rasterizer:u_rasterizer|y1[0]        ; rasterizer:u_rasterizer|pipe_edge3[20]                                                                 ; raster_clk   ; raster_clk  ; 1.000        ; 0.364      ; 11.281     ;
; -9.913  ; rasterizer:u_rasterizer|pipe_dy3[2]  ; screen_mem:u_screen_mem|altsyncram:mem7_rtl_0|altsyncram_0fg1:auto_generated|ram_block1a0~porta_we_reg ; raster_clk   ; raster_clk  ; 1.000        ; 0.348      ; 11.309     ;
; -9.911  ; rasterizer:u_rasterizer|current_x[4] ; rasterizer:u_rasterizer|pipe_edge2[20]                                                                 ; raster_clk   ; raster_clk  ; 1.000        ; 0.389      ; 11.301     ;
; -9.908  ; rasterizer:u_rasterizer|y3[0]        ; rasterizer:u_rasterizer|pipe_edge3[17]                                                                 ; raster_clk   ; raster_clk  ; 1.000        ; 0.390      ; 11.299     ;
; -9.905  ; rasterizer:u_rasterizer|pipe_dy3[1]  ; screen_mem:u_screen_mem|altsyncram:mem7_rtl_0|altsyncram_0fg1:auto_generated|ram_block1a0~porta_we_reg ; raster_clk   ; raster_clk  ; 1.000        ; 0.348      ; 11.301     ;
; -9.900  ; rasterizer:u_rasterizer|current_y[0] ; rasterizer:u_rasterizer|pipe_edge3[19]                                                                 ; raster_clk   ; raster_clk  ; 1.000        ; 0.390      ; 11.291     ;
; -9.886  ; rasterizer:u_rasterizer|y3[4]        ; rasterizer:u_rasterizer|pipe_edge3[17]                                                                 ; raster_clk   ; raster_clk  ; 1.000        ; 0.390      ; 11.277     ;
; -9.878  ; rasterizer:u_rasterizer|y3[0]        ; rasterizer:u_rasterizer|pipe_edge3[18]                                                                 ; raster_clk   ; raster_clk  ; 1.000        ; 0.390      ; 11.269     ;
; -9.877  ; rasterizer:u_rasterizer|x2[2]        ; rasterizer:u_rasterizer|pipe_edge2[18]                                                                 ; raster_clk   ; raster_clk  ; 1.000        ; 0.390      ; 11.268     ;
; -9.876  ; rasterizer:u_rasterizer|x2[0]        ; rasterizer:u_rasterizer|pipe_edge2[16]                                                                 ; raster_clk   ; raster_clk  ; 1.000        ; 0.390      ; 11.267     ;
; -9.876  ; rasterizer:u_rasterizer|pipe_dy3[7]  ; screen_mem:u_screen_mem|altsyncram:mem7_rtl_0|altsyncram_0fg1:auto_generated|ram_block1a1~porta_we_reg ; raster_clk   ; raster_clk  ; 1.000        ; 0.348      ; 11.272     ;
; -9.876  ; rasterizer:u_rasterizer|y1[2]        ; rasterizer:u_rasterizer|pipe_edge3[18]                                                                 ; raster_clk   ; raster_clk  ; 1.000        ; 0.364      ; 11.241     ;
; -9.873  ; rasterizer:u_rasterizer|x3[2]        ; rasterizer:u_rasterizer|pipe_edge3[19]                                                                 ; raster_clk   ; raster_clk  ; 1.000        ; 0.388      ; 11.262     ;
; -9.873  ; rasterizer:u_rasterizer|y3[2]        ; rasterizer:u_rasterizer|pipe_edge3[19]                                                                 ; raster_clk   ; raster_clk  ; 1.000        ; 0.390      ; 11.264     ;
; -9.871  ; rasterizer:u_rasterizer|y3[3]        ; rasterizer:u_rasterizer|pipe_edge3[19]                                                                 ; raster_clk   ; raster_clk  ; 1.000        ; 0.360      ; 11.232     ;
; -9.870  ; rasterizer:u_rasterizer|x1[1]        ; rasterizer:u_rasterizer|pipe_edge1[17]                                                                 ; raster_clk   ; raster_clk  ; 1.000        ; 0.408      ; 11.279     ;
; -9.870  ; rasterizer:u_rasterizer|current_y[0] ; rasterizer:u_rasterizer|pipe_edge3[20]                                                                 ; raster_clk   ; raster_clk  ; 1.000        ; 0.390      ; 11.261     ;
; -9.869  ; rasterizer:u_rasterizer|current_x[8] ; rasterizer:u_rasterizer|pipe_edge3[20]                                                                 ; raster_clk   ; raster_clk  ; 1.000        ; 0.375      ; 11.245     ;
; -9.866  ; rasterizer:u_rasterizer|current_y[1] ; rasterizer:u_rasterizer|pipe_edge3[19]                                                                 ; raster_clk   ; raster_clk  ; 1.000        ; 0.390      ; 11.257     ;
; -9.863  ; rasterizer:u_rasterizer|y3[1]        ; rasterizer:u_rasterizer|pipe_edge3[18]                                                                 ; raster_clk   ; raster_clk  ; 1.000        ; 0.360      ; 11.224     ;
; -9.860  ; rasterizer:u_rasterizer|current_x[8] ; rasterizer:u_rasterizer|pipe_edge2[20]                                                                 ; raster_clk   ; raster_clk  ; 1.000        ; 0.377      ; 11.238     ;
; -9.857  ; rasterizer:u_rasterizer|y1[0]        ; rasterizer:u_rasterizer|pipe_edge3[19]                                                                 ; raster_clk   ; raster_clk  ; 1.000        ; 0.364      ; 11.222     ;
; -9.856  ; rasterizer:u_rasterizer|x1[1]        ; rasterizer:u_rasterizer|pipe_edge1[16]                                                                 ; raster_clk   ; raster_clk  ; 1.000        ; 0.408      ; 11.265     ;
; -9.856  ; rasterizer:u_rasterizer|y3[2]        ; rasterizer:u_rasterizer|pipe_edge2[18]                                                                 ; raster_clk   ; raster_clk  ; 1.000        ; 0.392      ; 11.249     ;
; -9.856  ; rasterizer:u_rasterizer|y3[4]        ; rasterizer:u_rasterizer|pipe_edge3[18]                                                                 ; raster_clk   ; raster_clk  ; 1.000        ; 0.390      ; 11.247     ;
; -9.855  ; rasterizer:u_rasterizer|y3[4]        ; rasterizer:u_rasterizer|pipe_edge2[20]                                                                 ; raster_clk   ; raster_clk  ; 1.000        ; 0.392      ; 11.248     ;
; -9.853  ; rasterizer:u_rasterizer|y3[1]        ; rasterizer:u_rasterizer|pipe_edge3[17]                                                                 ; raster_clk   ; raster_clk  ; 1.000        ; 0.360      ; 11.214     ;
; -9.849  ; rasterizer:u_rasterizer|current_x[5] ; rasterizer:u_rasterizer|pipe_edge3[18]                                                                 ; raster_clk   ; raster_clk  ; 1.000        ; 0.375      ; 11.225     ;
; -9.848  ; rasterizer:u_rasterizer|y3[6]        ; rasterizer:u_rasterizer|pipe_edge2[18]                                                                 ; raster_clk   ; raster_clk  ; 1.000        ; 0.392      ; 11.241     ;
; -9.847  ; rasterizer:u_rasterizer|x2[2]        ; rasterizer:u_rasterizer|pipe_edge2[19]                                                                 ; raster_clk   ; raster_clk  ; 1.000        ; 0.390      ; 11.238     ;
; -9.846  ; rasterizer:u_rasterizer|x2[0]        ; rasterizer:u_rasterizer|pipe_edge2[17]                                                                 ; raster_clk   ; raster_clk  ; 1.000        ; 0.390      ; 11.237     ;
; -9.846  ; rasterizer:u_rasterizer|x3[4]        ; rasterizer:u_rasterizer|pipe_edge3[20]                                                                 ; raster_clk   ; raster_clk  ; 1.000        ; 0.388      ; 11.235     ;
; -9.845  ; rasterizer:u_rasterizer|y3[0]        ; rasterizer:u_rasterizer|pipe_edge2[16]                                                                 ; raster_clk   ; raster_clk  ; 1.000        ; 0.392      ; 11.238     ;
; -9.845  ; rasterizer:u_rasterizer|y2[0]        ; rasterizer:u_rasterizer|pipe_edge1[20]                                                                 ; raster_clk   ; raster_clk  ; 1.000        ; 0.392      ; 11.238     ;
; -9.844  ; rasterizer:u_rasterizer|y3[3]        ; rasterizer:u_rasterizer|pipe_edge3[20]                                                                 ; raster_clk   ; raster_clk  ; 1.000        ; 0.360      ; 11.205     ;
; -9.843  ; rasterizer:u_rasterizer|y3[2]        ; rasterizer:u_rasterizer|pipe_edge3[20]                                                                 ; raster_clk   ; raster_clk  ; 1.000        ; 0.390      ; 11.234     ;
; -9.840  ; rasterizer:u_rasterizer|y1[1]        ; rasterizer:u_rasterizer|pipe_edge1[19]                                                                 ; raster_clk   ; raster_clk  ; 1.000        ; 0.410      ; 11.251     ;
; -9.837  ; rasterizer:u_rasterizer|pipe_dy2[2]  ; screen_mem:u_screen_mem|altsyncram:mem3_rtl_0|altsyncram_0fg1:auto_generated|ram_block1a1~porta_we_reg ; raster_clk   ; raster_clk  ; 1.000        ; 0.289      ; 11.174     ;
; -9.836  ; rasterizer:u_rasterizer|current_y[1] ; rasterizer:u_rasterizer|pipe_edge3[20]                                                                 ; raster_clk   ; raster_clk  ; 1.000        ; 0.390      ; 11.227     ;
; -9.832  ; rasterizer:u_rasterizer|current_x[5] ; rasterizer:u_rasterizer|pipe_edge2[18]                                                                 ; raster_clk   ; raster_clk  ; 1.000        ; 0.377      ; 11.210     ;
; -9.829  ; rasterizer:u_rasterizer|x2[0]        ; rasterizer:u_rasterizer|pipe_edge1[18]                                                                 ; raster_clk   ; raster_clk  ; 1.000        ; 0.408      ; 11.238     ;
; -9.829  ; rasterizer:u_rasterizer|x2[3]        ; rasterizer:u_rasterizer|pipe_edge2[20]                                                                 ; raster_clk   ; raster_clk  ; 1.000        ; 0.373      ; 11.203     ;
; -9.826  ; rasterizer:u_rasterizer|y1[1]        ; rasterizer:u_rasterizer|pipe_edge1[18]                                                                 ; raster_clk   ; raster_clk  ; 1.000        ; 0.410      ; 11.237     ;
; -9.826  ; rasterizer:u_rasterizer|y3[2]        ; rasterizer:u_rasterizer|pipe_edge2[19]                                                                 ; raster_clk   ; raster_clk  ; 1.000        ; 0.392      ; 11.219     ;
; -9.821  ; rasterizer:u_rasterizer|y2[3]        ; rasterizer:u_rasterizer|pipe_edge2[20]                                                                 ; raster_clk   ; raster_clk  ; 1.000        ; 0.366      ; 11.188     ;
; -9.821  ; rasterizer:u_rasterizer|current_x[3] ; rasterizer:u_rasterizer|pipe_edge2[20]                                                                 ; raster_clk   ; raster_clk  ; 1.000        ; 0.377      ; 11.199     ;
; -9.820  ; rasterizer:u_rasterizer|current_y[2] ; rasterizer:u_rasterizer|pipe_edge1[20]                                                                 ; raster_clk   ; raster_clk  ; 1.000        ; 0.410      ; 11.231     ;
; -9.820  ; rasterizer:u_rasterizer|current_y[0] ; rasterizer:u_rasterizer|pipe_edge1[18]                                                                 ; raster_clk   ; raster_clk  ; 1.000        ; 0.410      ; 11.231     ;
; -9.818  ; rasterizer:u_rasterizer|y3[6]        ; rasterizer:u_rasterizer|pipe_edge2[19]                                                                 ; raster_clk   ; raster_clk  ; 1.000        ; 0.392      ; 11.211     ;
; -9.817  ; rasterizer:u_rasterizer|y3[8]        ; rasterizer:u_rasterizer|pipe_edge2[20]                                                                 ; raster_clk   ; raster_clk  ; 1.000        ; 0.392      ; 11.210     ;
; -9.817  ; rasterizer:u_rasterizer|y1[2]        ; rasterizer:u_rasterizer|pipe_edge3[17]                                                                 ; raster_clk   ; raster_clk  ; 1.000        ; 0.364      ; 11.182     ;
; -9.815  ; rasterizer:u_rasterizer|y3[0]        ; rasterizer:u_rasterizer|pipe_edge2[17]                                                                 ; raster_clk   ; raster_clk  ; 1.000        ; 0.392      ; 11.208     ;
; -9.814  ; rasterizer:u_rasterizer|current_x[3] ; rasterizer:u_rasterizer|pipe_edge3[20]                                                                 ; raster_clk   ; raster_clk  ; 1.000        ; 0.375      ; 11.190     ;
; -9.810  ; rasterizer:u_rasterizer|current_x[8] ; rasterizer:u_rasterizer|pipe_edge3[19]                                                                 ; raster_clk   ; raster_clk  ; 1.000        ; 0.375      ; 11.186     ;
+---------+--------------------------------------+--------------------------------------------------------------------------------------------------------+--------------+-------------+--------------+------------+------------+


+------------------------------------------------------------------------------------------------------------------------------------------------------------------------------------------------------------------------------------------+
; Slow 1200mV 85C Model Hold: 'raster_clk'                                                                                                                                                                                                 ;
+-------+---------------------------------------------+--------------------------------------------------------------------------------------------------------------+--------------+-------------+--------------+------------+------------+
; Slack ; From Node                                   ; To Node                                                                                                      ; Launch Clock ; Latch Clock ; Relationship ; Clock Skew ; Data Delay ;
+-------+---------------------------------------------+--------------------------------------------------------------------------------------------------------------+--------------+-------------+--------------+------------+------------+
; 0.430 ; rasterizer:u_rasterizer|pipe_addr[10]       ; screen_mem:u_screen_mem|altsyncram:mem2_rtl_0|altsyncram_0fg1:auto_generated|ram_block1a1~porta_address_reg0 ; raster_clk   ; raster_clk  ; 0.000        ; 0.477      ; 1.161      ;
; 0.433 ; rasterizer:u_rasterizer|pipe_addr[5]        ; screen_mem:u_screen_mem|altsyncram:mem2_rtl_0|altsyncram_0fg1:auto_generated|ram_block1a1~porta_address_reg0 ; raster_clk   ; raster_clk  ; 0.000        ; 0.477      ; 1.164      ;
; 0.435 ; rasterizer:u_rasterizer|current_x[9]        ; rasterizer:u_rasterizer|current_x[9]                                                                         ; raster_clk   ; raster_clk  ; 0.000        ; 0.099      ; 0.746      ;
; 0.452 ; rasterizer:u_rasterizer|box_count           ; rasterizer:u_rasterizer|box_count                                                                            ; raster_clk   ; raster_clk  ; 0.000        ; 0.082      ; 0.746      ;
; 0.453 ; rasterizer:u_rasterizer|current_y[9]        ; rasterizer:u_rasterizer|current_y[9]                                                                         ; raster_clk   ; raster_clk  ; 0.000        ; 0.081      ; 0.746      ;
; 0.464 ; rasterizer:u_rasterizer|current_state.DRAIN ; rasterizer:u_rasterizer|current_state.DRAIN                                                                  ; raster_clk   ; raster_clk  ; 0.000        ; 0.082      ; 0.758      ;
; 0.465 ; rasterizer:u_rasterizer|current_state.BOX   ; rasterizer:u_rasterizer|current_state.BOX                                                                    ; raster_clk   ; raster_clk  ; 0.000        ; 0.081      ; 0.758      ;
; 0.469 ; rasterizer:u_rasterizer|pipe_addr[4]        ; screen_mem:u_screen_mem|altsyncram:mem2_rtl_0|altsyncram_0fg1:auto_generated|ram_block1a1~porta_address_reg0 ; raster_clk   ; raster_clk  ; 0.000        ; 0.477      ; 1.200      ;
; 0.490 ; rasterizer:u_rasterizer|pipe_addr[2]        ; screen_mem:u_screen_mem|altsyncram:mem0_rtl_0|altsyncram_0fg1:auto_generated|ram_block1a0~porta_address_reg0 ; raster_clk   ; raster_clk  ; 0.000        ; 0.474      ; 1.218      ;
; 0.504 ; rasterizer:u_rasterizer|pipe_addr[3]        ; screen_mem:u_screen_mem|altsyncram:mem2_rtl_0|altsyncram_0fg1:auto_generated|ram_block1a1~porta_address_reg0 ; raster_clk   ; raster_clk  ; 0.000        ; 0.477      ; 1.235      ;
; 0.535 ; rasterizer:u_rasterizer|pipe_addr[4]        ; screen_mem:u_screen_mem|altsyncram:mem0_rtl_0|altsyncram_0fg1:auto_generated|ram_block1a0~porta_address_reg0 ; raster_clk   ; raster_clk  ; 0.000        ; 0.474      ; 1.263      ;
; 0.543 ; rasterizer:u_rasterizer|pipe_addr[1]        ; screen_mem:u_screen_mem|altsyncram:mem0_rtl_0|altsyncram_0fg1:auto_generated|ram_block1a0~porta_address_reg0 ; raster_clk   ; raster_clk  ; 0.000        ; 0.474      ; 1.271      ;
; 0.568 ; rasterizer:u_rasterizer|current_state.IDLE  ; rasterizer:u_rasterizer|box_count                                                                            ; raster_clk   ; raster_clk  ; 0.000        ; 0.082      ; 0.862      ;
; 0.687 ; rasterizer:u_rasterizer|pipe_addr[8]        ; screen_mem:u_screen_mem|altsyncram:mem2_rtl_0|altsyncram_0fg1:auto_generated|ram_block1a1~porta_address_reg0 ; raster_clk   ; raster_clk  ; 0.000        ; 0.477      ; 1.418      ;
; 0.731 ; rasterizer:u_rasterizer|current_state.DRAIN ; rasterizer:u_rasterizer|current_state.DONE                                                                   ; raster_clk   ; raster_clk  ; 0.000        ; 0.082      ; 1.025      ;
; 0.743 ; rd_addr[8]                                  ; rd_addr[8]                                                                                                   ; raster_clk   ; raster_clk  ; 0.000        ; 0.101      ; 1.056      ;
; 0.743 ; rd_addr[1]                                  ; rd_addr[1]                                                                                                   ; raster_clk   ; raster_clk  ; 0.000        ; 0.101      ; 1.056      ;
; 0.745 ; rd_addr[2]                                  ; rd_addr[2]                                                                                                   ; raster_clk   ; raster_clk  ; 0.000        ; 0.101      ; 1.058      ;
; 0.747 ; rd_addr[7]                                  ; rd_addr[7]                                                                                                   ; raster_clk   ; raster_clk  ; 0.000        ; 0.101      ; 1.060      ;
; 0.747 ; rd_addr[5]                                  ; rd_addr[5]                                                                                                   ; raster_clk   ; raster_clk  ; 0.000        ; 0.101      ; 1.060      ;
; 0.748 ; rd_addr[3]                                  ; rd_addr[3]                                                                                                   ; raster_clk   ; raster_clk  ; 0.000        ; 0.101      ; 1.061      ;
; 0.751 ; rd_addr[6]                                  ; rd_addr[6]                                                                                                   ; raster_clk   ; raster_clk  ; 0.000        ; 0.101      ; 1.064      ;
; 0.751 ; rd_addr[4]                                  ; rd_addr[4]                                                                                                   ; raster_clk   ; raster_clk  ; 0.000        ; 0.101      ; 1.064      ;
; 0.765 ; rd_addr[9]                                  ; rd_addr[9]                                                                                                   ; raster_clk   ; raster_clk  ; 0.000        ; 0.101      ; 1.078      ;
; 0.767 ; rd_addr[15]                                 ; rd_addr[15]                                                                                                  ; raster_clk   ; raster_clk  ; 0.000        ; 0.101      ; 1.080      ;
; 0.768 ; rd_addr[0]                                  ; rd_addr[0]                                                                                                   ; raster_clk   ; raster_clk  ; 0.000        ; 0.101      ; 1.081      ;
; 0.790 ; rasterizer:u_rasterizer|pipe_addr[9]        ; screen_mem:u_screen_mem|altsyncram:mem0_rtl_0|altsyncram_0fg1:auto_generated|ram_block1a1~porta_address_reg0 ; raster_clk   ; raster_clk  ; 0.000        ; 0.471      ; 1.515      ;
; 0.794 ; rasterizer:u_rasterizer|pipe_addr[11]       ; screen_mem:u_screen_mem|altsyncram:mem0_rtl_0|altsyncram_0fg1:auto_generated|ram_block1a0~porta_address_reg0 ; raster_clk   ; raster_clk  ; 0.000        ; 0.474      ; 1.522      ;
; 0.808 ; rasterizer:u_rasterizer|pipe_addr[9]        ; screen_mem:u_screen_mem|altsyncram:mem5_rtl_0|altsyncram_0fg1:auto_generated|ram_block1a1~porta_address_reg0 ; raster_clk   ; raster_clk  ; 0.000        ; 0.473      ; 1.535      ;
; 0.827 ; rasterizer:u_rasterizer|current_state.DONE  ; rasterizer:u_rasterizer|current_state.DRAIN                                                                  ; raster_clk   ; raster_clk  ; 0.000        ; 0.082      ; 1.121      ;
; 0.829 ; rasterizer:u_rasterizer|pipe_addr[1]        ; screen_mem:u_screen_mem|altsyncram:mem2_rtl_0|altsyncram_0fg1:auto_generated|ram_block1a1~porta_address_reg0 ; raster_clk   ; raster_clk  ; 0.000        ; 0.489      ; 1.572      ;
; 0.830 ; rasterizer:u_rasterizer|pipe_addr[10]       ; screen_mem:u_screen_mem|altsyncram:mem4_rtl_0|altsyncram_0fg1:auto_generated|ram_block1a1~porta_address_reg0 ; raster_clk   ; raster_clk  ; 0.000        ; 0.471      ; 1.555      ;
; 0.836 ; rasterizer:u_rasterizer|pipe_addr[2]        ; screen_mem:u_screen_mem|altsyncram:mem4_rtl_0|altsyncram_0fg1:auto_generated|ram_block1a1~porta_address_reg0 ; raster_clk   ; raster_clk  ; 0.000        ; 0.471      ; 1.561      ;
; 0.839 ; rasterizer:u_rasterizer|pipe_addr[12]       ; screen_mem:u_screen_mem|altsyncram:mem0_rtl_0|altsyncram_0fg1:auto_generated|ram_block1a0~porta_address_reg0 ; raster_clk   ; raster_clk  ; 0.000        ; 0.474      ; 1.567      ;
; 0.845 ; rasterizer:u_rasterizer|pipe_addr[1]        ; screen_mem:u_screen_mem|altsyncram:mem4_rtl_0|altsyncram_0fg1:auto_generated|ram_block1a1~porta_address_reg0 ; raster_clk   ; raster_clk  ; 0.000        ; 0.471      ; 1.570      ;
; 0.846 ; rasterizer:u_rasterizer|pipe_addr[6]        ; screen_mem:u_screen_mem|altsyncram:mem0_rtl_0|altsyncram_0fg1:auto_generated|ram_block1a1~porta_address_reg0 ; raster_clk   ; raster_clk  ; 0.000        ; 0.471      ; 1.571      ;
; 0.855 ; rasterizer:u_rasterizer|pipe_addr[0]        ; screen_mem:u_screen_mem|altsyncram:mem4_rtl_0|altsyncram_0fg1:auto_generated|ram_block1a0~porta_address_reg0 ; raster_clk   ; raster_clk  ; 0.000        ; 0.471      ; 1.580      ;
; 0.856 ; rasterizer:u_rasterizer|pipe_addr[10]       ; screen_mem:u_screen_mem|altsyncram:mem0_rtl_0|altsyncram_0fg1:auto_generated|ram_block1a1~porta_address_reg0 ; raster_clk   ; raster_clk  ; 0.000        ; 0.471      ; 1.581      ;
; 0.861 ; rasterizer:u_rasterizer|pipe_addr[6]        ; screen_mem:u_screen_mem|altsyncram:mem4_rtl_0|altsyncram_0fg1:auto_generated|ram_block1a1~porta_address_reg0 ; raster_clk   ; raster_clk  ; 0.000        ; 0.471      ; 1.586      ;
; 0.868 ; rasterizer:u_rasterizer|pipe_addr[6]        ; screen_mem:u_screen_mem|altsyncram:mem5_rtl_0|altsyncram_0fg1:auto_generated|ram_block1a1~porta_address_reg0 ; raster_clk   ; raster_clk  ; 0.000        ; 0.473      ; 1.595      ;
; 0.868 ; rasterizer:u_rasterizer|pipe_addr[0]        ; screen_mem:u_screen_mem|altsyncram:mem2_rtl_0|altsyncram_0fg1:auto_generated|ram_block1a1~porta_address_reg0 ; raster_clk   ; raster_clk  ; 0.000        ; 0.489      ; 1.611      ;
; 0.871 ; rasterizer:u_rasterizer|pipe_addr[2]        ; screen_mem:u_screen_mem|altsyncram:mem4_rtl_0|altsyncram_0fg1:auto_generated|ram_block1a0~porta_address_reg0 ; raster_clk   ; raster_clk  ; 0.000        ; 0.471      ; 1.596      ;
; 0.873 ; rasterizer:u_rasterizer|pipe_addr[2]        ; screen_mem:u_screen_mem|altsyncram:mem5_rtl_0|altsyncram_0fg1:auto_generated|ram_block1a0~porta_address_reg0 ; raster_clk   ; raster_clk  ; 0.000        ; 0.472      ; 1.599      ;
; 0.876 ; rasterizer:u_rasterizer|pipe_addr[10]       ; screen_mem:u_screen_mem|altsyncram:mem0_rtl_0|altsyncram_0fg1:auto_generated|ram_block1a0~porta_address_reg0 ; raster_clk   ; raster_clk  ; 0.000        ; 0.474      ; 1.604      ;
; 0.878 ; rasterizer:u_rasterizer|pipe_addr[10]       ; screen_mem:u_screen_mem|altsyncram:mem5_rtl_0|altsyncram_0fg1:auto_generated|ram_block1a1~porta_address_reg0 ; raster_clk   ; raster_clk  ; 0.000        ; 0.473      ; 1.605      ;
; 0.880 ; rasterizer:u_rasterizer|pipe_addr[3]        ; screen_mem:u_screen_mem|altsyncram:mem0_rtl_0|altsyncram_0fg1:auto_generated|ram_block1a1~porta_address_reg0 ; raster_clk   ; raster_clk  ; 0.000        ; 0.471      ; 1.605      ;
; 0.882 ; rasterizer:u_rasterizer|pipe_addr[8]        ; screen_mem:u_screen_mem|altsyncram:mem0_rtl_0|altsyncram_0fg1:auto_generated|ram_block1a1~porta_address_reg0 ; raster_clk   ; raster_clk  ; 0.000        ; 0.471      ; 1.607      ;
; 0.887 ; rasterizer:u_rasterizer|pipe_addr[1]        ; screen_mem:u_screen_mem|altsyncram:mem0_rtl_0|altsyncram_0fg1:auto_generated|ram_block1a1~porta_address_reg0 ; raster_clk   ; raster_clk  ; 0.000        ; 0.471      ; 1.612      ;
; 0.890 ; rasterizer:u_rasterizer|pipe_addr[2]        ; screen_mem:u_screen_mem|altsyncram:mem5_rtl_0|altsyncram_0fg1:auto_generated|ram_block1a1~porta_address_reg0 ; raster_clk   ; raster_clk  ; 0.000        ; 0.473      ; 1.617      ;
; 0.897 ; rasterizer:u_rasterizer|pipe_addr[8]        ; screen_mem:u_screen_mem|altsyncram:mem4_rtl_0|altsyncram_0fg1:auto_generated|ram_block1a1~porta_address_reg0 ; raster_clk   ; raster_clk  ; 0.000        ; 0.471      ; 1.622      ;
; 0.897 ; rasterizer:u_rasterizer|pipe_addr[0]        ; screen_mem:u_screen_mem|altsyncram:mem5_rtl_0|altsyncram_0fg1:auto_generated|ram_block1a1~porta_address_reg0 ; raster_clk   ; raster_clk  ; 0.000        ; 0.473      ; 1.624      ;
; 0.898 ; rasterizer:u_rasterizer|pipe_addr[3]        ; screen_mem:u_screen_mem|altsyncram:mem5_rtl_0|altsyncram_0fg1:auto_generated|ram_block1a1~porta_address_reg0 ; raster_clk   ; raster_clk  ; 0.000        ; 0.473      ; 1.625      ;
; 0.902 ; rasterizer:u_rasterizer|pipe_addr[8]        ; screen_mem:u_screen_mem|altsyncram:mem0_rtl_0|altsyncram_0fg1:auto_generated|ram_block1a0~porta_address_reg0 ; raster_clk   ; raster_clk  ; 0.000        ; 0.474      ; 1.630      ;
; 0.903 ; rasterizer:u_rasterizer|pipe_addr[4]        ; screen_mem:u_screen_mem|altsyncram:mem5_rtl_0|altsyncram_0fg1:auto_generated|ram_block1a1~porta_address_reg0 ; raster_clk   ; raster_clk  ; 0.000        ; 0.473      ; 1.630      ;
; 0.904 ; rasterizer:u_rasterizer|pipe_addr[8]        ; screen_mem:u_screen_mem|altsyncram:mem5_rtl_0|altsyncram_0fg1:auto_generated|ram_block1a1~porta_address_reg0 ; raster_clk   ; raster_clk  ; 0.000        ; 0.473      ; 1.631      ;
; 0.906 ; rasterizer:u_rasterizer|pipe_addr[1]        ; screen_mem:u_screen_mem|altsyncram:mem5_rtl_0|altsyncram_0fg1:auto_generated|ram_block1a0~porta_address_reg0 ; raster_clk   ; raster_clk  ; 0.000        ; 0.472      ; 1.632      ;
; 0.908 ; rasterizer:u_rasterizer|pipe_addr[0]        ; screen_mem:u_screen_mem|altsyncram:mem5_rtl_0|altsyncram_0fg1:auto_generated|ram_block1a0~porta_address_reg0 ; raster_clk   ; raster_clk  ; 0.000        ; 0.472      ; 1.634      ;
; 0.911 ; rasterizer:u_rasterizer|pipe_addr[2]        ; screen_mem:u_screen_mem|altsyncram:mem2_rtl_0|altsyncram_0fg1:auto_generated|ram_block1a1~porta_address_reg0 ; raster_clk   ; raster_clk  ; 0.000        ; 0.489      ; 1.654      ;
; 0.914 ; rasterizer:u_rasterizer|pipe_addr[1]        ; screen_mem:u_screen_mem|altsyncram:mem4_rtl_0|altsyncram_0fg1:auto_generated|ram_block1a0~porta_address_reg0 ; raster_clk   ; raster_clk  ; 0.000        ; 0.471      ; 1.639      ;
; 0.919 ; rasterizer:u_rasterizer|pipe_addr[2]        ; screen_mem:u_screen_mem|altsyncram:mem0_rtl_0|altsyncram_0fg1:auto_generated|ram_block1a1~porta_address_reg0 ; raster_clk   ; raster_clk  ; 0.000        ; 0.471      ; 1.644      ;
; 0.920 ; rasterizer:u_rasterizer|pipe_addr[1]        ; screen_mem:u_screen_mem|altsyncram:mem5_rtl_0|altsyncram_0fg1:auto_generated|ram_block1a1~porta_address_reg0 ; raster_clk   ; raster_clk  ; 0.000        ; 0.473      ; 1.647      ;
; 0.940 ; rasterizer:u_rasterizer|pipe_addr[4]        ; screen_mem:u_screen_mem|altsyncram:mem4_rtl_0|altsyncram_0fg1:auto_generated|ram_block1a0~porta_address_reg0 ; raster_clk   ; raster_clk  ; 0.000        ; 0.471      ; 1.665      ;
; 0.942 ; rd_addr[5]                                  ; screen_mem:u_screen_mem|altsyncram:mem5_rtl_0|altsyncram_0fg1:auto_generated|ram_block1a0~portb_address_reg0 ; raster_clk   ; raster_clk  ; 0.000        ; 0.006      ; 1.202      ;
; 0.946 ; rd_addr[4]                                  ; screen_mem:u_screen_mem|altsyncram:mem5_rtl_0|altsyncram_0fg1:auto_generated|ram_block1a0~portb_address_reg0 ; raster_clk   ; raster_clk  ; 0.000        ; 0.006      ; 1.206      ;
; 0.947 ; rasterizer:u_rasterizer|pipe_addr[6]        ; screen_mem:u_screen_mem|altsyncram:mem2_rtl_0|altsyncram_0fg1:auto_generated|ram_block1a1~porta_address_reg0 ; raster_clk   ; raster_clk  ; 0.000        ; 0.477      ; 1.678      ;
; 0.954 ; rd_addr[14]                                 ; rd_addr[14]                                                                                                  ; raster_clk   ; raster_clk  ; 0.000        ; 0.101      ; 1.267      ;
; 0.971 ; rd_addr[11]                                 ; screen_mem:u_screen_mem|altsyncram:mem4_rtl_0|altsyncram_0fg1:auto_generated|ram_block1a0~portb_address_reg0 ; raster_clk   ; raster_clk  ; 0.000        ; 0.006      ; 1.231      ;
; 0.971 ; rd_addr[12]                                 ; rd_addr[12]                                                                                                  ; raster_clk   ; raster_clk  ; 0.000        ; 0.101      ; 1.284      ;
; 0.978 ; rd_addr[12]                                 ; screen_mem:u_screen_mem|altsyncram:mem4_rtl_0|altsyncram_0fg1:auto_generated|ram_block1a0~portb_address_reg0 ; raster_clk   ; raster_clk  ; 0.000        ; 0.006      ; 1.238      ;
; 0.985 ; rd_addr[13]                                 ; screen_mem:u_screen_mem|altsyncram:mem4_rtl_0|altsyncram_0fg1:auto_generated|ram_block1a0~portb_address_reg0 ; raster_clk   ; raster_clk  ; 0.000        ; 0.006      ; 1.245      ;
; 0.986 ; rd_addr[3]                                  ; screen_mem:u_screen_mem|altsyncram:mem5_rtl_0|altsyncram_0fg1:auto_generated|ram_block1a0~portb_address_reg0 ; raster_clk   ; raster_clk  ; 0.000        ; 0.006      ; 1.246      ;
; 0.992 ; rasterizer:u_rasterizer|pipe_addr[4]        ; screen_mem:u_screen_mem|altsyncram:mem5_rtl_0|altsyncram_0fg1:auto_generated|ram_block1a0~porta_address_reg0 ; raster_clk   ; raster_clk  ; 0.000        ; 0.472      ; 1.718      ;
; 1.003 ; rd_addr[15]                                 ; screen_mem:u_screen_mem|altsyncram:mem4_rtl_0|altsyncram_0fg1:auto_generated|ram_block1a0~portb_address_reg0 ; raster_clk   ; raster_clk  ; 0.000        ; 0.006      ; 1.263      ;
; 1.004 ; rd_addr[10]                                 ; screen_mem:u_screen_mem|altsyncram:mem4_rtl_0|altsyncram_0fg1:auto_generated|ram_block1a0~portb_address_reg0 ; raster_clk   ; raster_clk  ; 0.000        ; 0.006      ; 1.264      ;
; 1.005 ; rd_addr[8]                                  ; screen_mem:u_screen_mem|altsyncram:mem4_rtl_0|altsyncram_0fg1:auto_generated|ram_block1a0~portb_address_reg0 ; raster_clk   ; raster_clk  ; 0.000        ; 0.006      ; 1.265      ;
; 1.010 ; rasterizer:u_rasterizer|current_state.BOX   ; rasterizer:u_rasterizer|box_count                                                                            ; raster_clk   ; raster_clk  ; 0.000        ; 0.082      ; 1.304      ;
; 1.037 ; rasterizer:u_rasterizer|pipe_addr[6]        ; screen_mem:u_screen_mem|altsyncram:mem1_rtl_0|altsyncram_0fg1:auto_generated|ram_block1a1~porta_address_reg0 ; raster_clk   ; raster_clk  ; 0.000        ; 0.489      ; 1.780      ;
; 1.054 ; rasterizer:u_rasterizer|box_count           ; rasterizer:u_rasterizer|current_state.RASTERIZE                                                              ; raster_clk   ; raster_clk  ; 0.000        ; 0.082      ; 1.348      ;
; 1.072 ; rd_addr[16]                                 ; rd_addr[16]                                                                                                  ; raster_clk   ; raster_clk  ; 0.000        ; 0.101      ; 1.385      ;
; 1.074 ; rasterizer:u_rasterizer|pipe_addr[9]        ; screen_mem:u_screen_mem|altsyncram:mem2_rtl_0|altsyncram_0fg1:auto_generated|ram_block1a1~porta_address_reg0 ; raster_clk   ; raster_clk  ; 0.000        ; 0.477      ; 1.805      ;
; 1.097 ; rd_addr[1]                                  ; rd_addr[2]                                                                                                   ; raster_clk   ; raster_clk  ; 0.000        ; 0.101      ; 1.410      ;
; 1.102 ; rd_addr[5]                                  ; rd_addr[6]                                                                                                   ; raster_clk   ; raster_clk  ; 0.000        ; 0.101      ; 1.415      ;
; 1.103 ; rd_addr[7]                                  ; rd_addr[8]                                                                                                   ; raster_clk   ; raster_clk  ; 0.000        ; 0.100      ; 1.415      ;
; 1.103 ; rd_addr[3]                                  ; rd_addr[4]                                                                                                   ; raster_clk   ; raster_clk  ; 0.000        ; 0.101      ; 1.416      ;
; 1.104 ; rd_addr[8]                                  ; rd_addr[9]                                                                                                   ; raster_clk   ; raster_clk  ; 0.000        ; 0.101      ; 1.417      ;
; 1.106 ; rd_addr[2]                                  ; rd_addr[3]                                                                                                   ; raster_clk   ; raster_clk  ; 0.000        ; 0.101      ; 1.419      ;
; 1.106 ; rd_addr[0]                                  ; rd_addr[1]                                                                                                   ; raster_clk   ; raster_clk  ; 0.000        ; 0.101      ; 1.419      ;
; 1.106 ; rd_addr[11]                                 ; rd_addr[12]                                                                                                  ; raster_clk   ; raster_clk  ; 0.000        ; 0.101      ; 1.419      ;
; 1.112 ; rd_addr[6]                                  ; rd_addr[7]                                                                                                   ; raster_clk   ; raster_clk  ; 0.000        ; 0.101      ; 1.425      ;
; 1.112 ; rd_addr[4]                                  ; rd_addr[5]                                                                                                   ; raster_clk   ; raster_clk  ; 0.000        ; 0.101      ; 1.425      ;
; 1.115 ; rd_addr[0]                                  ; rd_addr[2]                                                                                                   ; raster_clk   ; raster_clk  ; 0.000        ; 0.101      ; 1.428      ;
; 1.115 ; rd_addr[2]                                  ; rd_addr[4]                                                                                                   ; raster_clk   ; raster_clk  ; 0.000        ; 0.101      ; 1.428      ;
; 1.121 ; rd_addr[13]                                 ; rd_addr[14]                                                                                                  ; raster_clk   ; raster_clk  ; 0.000        ; 0.101      ; 1.434      ;
; 1.121 ; rd_addr[4]                                  ; rd_addr[6]                                                                                                   ; raster_clk   ; raster_clk  ; 0.000        ; 0.101      ; 1.434      ;
; 1.122 ; rd_addr[6]                                  ; rd_addr[8]                                                                                                   ; raster_clk   ; raster_clk  ; 0.000        ; 0.100      ; 1.434      ;
; 1.133 ; rasterizer:u_rasterizer|pipe_addr[11]       ; screen_mem:u_screen_mem|altsyncram:mem5_rtl_0|altsyncram_0fg1:auto_generated|ram_block1a0~porta_address_reg0 ; raster_clk   ; raster_clk  ; 0.000        ; 0.472      ; 1.859      ;
; 1.140 ; rd_addr[10]                                 ; rd_addr[12]                                                                                                  ; raster_clk   ; raster_clk  ; 0.000        ; 0.101      ; 1.453      ;
; 1.147 ; rasterizer:u_rasterizer|pipe_addr[11]       ; screen_mem:u_screen_mem|altsyncram:mem4_rtl_0|altsyncram_0fg1:auto_generated|ram_block1a0~porta_address_reg0 ; raster_clk   ; raster_clk  ; 0.000        ; 0.471      ; 1.872      ;
; 1.180 ; rasterizer:u_rasterizer|pipe_addr[12]       ; screen_mem:u_screen_mem|altsyncram:mem4_rtl_0|altsyncram_0fg1:auto_generated|ram_block1a0~porta_address_reg0 ; raster_clk   ; raster_clk  ; 0.000        ; 0.471      ; 1.905      ;
; 1.183 ; rasterizer:u_rasterizer|pipe_addr[7]        ; screen_mem:u_screen_mem|altsyncram:mem5_rtl_0|altsyncram_0fg1:auto_generated|ram_block1a1~porta_address_reg0 ; raster_clk   ; raster_clk  ; 0.000        ; 0.473      ; 1.910      ;
+-------+---------------------------------------------+--------------------------------------------------------------------------------------------------------------+--------------+-------------+--------------+------------+------------+


-----------------------------------------------
; Slow 1200mV 85C Model Metastability Summary ;
-----------------------------------------------
No synchronizer chains to report.


+-------------------------------------------------+
; Slow 1200mV 0C Model Fmax Summary               ;
+-----------+-----------------+------------+------+
; Fmax      ; Restricted Fmax ; Clock Name ; Note ;
+-----------+-----------------+------------+------+
; 93.51 MHz ; 93.51 MHz       ; raster_clk ;      ;
+-----------+-----------------+------------+------+
This panel reports FMAX for every clock in the design, regardless of the user-specified clock periods.  FMAX is only computed for paths where the source and destination registers or ports are driven by the same clock.  Paths of different clocks, including generated clocks, are ignored.  For paths between a clock and its inversion, FMAX is computed as if the rising and falling edges are scaled along with FMAX, such that the duty cycle (in terms of a percentage) is maintained. Altera recommends that you always use clock constraints and other slack reports for sign-off analysis.


+-------------------------------------+
; Slow 1200mV 0C Model Setup Summary  ;
+------------+--------+---------------+
; Clock      ; Slack  ; End Point TNS ;
+------------+--------+---------------+
; raster_clk ; -9.694 ; -1336.422     ;
+------------+--------+---------------+


+------------------------------------+
; Slow 1200mV 0C Model Hold Summary  ;
+------------+-------+---------------+
; Clock      ; Slack ; End Point TNS ;
+------------+-------+---------------+
; raster_clk ; 0.385 ; 0.000         ;
+------------+-------+---------------+


-----------------------------------------
; Slow 1200mV 0C Model Recovery Summary ;
-----------------------------------------
No paths to report.


----------------------------------------
; Slow 1200mV 0C Model Removal Summary ;
----------------------------------------
No paths to report.


+--------------------------------------------------+
; Slow 1200mV 0C Model Minimum Pulse Width Summary ;
+------------+--------+----------------------------+
; Clock      ; Slack  ; End Point TNS              ;
+------------+--------+----------------------------+
; raster_clk ; -3.201 ; -506.093                   ;
+------------+--------+----------------------------+


+-------------------------------------------------------------------------------------------------------------------------------------------------------------------------------------------------------------------------------+
; Slow 1200mV 0C Model Setup: 'raster_clk'                                                                                                                                                                                      ;
+--------+---------------------------------------+--------------------------------------------------------------------------------------------------------+--------------+-------------+--------------+------------+------------+
; Slack  ; From Node                             ; To Node                                                                                                ; Launch Clock ; Latch Clock ; Relationship ; Clock Skew ; Data Delay ;
+--------+---------------------------------------+--------------------------------------------------------------------------------------------------------+--------------+-------------+--------------+------------+------------+
; -9.694 ; rasterizer:u_rasterizer|pipe_dy3[0]   ; screen_mem:u_screen_mem|altsyncram:mem7_rtl_0|altsyncram_0fg1:auto_generated|ram_block1a1~porta_we_reg ; raster_clk   ; raster_clk  ; 1.000        ; 0.309      ; 11.042     ;
; -9.567 ; rasterizer:u_rasterizer|pipe_dy3[2]   ; screen_mem:u_screen_mem|altsyncram:mem7_rtl_0|altsyncram_0fg1:auto_generated|ram_block1a1~porta_we_reg ; raster_clk   ; raster_clk  ; 1.000        ; 0.309      ; 10.915     ;
; -9.513 ; rasterizer:u_rasterizer|pipe_dy3[1]   ; screen_mem:u_screen_mem|altsyncram:mem7_rtl_0|altsyncram_0fg1:auto_generated|ram_block1a1~porta_we_reg ; raster_clk   ; raster_clk  ; 1.000        ; 0.309      ; 10.861     ;
; -9.478 ; rasterizer:u_rasterizer|pipe_dy2[3]   ; screen_mem:u_screen_mem|altsyncram:mem3_rtl_0|altsyncram_0fg1:auto_generated|ram_block1a1~porta_we_reg ; raster_clk   ; raster_clk  ; 1.000        ; 0.255      ; 10.772     ;
; -9.409 ; rasterizer:u_rasterizer|pipe_dy3[3]   ; screen_mem:u_screen_mem|altsyncram:mem7_rtl_0|altsyncram_0fg1:auto_generated|ram_block1a1~porta_we_reg ; raster_clk   ; raster_clk  ; 1.000        ; 0.309      ; 10.757     ;
; -9.403 ; rasterizer:u_rasterizer|pipe_dy3[4]   ; screen_mem:u_screen_mem|altsyncram:mem7_rtl_0|altsyncram_0fg1:auto_generated|ram_block1a1~porta_we_reg ; raster_clk   ; raster_clk  ; 1.000        ; 0.309      ; 10.751     ;
; -9.356 ; rasterizer:u_rasterizer|pipe_dy2[9]   ; screen_mem:u_screen_mem|altsyncram:mem7_rtl_0|altsyncram_0fg1:auto_generated|ram_block1a1~porta_we_reg ; raster_clk   ; raster_clk  ; 1.000        ; 0.282      ; 10.677     ;
; -9.350 ; rasterizer:u_rasterizer|pipe_dy2[4]   ; screen_mem:u_screen_mem|altsyncram:mem3_rtl_0|altsyncram_0fg1:auto_generated|ram_block1a1~porta_we_reg ; raster_clk   ; raster_clk  ; 1.000        ; 0.255      ; 10.644     ;
; -9.321 ; rasterizer:u_rasterizer|pipe_dy1[5]   ; screen_mem:u_screen_mem|altsyncram:mem7_rtl_0|altsyncram_0fg1:auto_generated|ram_block1a1~porta_we_reg ; raster_clk   ; raster_clk  ; 1.000        ; 0.293      ; 10.653     ;
; -9.310 ; rasterizer:u_rasterizer|pipe_dy2[1]   ; screen_mem:u_screen_mem|altsyncram:mem3_rtl_0|altsyncram_0fg1:auto_generated|ram_block1a1~porta_we_reg ; raster_clk   ; raster_clk  ; 1.000        ; 0.255      ; 10.604     ;
; -9.301 ; rasterizer:u_rasterizer|pipe_dy2[0]   ; screen_mem:u_screen_mem|altsyncram:mem3_rtl_0|altsyncram_0fg1:auto_generated|ram_block1a1~porta_we_reg ; raster_clk   ; raster_clk  ; 1.000        ; 0.255      ; 10.595     ;
; -9.294 ; rasterizer:u_rasterizer|pipe_dy3[0]   ; screen_mem:u_screen_mem|altsyncram:mem7_rtl_0|altsyncram_0fg1:auto_generated|ram_block1a0~porta_we_reg ; raster_clk   ; raster_clk  ; 1.000        ; 0.309      ; 10.642     ;
; -9.277 ; rasterizer:u_rasterizer|pipe_dy3[6]   ; screen_mem:u_screen_mem|altsyncram:mem7_rtl_0|altsyncram_0fg1:auto_generated|ram_block1a1~porta_we_reg ; raster_clk   ; raster_clk  ; 1.000        ; 0.309      ; 10.625     ;
; -9.258 ; rasterizer:u_rasterizer|pipe_dy3[5]   ; screen_mem:u_screen_mem|altsyncram:mem7_rtl_0|altsyncram_0fg1:auto_generated|ram_block1a1~porta_we_reg ; raster_clk   ; raster_clk  ; 1.000        ; 0.309      ; 10.606     ;
; -9.222 ; rasterizer:u_rasterizer|pipe_dy2[2]   ; screen_mem:u_screen_mem|altsyncram:mem3_rtl_0|altsyncram_0fg1:auto_generated|ram_block1a1~porta_we_reg ; raster_clk   ; raster_clk  ; 1.000        ; 0.255      ; 10.516     ;
; -9.202 ; rasterizer:u_rasterizer|x1[1]         ; rasterizer:u_rasterizer|pipe_edge1[20]                                                                 ; raster_clk   ; raster_clk  ; 1.000        ; 0.392      ; 10.596     ;
; -9.188 ; rasterizer:u_rasterizer|pipe_dy2[7]   ; screen_mem:u_screen_mem|altsyncram:mem3_rtl_0|altsyncram_0fg1:auto_generated|ram_block1a1~porta_we_reg ; raster_clk   ; raster_clk  ; 1.000        ; 0.255      ; 10.482     ;
; -9.167 ; rasterizer:u_rasterizer|pipe_dy3[2]   ; screen_mem:u_screen_mem|altsyncram:mem7_rtl_0|altsyncram_0fg1:auto_generated|ram_block1a0~porta_we_reg ; raster_clk   ; raster_clk  ; 1.000        ; 0.309      ; 10.515     ;
; -9.132 ; rasterizer:u_rasterizer|pipe_dy3[7]   ; screen_mem:u_screen_mem|altsyncram:mem7_rtl_0|altsyncram_0fg1:auto_generated|ram_block1a1~porta_we_reg ; raster_clk   ; raster_clk  ; 1.000        ; 0.309      ; 10.480     ;
; -9.126 ; rasterizer:u_rasterizer|pipe_dy2[3]   ; screen_mem:u_screen_mem|altsyncram:mem3_rtl_0|altsyncram_0fg1:auto_generated|ram_block1a0~porta_we_reg ; raster_clk   ; raster_clk  ; 1.000        ; 0.255      ; 10.420     ;
; -9.126 ; rasterizer:u_rasterizer|pipe_dy2[0]   ; screen_mem:u_screen_mem|altsyncram:mem7_rtl_0|altsyncram_0fg1:auto_generated|ram_block1a1~porta_we_reg ; raster_clk   ; raster_clk  ; 1.000        ; 0.254      ; 10.419     ;
; -9.125 ; rasterizer:u_rasterizer|pipe_dy3[8]   ; screen_mem:u_screen_mem|altsyncram:mem7_rtl_0|altsyncram_0fg1:auto_generated|ram_block1a1~porta_we_reg ; raster_clk   ; raster_clk  ; 1.000        ; 0.309      ; 10.473     ;
; -9.116 ; rasterizer:u_rasterizer|y3[0]         ; rasterizer:u_rasterizer|pipe_edge2[20]                                                                 ; raster_clk   ; raster_clk  ; 1.000        ; 0.381      ; 10.499     ;
; -9.113 ; rasterizer:u_rasterizer|pipe_dy3[1]   ; screen_mem:u_screen_mem|altsyncram:mem7_rtl_0|altsyncram_0fg1:auto_generated|ram_block1a0~porta_we_reg ; raster_clk   ; raster_clk  ; 1.000        ; 0.309      ; 10.461     ;
; -9.113 ; rasterizer:u_rasterizer|pipe_dy2[8]   ; screen_mem:u_screen_mem|altsyncram:mem3_rtl_0|altsyncram_0fg1:auto_generated|ram_block1a1~porta_we_reg ; raster_clk   ; raster_clk  ; 1.000        ; 0.255      ; 10.407     ;
; -9.109 ; rasterizer:u_rasterizer|y1[2]         ; rasterizer:u_rasterizer|pipe_edge3[20]                                                                 ; raster_clk   ; raster_clk  ; 1.000        ; 0.343      ; 10.454     ;
; -9.105 ; rasterizer:u_rasterizer|x2[0]         ; rasterizer:u_rasterizer|pipe_edge2[20]                                                                 ; raster_clk   ; raster_clk  ; 1.000        ; 0.379      ; 10.486     ;
; -9.091 ; rasterizer:u_rasterizer|pipe_dy3[9]   ; screen_mem:u_screen_mem|altsyncram:mem7_rtl_0|altsyncram_0fg1:auto_generated|ram_block1a1~porta_we_reg ; raster_clk   ; raster_clk  ; 1.000        ; 0.307      ; 10.437     ;
; -9.080 ; rasterizer:u_rasterizer|current_x[5]  ; rasterizer:u_rasterizer|pipe_edge3[20]                                                                 ; raster_clk   ; raster_clk  ; 1.000        ; 0.354      ; 10.436     ;
; -9.076 ; rasterizer:u_rasterizer|x1[1]         ; rasterizer:u_rasterizer|pipe_edge1[18]                                                                 ; raster_clk   ; raster_clk  ; 1.000        ; 0.392      ; 10.470     ;
; -9.072 ; rasterizer:u_rasterizer|y3[1]         ; rasterizer:u_rasterizer|pipe_edge3[20]                                                                 ; raster_clk   ; raster_clk  ; 1.000        ; 0.342      ; 10.416     ;
; -9.070 ; rasterizer:u_rasterizer|pipe_dy2[5]   ; screen_mem:u_screen_mem|altsyncram:mem3_rtl_0|altsyncram_0fg1:auto_generated|ram_block1a1~porta_we_reg ; raster_clk   ; raster_clk  ; 1.000        ; 0.255      ; 10.364     ;
; -9.065 ; rasterizer:u_rasterizer|y3[4]         ; rasterizer:u_rasterizer|pipe_edge3[19]                                                                 ; raster_clk   ; raster_clk  ; 1.000        ; 0.368      ; 10.435     ;
; -9.052 ; rasterizer:u_rasterizer|y3[1]         ; rasterizer:u_rasterizer|pipe_edge3[19]                                                                 ; raster_clk   ; raster_clk  ; 1.000        ; 0.342      ; 10.396     ;
; -9.041 ; rasterizer:u_rasterizer|pipe_dy2[1]   ; screen_mem:u_screen_mem|altsyncram:mem7_rtl_0|altsyncram_0fg1:auto_generated|ram_block1a1~porta_we_reg ; raster_clk   ; raster_clk  ; 1.000        ; 0.254      ; 10.334     ;
; -9.037 ; rasterizer:u_rasterizer|x1[1]         ; rasterizer:u_rasterizer|pipe_edge1[19]                                                                 ; raster_clk   ; raster_clk  ; 1.000        ; 0.392      ; 10.431     ;
; -9.034 ; rasterizer:u_rasterizer|pipe_dy2[9]   ; screen_mem:u_screen_mem|altsyncram:mem3_rtl_0|altsyncram_0fg1:auto_generated|ram_block1a1~porta_we_reg ; raster_clk   ; raster_clk  ; 1.000        ; 0.283      ; 10.356     ;
; -9.033 ; rasterizer:u_rasterizer|y1[1]         ; rasterizer:u_rasterizer|pipe_edge1[20]                                                                 ; raster_clk   ; raster_clk  ; 1.000        ; 0.393      ; 10.428     ;
; -9.033 ; rasterizer:u_rasterizer|current_x[5]  ; rasterizer:u_rasterizer|pipe_edge2[20]                                                                 ; raster_clk   ; raster_clk  ; 1.000        ; 0.367      ; 10.402     ;
; -9.028 ; rasterizer:u_rasterizer|y3[6]         ; rasterizer:u_rasterizer|pipe_edge2[20]                                                                 ; raster_clk   ; raster_clk  ; 1.000        ; 0.381      ; 10.411     ;
; -9.026 ; rasterizer:u_rasterizer|y3[4]         ; rasterizer:u_rasterizer|pipe_edge3[20]                                                                 ; raster_clk   ; raster_clk  ; 1.000        ; 0.368      ; 10.396     ;
; -9.012 ; rasterizer:u_rasterizer|x1[5]         ; rasterizer:u_rasterizer|pipe_edge1[20]                                                                 ; raster_clk   ; raster_clk  ; 1.000        ; 0.392      ; 10.406     ;
; -9.009 ; rasterizer:u_rasterizer|pipe_dy3[3]   ; screen_mem:u_screen_mem|altsyncram:mem7_rtl_0|altsyncram_0fg1:auto_generated|ram_block1a0~porta_we_reg ; raster_clk   ; raster_clk  ; 1.000        ; 0.309      ; 10.357     ;
; -9.005 ; rasterizer:u_rasterizer|current_y[0]  ; rasterizer:u_rasterizer|pipe_edge1[19]                                                                 ; raster_clk   ; raster_clk  ; 1.000        ; 0.392      ; 10.399     ;
; -9.003 ; rasterizer:u_rasterizer|pipe_dy3[4]   ; screen_mem:u_screen_mem|altsyncram:mem7_rtl_0|altsyncram_0fg1:auto_generated|ram_block1a0~porta_we_reg ; raster_clk   ; raster_clk  ; 1.000        ; 0.309      ; 10.351     ;
; -9.002 ; rasterizer:u_rasterizer|y3[2]         ; rasterizer:u_rasterizer|pipe_edge2[20]                                                                 ; raster_clk   ; raster_clk  ; 1.000        ; 0.381      ; 10.385     ;
; -8.999 ; rasterizer:u_rasterizer|y3[0]         ; rasterizer:u_rasterizer|pipe_edge3[19]                                                                 ; raster_clk   ; raster_clk  ; 1.000        ; 0.368      ; 10.369     ;
; -8.998 ; rasterizer:u_rasterizer|pipe_dy2[4]   ; screen_mem:u_screen_mem|altsyncram:mem3_rtl_0|altsyncram_0fg1:auto_generated|ram_block1a0~porta_we_reg ; raster_clk   ; raster_clk  ; 1.000        ; 0.255      ; 10.292     ;
; -8.990 ; rasterizer:u_rasterizer|y3[0]         ; rasterizer:u_rasterizer|pipe_edge2[18]                                                                 ; raster_clk   ; raster_clk  ; 1.000        ; 0.381      ; 10.373     ;
; -8.983 ; rasterizer:u_rasterizer|y1[2]         ; rasterizer:u_rasterizer|pipe_edge3[18]                                                                 ; raster_clk   ; raster_clk  ; 1.000        ; 0.343      ; 10.328     ;
; -8.982 ; rasterizer:u_rasterizer|pipe_dy2[2]   ; screen_mem:u_screen_mem|altsyncram:mem7_rtl_0|altsyncram_0fg1:auto_generated|ram_block1a1~porta_we_reg ; raster_clk   ; raster_clk  ; 1.000        ; 0.254      ; 10.275     ;
; -8.980 ; rasterizer:u_rasterizer|x2[2]         ; rasterizer:u_rasterizer|pipe_edge2[20]                                                                 ; raster_clk   ; raster_clk  ; 1.000        ; 0.379      ; 10.361     ;
; -8.979 ; rasterizer:u_rasterizer|x2[0]         ; rasterizer:u_rasterizer|pipe_edge2[18]                                                                 ; raster_clk   ; raster_clk  ; 1.000        ; 0.379      ; 10.360     ;
; -8.974 ; rasterizer:u_rasterizer|x2[0]         ; rasterizer:u_rasterizer|pipe_edge1[19]                                                                 ; raster_clk   ; raster_clk  ; 1.000        ; 0.391      ; 10.367     ;
; -8.972 ; rasterizer:u_rasterizer|current_x[4]  ; rasterizer:u_rasterizer|pipe_edge2[20]                                                                 ; raster_clk   ; raster_clk  ; 1.000        ; 0.379      ; 10.353     ;
; -8.968 ; rasterizer:u_rasterizer|current_x[8]  ; rasterizer:u_rasterizer|pipe_edge3[20]                                                                 ; raster_clk   ; raster_clk  ; 1.000        ; 0.354      ; 10.324     ;
; -8.966 ; rasterizer:u_rasterizer|current_y[0]  ; rasterizer:u_rasterizer|pipe_edge1[20]                                                                 ; raster_clk   ; raster_clk  ; 1.000        ; 0.392      ; 10.360     ;
; -8.960 ; rasterizer:u_rasterizer|y3[0]         ; rasterizer:u_rasterizer|pipe_edge3[20]                                                                 ; raster_clk   ; raster_clk  ; 1.000        ; 0.368      ; 10.330     ;
; -8.958 ; rasterizer:u_rasterizer|pipe_dy2[1]   ; screen_mem:u_screen_mem|altsyncram:mem3_rtl_0|altsyncram_0fg1:auto_generated|ram_block1a0~porta_we_reg ; raster_clk   ; raster_clk  ; 1.000        ; 0.255      ; 10.252     ;
; -8.957 ; rasterizer:u_rasterizer|current_x[8]  ; rasterizer:u_rasterizer|pipe_edge2[20]                                                                 ; raster_clk   ; raster_clk  ; 1.000        ; 0.367      ; 10.326     ;
; -8.956 ; rasterizer:u_rasterizer|pipe_dy2[9]   ; screen_mem:u_screen_mem|altsyncram:mem7_rtl_0|altsyncram_0fg1:auto_generated|ram_block1a0~porta_we_reg ; raster_clk   ; raster_clk  ; 1.000        ; 0.282      ; 10.277     ;
; -8.954 ; rasterizer:u_rasterizer|current_x[5]  ; rasterizer:u_rasterizer|pipe_edge3[18]                                                                 ; raster_clk   ; raster_clk  ; 1.000        ; 0.354      ; 10.310     ;
; -8.953 ; rasterizer:u_rasterizer|pipe_dy1[1]   ; screen_mem:u_screen_mem|altsyncram:mem5_rtl_0|altsyncram_0fg1:auto_generated|ram_block1a0~porta_we_reg ; raster_clk   ; raster_clk  ; 1.000        ; 0.266      ; 10.258     ;
; -8.951 ; rasterizer:u_rasterizer|pipe_edge3[7] ; screen_mem:u_screen_mem|altsyncram:mem2_rtl_0|altsyncram_0fg1:auto_generated|ram_block1a1~porta_we_reg ; raster_clk   ; raster_clk  ; 1.000        ; -0.172     ; 9.818      ;
; -8.951 ; rasterizer:u_rasterizer|y3[0]         ; rasterizer:u_rasterizer|pipe_edge2[19]                                                                 ; raster_clk   ; raster_clk  ; 1.000        ; 0.381      ; 10.334     ;
; -8.950 ; rasterizer:u_rasterizer|x1[1]         ; rasterizer:u_rasterizer|pipe_edge1[16]                                                                 ; raster_clk   ; raster_clk  ; 1.000        ; 0.392      ; 10.344     ;
; -8.949 ; rasterizer:u_rasterizer|y1[0]         ; rasterizer:u_rasterizer|pipe_edge3[20]                                                                 ; raster_clk   ; raster_clk  ; 1.000        ; 0.343      ; 10.294     ;
; -8.949 ; rasterizer:u_rasterizer|pipe_dy2[0]   ; screen_mem:u_screen_mem|altsyncram:mem3_rtl_0|altsyncram_0fg1:auto_generated|ram_block1a0~porta_we_reg ; raster_clk   ; raster_clk  ; 1.000        ; 0.255      ; 10.243     ;
; -8.946 ; rasterizer:u_rasterizer|y3[1]         ; rasterizer:u_rasterizer|pipe_edge3[18]                                                                 ; raster_clk   ; raster_clk  ; 1.000        ; 0.342      ; 10.290     ;
; -8.944 ; rasterizer:u_rasterizer|current_y[0]  ; rasterizer:u_rasterizer|pipe_edge3[19]                                                                 ; raster_clk   ; raster_clk  ; 1.000        ; 0.367      ; 10.313     ;
; -8.944 ; rasterizer:u_rasterizer|y1[2]         ; rasterizer:u_rasterizer|pipe_edge3[19]                                                                 ; raster_clk   ; raster_clk  ; 1.000        ; 0.343      ; 10.289     ;
; -8.942 ; rasterizer:u_rasterizer|pipe_dy1[3]   ; screen_mem:u_screen_mem|altsyncram:mem5_rtl_0|altsyncram_0fg1:auto_generated|ram_block1a0~porta_we_reg ; raster_clk   ; raster_clk  ; 1.000        ; 0.266      ; 10.247     ;
; -8.940 ; rasterizer:u_rasterizer|x2[0]         ; rasterizer:u_rasterizer|pipe_edge2[19]                                                                 ; raster_clk   ; raster_clk  ; 1.000        ; 0.379      ; 10.321     ;
; -8.939 ; rasterizer:u_rasterizer|y3[4]         ; rasterizer:u_rasterizer|pipe_edge3[17]                                                                 ; raster_clk   ; raster_clk  ; 1.000        ; 0.368      ; 10.309     ;
; -8.939 ; rasterizer:u_rasterizer|y3[3]         ; rasterizer:u_rasterizer|pipe_edge3[19]                                                                 ; raster_clk   ; raster_clk  ; 1.000        ; 0.342      ; 10.283     ;
; -8.935 ; rasterizer:u_rasterizer|x2[0]         ; rasterizer:u_rasterizer|pipe_edge1[20]                                                                 ; raster_clk   ; raster_clk  ; 1.000        ; 0.391      ; 10.328     ;
; -8.926 ; rasterizer:u_rasterizer|y3[1]         ; rasterizer:u_rasterizer|pipe_edge3[17]                                                                 ; raster_clk   ; raster_clk  ; 1.000        ; 0.342      ; 10.270     ;
; -8.921 ; rasterizer:u_rasterizer|pipe_dy1[5]   ; screen_mem:u_screen_mem|altsyncram:mem7_rtl_0|altsyncram_0fg1:auto_generated|ram_block1a0~porta_we_reg ; raster_clk   ; raster_clk  ; 1.000        ; 0.293      ; 10.253     ;
; -8.921 ; rasterizer:u_rasterizer|pipe_dy2[3]   ; screen_mem:u_screen_mem|altsyncram:mem7_rtl_0|altsyncram_0fg1:auto_generated|ram_block1a1~porta_we_reg ; raster_clk   ; raster_clk  ; 1.000        ; 0.254      ; 10.214     ;
; -8.917 ; rasterizer:u_rasterizer|y3[3]         ; rasterizer:u_rasterizer|pipe_edge3[20]                                                                 ; raster_clk   ; raster_clk  ; 1.000        ; 0.342      ; 10.261     ;
; -8.915 ; rasterizer:u_rasterizer|x2[4]         ; rasterizer:u_rasterizer|pipe_edge2[20]                                                                 ; raster_clk   ; raster_clk  ; 1.000        ; 0.379      ; 10.296     ;
; -8.915 ; rasterizer:u_rasterizer|current_x[5]  ; rasterizer:u_rasterizer|pipe_edge3[19]                                                                 ; raster_clk   ; raster_clk  ; 1.000        ; 0.354      ; 10.271     ;
; -8.914 ; rasterizer:u_rasterizer|y2[0]         ; rasterizer:u_rasterizer|pipe_edge1[20]                                                                 ; raster_clk   ; raster_clk  ; 1.000        ; 0.377      ; 10.293     ;
; -8.913 ; rasterizer:u_rasterizer|x3[2]         ; rasterizer:u_rasterizer|pipe_edge3[20]                                                                 ; raster_clk   ; raster_clk  ; 1.000        ; 0.367      ; 10.282     ;
; -8.911 ; rasterizer:u_rasterizer|x1[1]         ; rasterizer:u_rasterizer|pipe_edge1[17]                                                                 ; raster_clk   ; raster_clk  ; 1.000        ; 0.392      ; 10.305     ;
; -8.907 ; rasterizer:u_rasterizer|y1[1]         ; rasterizer:u_rasterizer|pipe_edge1[18]                                                                 ; raster_clk   ; raster_clk  ; 1.000        ; 0.393      ; 10.302     ;
; -8.907 ; rasterizer:u_rasterizer|current_x[5]  ; rasterizer:u_rasterizer|pipe_edge2[18]                                                                 ; raster_clk   ; raster_clk  ; 1.000        ; 0.367      ; 10.276     ;
; -8.905 ; rasterizer:u_rasterizer|current_y[0]  ; rasterizer:u_rasterizer|pipe_edge3[20]                                                                 ; raster_clk   ; raster_clk  ; 1.000        ; 0.367      ; 10.274     ;
; -8.905 ; rasterizer:u_rasterizer|pipe_dy1[2]   ; screen_mem:u_screen_mem|altsyncram:mem5_rtl_0|altsyncram_0fg1:auto_generated|ram_block1a0~porta_we_reg ; raster_clk   ; raster_clk  ; 1.000        ; 0.266      ; 10.210     ;
; -8.903 ; rasterizer:u_rasterizer|y2[3]         ; rasterizer:u_rasterizer|pipe_edge2[20]                                                                 ; raster_clk   ; raster_clk  ; 1.000        ; 0.356      ; 10.261     ;
; -8.902 ; rasterizer:u_rasterizer|y3[6]         ; rasterizer:u_rasterizer|pipe_edge2[18]                                                                 ; raster_clk   ; raster_clk  ; 1.000        ; 0.381      ; 10.285     ;
; -8.900 ; rasterizer:u_rasterizer|y3[4]         ; rasterizer:u_rasterizer|pipe_edge3[18]                                                                 ; raster_clk   ; raster_clk  ; 1.000        ; 0.368      ; 10.270     ;
; -8.892 ; rasterizer:u_rasterizer|current_x[3]  ; rasterizer:u_rasterizer|pipe_edge3[20]                                                                 ; raster_clk   ; raster_clk  ; 1.000        ; 0.354      ; 10.248     ;
; -8.887 ; rasterizer:u_rasterizer|x2[3]         ; rasterizer:u_rasterizer|pipe_edge2[20]                                                                 ; raster_clk   ; raster_clk  ; 1.000        ; 0.366      ; 10.255     ;
; -8.886 ; rasterizer:u_rasterizer|x1[5]         ; rasterizer:u_rasterizer|pipe_edge1[18]                                                                 ; raster_clk   ; raster_clk  ; 1.000        ; 0.392      ; 10.280     ;
; -8.879 ; rasterizer:u_rasterizer|current_y[0]  ; rasterizer:u_rasterizer|pipe_edge1[17]                                                                 ; raster_clk   ; raster_clk  ; 1.000        ; 0.392      ; 10.273     ;
; -8.879 ; rasterizer:u_rasterizer|pipe_dy2[4]   ; screen_mem:u_screen_mem|altsyncram:mem7_rtl_0|altsyncram_0fg1:auto_generated|ram_block1a1~porta_we_reg ; raster_clk   ; raster_clk  ; 1.000        ; 0.254      ; 10.172     ;
; -8.877 ; rasterizer:u_rasterizer|pipe_dy3[6]   ; screen_mem:u_screen_mem|altsyncram:mem7_rtl_0|altsyncram_0fg1:auto_generated|ram_block1a0~porta_we_reg ; raster_clk   ; raster_clk  ; 1.000        ; 0.309      ; 10.225     ;
; -8.877 ; rasterizer:u_rasterizer|y3[4]         ; rasterizer:u_rasterizer|pipe_edge2[20]                                                                 ; raster_clk   ; raster_clk  ; 1.000        ; 0.381      ; 10.260     ;
; -8.876 ; rasterizer:u_rasterizer|y3[2]         ; rasterizer:u_rasterizer|pipe_edge2[18]                                                                 ; raster_clk   ; raster_clk  ; 1.000        ; 0.381      ; 10.259     ;
+--------+---------------------------------------+--------------------------------------------------------------------------------------------------------+--------------+-------------+--------------+------------+------------+


+------------------------------------------------------------------------------------------------------------------------------------------------------------------------------------------------------------------------------------------+
; Slow 1200mV 0C Model Hold: 'raster_clk'                                                                                                                                                                                                  ;
+-------+---------------------------------------------+--------------------------------------------------------------------------------------------------------------+--------------+-------------+--------------+------------+------------+
; Slack ; From Node                                   ; To Node                                                                                                      ; Launch Clock ; Latch Clock ; Relationship ; Clock Skew ; Data Delay ;
+-------+---------------------------------------------+--------------------------------------------------------------------------------------------------------------+--------------+-------------+--------------+------------+------------+
; 0.385 ; rasterizer:u_rasterizer|current_x[9]        ; rasterizer:u_rasterizer|current_x[9]                                                                         ; raster_clk   ; raster_clk  ; 0.000        ; 0.089      ; 0.669      ;
; 0.401 ; rasterizer:u_rasterizer|current_y[9]        ; rasterizer:u_rasterizer|current_y[9]                                                                         ; raster_clk   ; raster_clk  ; 0.000        ; 0.073      ; 0.669      ;
; 0.401 ; rasterizer:u_rasterizer|box_count           ; rasterizer:u_rasterizer|box_count                                                                            ; raster_clk   ; raster_clk  ; 0.000        ; 0.073      ; 0.669      ;
; 0.405 ; rasterizer:u_rasterizer|pipe_addr[10]       ; screen_mem:u_screen_mem|altsyncram:mem2_rtl_0|altsyncram_0fg1:auto_generated|ram_block1a1~porta_address_reg0 ; raster_clk   ; raster_clk  ; 0.000        ; 0.423      ; 1.058      ;
; 0.408 ; rasterizer:u_rasterizer|pipe_addr[5]        ; screen_mem:u_screen_mem|altsyncram:mem2_rtl_0|altsyncram_0fg1:auto_generated|ram_block1a1~porta_address_reg0 ; raster_clk   ; raster_clk  ; 0.000        ; 0.423      ; 1.061      ;
; 0.415 ; rasterizer:u_rasterizer|current_state.BOX   ; rasterizer:u_rasterizer|current_state.BOX                                                                    ; raster_clk   ; raster_clk  ; 0.000        ; 0.074      ; 0.684      ;
; 0.416 ; rasterizer:u_rasterizer|current_state.DRAIN ; rasterizer:u_rasterizer|current_state.DRAIN                                                                  ; raster_clk   ; raster_clk  ; 0.000        ; 0.073      ; 0.684      ;
; 0.441 ; rasterizer:u_rasterizer|pipe_addr[4]        ; screen_mem:u_screen_mem|altsyncram:mem2_rtl_0|altsyncram_0fg1:auto_generated|ram_block1a1~porta_address_reg0 ; raster_clk   ; raster_clk  ; 0.000        ; 0.423      ; 1.094      ;
; 0.465 ; rasterizer:u_rasterizer|pipe_addr[2]        ; screen_mem:u_screen_mem|altsyncram:mem0_rtl_0|altsyncram_0fg1:auto_generated|ram_block1a0~porta_address_reg0 ; raster_clk   ; raster_clk  ; 0.000        ; 0.418      ; 1.113      ;
; 0.474 ; rasterizer:u_rasterizer|pipe_addr[3]        ; screen_mem:u_screen_mem|altsyncram:mem2_rtl_0|altsyncram_0fg1:auto_generated|ram_block1a1~porta_address_reg0 ; raster_clk   ; raster_clk  ; 0.000        ; 0.423      ; 1.127      ;
; 0.513 ; rasterizer:u_rasterizer|pipe_addr[1]        ; screen_mem:u_screen_mem|altsyncram:mem0_rtl_0|altsyncram_0fg1:auto_generated|ram_block1a0~porta_address_reg0 ; raster_clk   ; raster_clk  ; 0.000        ; 0.418      ; 1.161      ;
; 0.519 ; rasterizer:u_rasterizer|pipe_addr[4]        ; screen_mem:u_screen_mem|altsyncram:mem0_rtl_0|altsyncram_0fg1:auto_generated|ram_block1a0~porta_address_reg0 ; raster_clk   ; raster_clk  ; 0.000        ; 0.419      ; 1.168      ;
; 0.535 ; rasterizer:u_rasterizer|current_state.IDLE  ; rasterizer:u_rasterizer|box_count                                                                            ; raster_clk   ; raster_clk  ; 0.000        ; 0.073      ; 0.803      ;
; 0.627 ; rasterizer:u_rasterizer|pipe_addr[8]        ; screen_mem:u_screen_mem|altsyncram:mem2_rtl_0|altsyncram_0fg1:auto_generated|ram_block1a1~porta_address_reg0 ; raster_clk   ; raster_clk  ; 0.000        ; 0.423      ; 1.280      ;
; 0.679 ; rasterizer:u_rasterizer|current_state.DRAIN ; rasterizer:u_rasterizer|current_state.DONE                                                                   ; raster_clk   ; raster_clk  ; 0.000        ; 0.073      ; 0.947      ;
; 0.689 ; rd_addr[1]                                  ; rd_addr[1]                                                                                                   ; raster_clk   ; raster_clk  ; 0.000        ; 0.091      ; 0.975      ;
; 0.691 ; rd_addr[8]                                  ; rd_addr[8]                                                                                                   ; raster_clk   ; raster_clk  ; 0.000        ; 0.091      ; 0.977      ;
; 0.692 ; rd_addr[2]                                  ; rd_addr[2]                                                                                                   ; raster_clk   ; raster_clk  ; 0.000        ; 0.091      ; 0.978      ;
; 0.693 ; rd_addr[5]                                  ; rd_addr[5]                                                                                                   ; raster_clk   ; raster_clk  ; 0.000        ; 0.091      ; 0.979      ;
; 0.694 ; rd_addr[7]                                  ; rd_addr[7]                                                                                                   ; raster_clk   ; raster_clk  ; 0.000        ; 0.091      ; 0.980      ;
; 0.694 ; rd_addr[3]                                  ; rd_addr[3]                                                                                                   ; raster_clk   ; raster_clk  ; 0.000        ; 0.091      ; 0.980      ;
; 0.697 ; rd_addr[6]                                  ; rd_addr[6]                                                                                                   ; raster_clk   ; raster_clk  ; 0.000        ; 0.091      ; 0.983      ;
; 0.699 ; rd_addr[4]                                  ; rd_addr[4]                                                                                                   ; raster_clk   ; raster_clk  ; 0.000        ; 0.091      ; 0.985      ;
; 0.710 ; rd_addr[9]                                  ; rd_addr[9]                                                                                                   ; raster_clk   ; raster_clk  ; 0.000        ; 0.091      ; 0.996      ;
; 0.712 ; rd_addr[15]                                 ; rd_addr[15]                                                                                                  ; raster_clk   ; raster_clk  ; 0.000        ; 0.091      ; 0.998      ;
; 0.717 ; rd_addr[0]                                  ; rd_addr[0]                                                                                                   ; raster_clk   ; raster_clk  ; 0.000        ; 0.091      ; 1.003      ;
; 0.727 ; rasterizer:u_rasterizer|pipe_addr[9]        ; screen_mem:u_screen_mem|altsyncram:mem0_rtl_0|altsyncram_0fg1:auto_generated|ram_block1a1~porta_address_reg0 ; raster_clk   ; raster_clk  ; 0.000        ; 0.420      ; 1.377      ;
; 0.739 ; rasterizer:u_rasterizer|pipe_addr[11]       ; screen_mem:u_screen_mem|altsyncram:mem0_rtl_0|altsyncram_0fg1:auto_generated|ram_block1a0~porta_address_reg0 ; raster_clk   ; raster_clk  ; 0.000        ; 0.419      ; 1.388      ;
; 0.749 ; rasterizer:u_rasterizer|pipe_addr[9]        ; screen_mem:u_screen_mem|altsyncram:mem5_rtl_0|altsyncram_0fg1:auto_generated|ram_block1a1~porta_address_reg0 ; raster_clk   ; raster_clk  ; 0.000        ; 0.419      ; 1.398      ;
; 0.765 ; rasterizer:u_rasterizer|pipe_addr[10]       ; screen_mem:u_screen_mem|altsyncram:mem4_rtl_0|altsyncram_0fg1:auto_generated|ram_block1a1~porta_address_reg0 ; raster_clk   ; raster_clk  ; 0.000        ; 0.420      ; 1.415      ;
; 0.765 ; rasterizer:u_rasterizer|pipe_addr[2]        ; screen_mem:u_screen_mem|altsyncram:mem4_rtl_0|altsyncram_0fg1:auto_generated|ram_block1a1~porta_address_reg0 ; raster_clk   ; raster_clk  ; 0.000        ; 0.419      ; 1.414      ;
; 0.768 ; rasterizer:u_rasterizer|pipe_addr[1]        ; screen_mem:u_screen_mem|altsyncram:mem2_rtl_0|altsyncram_0fg1:auto_generated|ram_block1a1~porta_address_reg0 ; raster_clk   ; raster_clk  ; 0.000        ; 0.432      ; 1.430      ;
; 0.770 ; rasterizer:u_rasterizer|current_state.DONE  ; rasterizer:u_rasterizer|current_state.DRAIN                                                                  ; raster_clk   ; raster_clk  ; 0.000        ; 0.073      ; 1.038      ;
; 0.776 ; rasterizer:u_rasterizer|pipe_addr[1]        ; screen_mem:u_screen_mem|altsyncram:mem4_rtl_0|altsyncram_0fg1:auto_generated|ram_block1a1~porta_address_reg0 ; raster_clk   ; raster_clk  ; 0.000        ; 0.419      ; 1.425      ;
; 0.777 ; rasterizer:u_rasterizer|pipe_addr[12]       ; screen_mem:u_screen_mem|altsyncram:mem0_rtl_0|altsyncram_0fg1:auto_generated|ram_block1a0~porta_address_reg0 ; raster_clk   ; raster_clk  ; 0.000        ; 0.419      ; 1.426      ;
; 0.781 ; rasterizer:u_rasterizer|pipe_addr[6]        ; screen_mem:u_screen_mem|altsyncram:mem0_rtl_0|altsyncram_0fg1:auto_generated|ram_block1a1~porta_address_reg0 ; raster_clk   ; raster_clk  ; 0.000        ; 0.420      ; 1.431      ;
; 0.786 ; rasterizer:u_rasterizer|pipe_addr[10]       ; screen_mem:u_screen_mem|altsyncram:mem0_rtl_0|altsyncram_0fg1:auto_generated|ram_block1a1~porta_address_reg0 ; raster_clk   ; raster_clk  ; 0.000        ; 0.420      ; 1.436      ;
; 0.792 ; rasterizer:u_rasterizer|pipe_addr[0]        ; screen_mem:u_screen_mem|altsyncram:mem4_rtl_0|altsyncram_0fg1:auto_generated|ram_block1a0~porta_address_reg0 ; raster_clk   ; raster_clk  ; 0.000        ; 0.415      ; 1.437      ;
; 0.796 ; rasterizer:u_rasterizer|pipe_addr[6]        ; screen_mem:u_screen_mem|altsyncram:mem4_rtl_0|altsyncram_0fg1:auto_generated|ram_block1a1~porta_address_reg0 ; raster_clk   ; raster_clk  ; 0.000        ; 0.420      ; 1.446      ;
; 0.803 ; rasterizer:u_rasterizer|pipe_addr[0]        ; screen_mem:u_screen_mem|altsyncram:mem2_rtl_0|altsyncram_0fg1:auto_generated|ram_block1a1~porta_address_reg0 ; raster_clk   ; raster_clk  ; 0.000        ; 0.432      ; 1.465      ;
; 0.806 ; rasterizer:u_rasterizer|pipe_addr[6]        ; screen_mem:u_screen_mem|altsyncram:mem5_rtl_0|altsyncram_0fg1:auto_generated|ram_block1a1~porta_address_reg0 ; raster_clk   ; raster_clk  ; 0.000        ; 0.419      ; 1.455      ;
; 0.806 ; rasterizer:u_rasterizer|pipe_addr[2]        ; screen_mem:u_screen_mem|altsyncram:mem4_rtl_0|altsyncram_0fg1:auto_generated|ram_block1a0~porta_address_reg0 ; raster_clk   ; raster_clk  ; 0.000        ; 0.415      ; 1.451      ;
; 0.812 ; rasterizer:u_rasterizer|pipe_addr[10]       ; screen_mem:u_screen_mem|altsyncram:mem0_rtl_0|altsyncram_0fg1:auto_generated|ram_block1a0~porta_address_reg0 ; raster_clk   ; raster_clk  ; 0.000        ; 0.419      ; 1.461      ;
; 0.812 ; rasterizer:u_rasterizer|pipe_addr[3]        ; screen_mem:u_screen_mem|altsyncram:mem0_rtl_0|altsyncram_0fg1:auto_generated|ram_block1a1~porta_address_reg0 ; raster_clk   ; raster_clk  ; 0.000        ; 0.420      ; 1.462      ;
; 0.812 ; rasterizer:u_rasterizer|pipe_addr[10]       ; screen_mem:u_screen_mem|altsyncram:mem5_rtl_0|altsyncram_0fg1:auto_generated|ram_block1a1~porta_address_reg0 ; raster_clk   ; raster_clk  ; 0.000        ; 0.419      ; 1.461      ;
; 0.813 ; rasterizer:u_rasterizer|pipe_addr[8]        ; screen_mem:u_screen_mem|altsyncram:mem0_rtl_0|altsyncram_0fg1:auto_generated|ram_block1a1~porta_address_reg0 ; raster_clk   ; raster_clk  ; 0.000        ; 0.420      ; 1.463      ;
; 0.814 ; rasterizer:u_rasterizer|pipe_addr[1]        ; screen_mem:u_screen_mem|altsyncram:mem0_rtl_0|altsyncram_0fg1:auto_generated|ram_block1a1~porta_address_reg0 ; raster_clk   ; raster_clk  ; 0.000        ; 0.419      ; 1.463      ;
; 0.814 ; rasterizer:u_rasterizer|pipe_addr[2]        ; screen_mem:u_screen_mem|altsyncram:mem5_rtl_0|altsyncram_0fg1:auto_generated|ram_block1a0~porta_address_reg0 ; raster_clk   ; raster_clk  ; 0.000        ; 0.416      ; 1.460      ;
; 0.826 ; rasterizer:u_rasterizer|pipe_addr[0]        ; screen_mem:u_screen_mem|altsyncram:mem5_rtl_0|altsyncram_0fg1:auto_generated|ram_block1a1~porta_address_reg0 ; raster_clk   ; raster_clk  ; 0.000        ; 0.418      ; 1.474      ;
; 0.826 ; rasterizer:u_rasterizer|pipe_addr[2]        ; screen_mem:u_screen_mem|altsyncram:mem5_rtl_0|altsyncram_0fg1:auto_generated|ram_block1a1~porta_address_reg0 ; raster_clk   ; raster_clk  ; 0.000        ; 0.418      ; 1.474      ;
; 0.828 ; rasterizer:u_rasterizer|pipe_addr[8]        ; screen_mem:u_screen_mem|altsyncram:mem4_rtl_0|altsyncram_0fg1:auto_generated|ram_block1a1~porta_address_reg0 ; raster_clk   ; raster_clk  ; 0.000        ; 0.420      ; 1.478      ;
; 0.833 ; rasterizer:u_rasterizer|pipe_addr[3]        ; screen_mem:u_screen_mem|altsyncram:mem5_rtl_0|altsyncram_0fg1:auto_generated|ram_block1a1~porta_address_reg0 ; raster_clk   ; raster_clk  ; 0.000        ; 0.419      ; 1.482      ;
; 0.834 ; rasterizer:u_rasterizer|pipe_addr[4]        ; screen_mem:u_screen_mem|altsyncram:mem5_rtl_0|altsyncram_0fg1:auto_generated|ram_block1a1~porta_address_reg0 ; raster_clk   ; raster_clk  ; 0.000        ; 0.419      ; 1.483      ;
; 0.837 ; rasterizer:u_rasterizer|pipe_addr[8]        ; screen_mem:u_screen_mem|altsyncram:mem0_rtl_0|altsyncram_0fg1:auto_generated|ram_block1a0~porta_address_reg0 ; raster_clk   ; raster_clk  ; 0.000        ; 0.419      ; 1.486      ;
; 0.838 ; rasterizer:u_rasterizer|pipe_addr[8]        ; screen_mem:u_screen_mem|altsyncram:mem5_rtl_0|altsyncram_0fg1:auto_generated|ram_block1a1~porta_address_reg0 ; raster_clk   ; raster_clk  ; 0.000        ; 0.419      ; 1.487      ;
; 0.840 ; rasterizer:u_rasterizer|pipe_addr[0]        ; screen_mem:u_screen_mem|altsyncram:mem5_rtl_0|altsyncram_0fg1:auto_generated|ram_block1a0~porta_address_reg0 ; raster_clk   ; raster_clk  ; 0.000        ; 0.416      ; 1.486      ;
; 0.840 ; rasterizer:u_rasterizer|pipe_addr[1]        ; screen_mem:u_screen_mem|altsyncram:mem5_rtl_0|altsyncram_0fg1:auto_generated|ram_block1a0~porta_address_reg0 ; raster_clk   ; raster_clk  ; 0.000        ; 0.416      ; 1.486      ;
; 0.848 ; rasterizer:u_rasterizer|pipe_addr[2]        ; screen_mem:u_screen_mem|altsyncram:mem2_rtl_0|altsyncram_0fg1:auto_generated|ram_block1a1~porta_address_reg0 ; raster_clk   ; raster_clk  ; 0.000        ; 0.432      ; 1.510      ;
; 0.848 ; rasterizer:u_rasterizer|pipe_addr[1]        ; screen_mem:u_screen_mem|altsyncram:mem4_rtl_0|altsyncram_0fg1:auto_generated|ram_block1a0~porta_address_reg0 ; raster_clk   ; raster_clk  ; 0.000        ; 0.415      ; 1.493      ;
; 0.849 ; rasterizer:u_rasterizer|pipe_addr[1]        ; screen_mem:u_screen_mem|altsyncram:mem5_rtl_0|altsyncram_0fg1:auto_generated|ram_block1a1~porta_address_reg0 ; raster_clk   ; raster_clk  ; 0.000        ; 0.418      ; 1.497      ;
; 0.851 ; rasterizer:u_rasterizer|pipe_addr[2]        ; screen_mem:u_screen_mem|altsyncram:mem0_rtl_0|altsyncram_0fg1:auto_generated|ram_block1a1~porta_address_reg0 ; raster_clk   ; raster_clk  ; 0.000        ; 0.419      ; 1.500      ;
; 0.858 ; rasterizer:u_rasterizer|pipe_addr[6]        ; screen_mem:u_screen_mem|altsyncram:mem2_rtl_0|altsyncram_0fg1:auto_generated|ram_block1a1~porta_address_reg0 ; raster_clk   ; raster_clk  ; 0.000        ; 0.423      ; 1.511      ;
; 0.871 ; rasterizer:u_rasterizer|pipe_addr[4]        ; screen_mem:u_screen_mem|altsyncram:mem4_rtl_0|altsyncram_0fg1:auto_generated|ram_block1a0~porta_address_reg0 ; raster_clk   ; raster_clk  ; 0.000        ; 0.416      ; 1.517      ;
; 0.875 ; rd_addr[14]                                 ; rd_addr[14]                                                                                                  ; raster_clk   ; raster_clk  ; 0.000        ; 0.091      ; 1.161      ;
; 0.882 ; rd_addr[12]                                 ; rd_addr[12]                                                                                                  ; raster_clk   ; raster_clk  ; 0.000        ; 0.091      ; 1.168      ;
; 0.887 ; rd_addr[5]                                  ; screen_mem:u_screen_mem|altsyncram:mem5_rtl_0|altsyncram_0fg1:auto_generated|ram_block1a0~portb_address_reg0 ; raster_clk   ; raster_clk  ; 0.000        ; -0.021     ; 1.096      ;
; 0.888 ; rd_addr[4]                                  ; screen_mem:u_screen_mem|altsyncram:mem5_rtl_0|altsyncram_0fg1:auto_generated|ram_block1a0~portb_address_reg0 ; raster_clk   ; raster_clk  ; 0.000        ; -0.021     ; 1.097      ;
; 0.911 ; rasterizer:u_rasterizer|current_state.BOX   ; rasterizer:u_rasterizer|box_count                                                                            ; raster_clk   ; raster_clk  ; 0.000        ; 0.075      ; 1.181      ;
; 0.913 ; rd_addr[11]                                 ; screen_mem:u_screen_mem|altsyncram:mem4_rtl_0|altsyncram_0fg1:auto_generated|ram_block1a0~portb_address_reg0 ; raster_clk   ; raster_clk  ; 0.000        ; -0.021     ; 1.122      ;
; 0.916 ; rasterizer:u_rasterizer|pipe_addr[4]        ; screen_mem:u_screen_mem|altsyncram:mem5_rtl_0|altsyncram_0fg1:auto_generated|ram_block1a0~porta_address_reg0 ; raster_clk   ; raster_clk  ; 0.000        ; 0.417      ; 1.563      ;
; 0.922 ; rd_addr[12]                                 ; screen_mem:u_screen_mem|altsyncram:mem4_rtl_0|altsyncram_0fg1:auto_generated|ram_block1a0~portb_address_reg0 ; raster_clk   ; raster_clk  ; 0.000        ; -0.021     ; 1.131      ;
; 0.926 ; rd_addr[3]                                  ; screen_mem:u_screen_mem|altsyncram:mem5_rtl_0|altsyncram_0fg1:auto_generated|ram_block1a0~portb_address_reg0 ; raster_clk   ; raster_clk  ; 0.000        ; -0.021     ; 1.135      ;
; 0.927 ; rd_addr[13]                                 ; screen_mem:u_screen_mem|altsyncram:mem4_rtl_0|altsyncram_0fg1:auto_generated|ram_block1a0~portb_address_reg0 ; raster_clk   ; raster_clk  ; 0.000        ; -0.021     ; 1.136      ;
; 0.943 ; rd_addr[8]                                  ; screen_mem:u_screen_mem|altsyncram:mem4_rtl_0|altsyncram_0fg1:auto_generated|ram_block1a0~portb_address_reg0 ; raster_clk   ; raster_clk  ; 0.000        ; -0.021     ; 1.152      ;
; 0.943 ; rd_addr[15]                                 ; screen_mem:u_screen_mem|altsyncram:mem4_rtl_0|altsyncram_0fg1:auto_generated|ram_block1a0~portb_address_reg0 ; raster_clk   ; raster_clk  ; 0.000        ; -0.021     ; 1.152      ;
; 0.946 ; rd_addr[10]                                 ; screen_mem:u_screen_mem|altsyncram:mem4_rtl_0|altsyncram_0fg1:auto_generated|ram_block1a0~portb_address_reg0 ; raster_clk   ; raster_clk  ; 0.000        ; -0.021     ; 1.155      ;
; 0.952 ; rasterizer:u_rasterizer|pipe_addr[6]        ; screen_mem:u_screen_mem|altsyncram:mem1_rtl_0|altsyncram_0fg1:auto_generated|ram_block1a1~porta_address_reg0 ; raster_clk   ; raster_clk  ; 0.000        ; 0.432      ; 1.614      ;
; 0.967 ; rd_addr[16]                                 ; rd_addr[16]                                                                                                  ; raster_clk   ; raster_clk  ; 0.000        ; 0.091      ; 1.253      ;
; 0.985 ; rasterizer:u_rasterizer|box_count           ; rasterizer:u_rasterizer|current_state.RASTERIZE                                                              ; raster_clk   ; raster_clk  ; 0.000        ; 0.073      ; 1.253      ;
; 0.987 ; rasterizer:u_rasterizer|pipe_addr[9]        ; screen_mem:u_screen_mem|altsyncram:mem2_rtl_0|altsyncram_0fg1:auto_generated|ram_block1a1~porta_address_reg0 ; raster_clk   ; raster_clk  ; 0.000        ; 0.423      ; 1.640      ;
; 1.009 ; rd_addr[8]                                  ; rd_addr[9]                                                                                                   ; raster_clk   ; raster_clk  ; 0.000        ; 0.091      ; 1.295      ;
; 1.010 ; rd_addr[0]                                  ; rd_addr[1]                                                                                                   ; raster_clk   ; raster_clk  ; 0.000        ; 0.091      ; 1.296      ;
; 1.010 ; rd_addr[2]                                  ; rd_addr[3]                                                                                                   ; raster_clk   ; raster_clk  ; 0.000        ; 0.091      ; 1.296      ;
; 1.013 ; rd_addr[1]                                  ; rd_addr[2]                                                                                                   ; raster_clk   ; raster_clk  ; 0.000        ; 0.091      ; 1.299      ;
; 1.015 ; rd_addr[5]                                  ; rd_addr[6]                                                                                                   ; raster_clk   ; raster_clk  ; 0.000        ; 0.091      ; 1.301      ;
; 1.016 ; rd_addr[3]                                  ; rd_addr[4]                                                                                                   ; raster_clk   ; raster_clk  ; 0.000        ; 0.091      ; 1.302      ;
; 1.016 ; rd_addr[6]                                  ; rd_addr[7]                                                                                                   ; raster_clk   ; raster_clk  ; 0.000        ; 0.091      ; 1.302      ;
; 1.017 ; rd_addr[7]                                  ; rd_addr[8]                                                                                                   ; raster_clk   ; raster_clk  ; 0.000        ; 0.090      ; 1.302      ;
; 1.018 ; rd_addr[4]                                  ; rd_addr[5]                                                                                                   ; raster_clk   ; raster_clk  ; 0.000        ; 0.091      ; 1.304      ;
; 1.019 ; rd_addr[11]                                 ; rd_addr[12]                                                                                                  ; raster_clk   ; raster_clk  ; 0.000        ; 0.091      ; 1.305      ;
; 1.026 ; rd_addr[2]                                  ; rd_addr[4]                                                                                                   ; raster_clk   ; raster_clk  ; 0.000        ; 0.091      ; 1.312      ;
; 1.027 ; rd_addr[0]                                  ; rd_addr[2]                                                                                                   ; raster_clk   ; raster_clk  ; 0.000        ; 0.091      ; 1.313      ;
; 1.032 ; rd_addr[13]                                 ; rd_addr[14]                                                                                                  ; raster_clk   ; raster_clk  ; 0.000        ; 0.091      ; 1.318      ;
; 1.032 ; rd_addr[6]                                  ; rd_addr[8]                                                                                                   ; raster_clk   ; raster_clk  ; 0.000        ; 0.090      ; 1.317      ;
; 1.033 ; rd_addr[4]                                  ; rd_addr[6]                                                                                                   ; raster_clk   ; raster_clk  ; 0.000        ; 0.091      ; 1.319      ;
; 1.042 ; rasterizer:u_rasterizer|pipe_addr[11]       ; screen_mem:u_screen_mem|altsyncram:mem5_rtl_0|altsyncram_0fg1:auto_generated|ram_block1a0~porta_address_reg0 ; raster_clk   ; raster_clk  ; 0.000        ; 0.417      ; 1.689      ;
; 1.050 ; rd_addr[10]                                 ; rd_addr[12]                                                                                                  ; raster_clk   ; raster_clk  ; 0.000        ; 0.091      ; 1.336      ;
; 1.057 ; rasterizer:u_rasterizer|pipe_addr[11]       ; screen_mem:u_screen_mem|altsyncram:mem4_rtl_0|altsyncram_0fg1:auto_generated|ram_block1a0~porta_address_reg0 ; raster_clk   ; raster_clk  ; 0.000        ; 0.416      ; 1.703      ;
; 1.083 ; rasterizer:u_rasterizer|pipe_addr[12]       ; screen_mem:u_screen_mem|altsyncram:mem4_rtl_0|altsyncram_0fg1:auto_generated|ram_block1a0~porta_address_reg0 ; raster_clk   ; raster_clk  ; 0.000        ; 0.416      ; 1.729      ;
; 1.086 ; rasterizer:u_rasterizer|pipe_addr[7]        ; screen_mem:u_screen_mem|altsyncram:mem5_rtl_0|altsyncram_0fg1:auto_generated|ram_block1a1~porta_address_reg0 ; raster_clk   ; raster_clk  ; 0.000        ; 0.419      ; 1.735      ;
+-------+---------------------------------------------+--------------------------------------------------------------------------------------------------------------+--------------+-------------+--------------+------------+------------+


----------------------------------------------
; Slow 1200mV 0C Model Metastability Summary ;
----------------------------------------------
No synchronizer chains to report.


+-------------------------------------+
; Fast 1200mV 0C Model Setup Summary  ;
+------------+--------+---------------+
; Clock      ; Slack  ; End Point TNS ;
+------------+--------+---------------+
; raster_clk ; -3.961 ; -490.468      ;
+------------+--------+---------------+


+------------------------------------+
; Fast 1200mV 0C Model Hold Summary  ;
+------------+-------+---------------+
; Clock      ; Slack ; End Point TNS ;
+------------+-------+---------------+
; raster_clk ; 0.148 ; 0.000         ;
+------------+-------+---------------+


-----------------------------------------
; Fast 1200mV 0C Model Recovery Summary ;
-----------------------------------------
No paths to report.


----------------------------------------
; Fast 1200mV 0C Model Removal Summary ;
----------------------------------------
No paths to report.


+--------------------------------------------------+
; Fast 1200mV 0C Model Minimum Pulse Width Summary ;
+------------+--------+----------------------------+
; Clock      ; Slack  ; End Point TNS              ;
+------------+--------+----------------------------+
; raster_clk ; -3.000 ; -309.493                   ;
+------------+--------+----------------------------+


+-------------------------------------------------------------------------------------------------------------------------------------------------------------------------------------------------------------------------------+
; Fast 1200mV 0C Model Setup: 'raster_clk'                                                                                                                                                                                      ;
+--------+---------------------------------------+--------------------------------------------------------------------------------------------------------+--------------+-------------+--------------+------------+------------+
; Slack  ; From Node                             ; To Node                                                                                                ; Launch Clock ; Latch Clock ; Relationship ; Clock Skew ; Data Delay ;
+--------+---------------------------------------+--------------------------------------------------------------------------------------------------------+--------------+-------------+--------------+------------+------------+
; -3.961 ; rasterizer:u_rasterizer|pipe_dy3[0]   ; screen_mem:u_screen_mem|altsyncram:mem7_rtl_0|altsyncram_0fg1:auto_generated|ram_block1a1~porta_we_reg ; raster_clk   ; raster_clk  ; 1.000        ; 0.162      ; 5.132      ;
; -3.936 ; rasterizer:u_rasterizer|pipe_dy1[5]   ; screen_mem:u_screen_mem|altsyncram:mem7_rtl_0|altsyncram_0fg1:auto_generated|ram_block1a1~porta_we_reg ; raster_clk   ; raster_clk  ; 1.000        ; 0.151      ; 5.096      ;
; -3.933 ; rasterizer:u_rasterizer|x2[0]         ; rasterizer:u_rasterizer|pipe_edge2[20]                                                                 ; raster_clk   ; raster_clk  ; 1.000        ; 0.149      ; 5.069      ;
; -3.929 ; rasterizer:u_rasterizer|x2[0]         ; rasterizer:u_rasterizer|pipe_edge2[19]                                                                 ; raster_clk   ; raster_clk  ; 1.000        ; 0.149      ; 5.065      ;
; -3.926 ; rasterizer:u_rasterizer|current_x[5]  ; rasterizer:u_rasterizer|pipe_edge3[20]                                                                 ; raster_clk   ; raster_clk  ; 1.000        ; 0.143      ; 5.056      ;
; -3.922 ; rasterizer:u_rasterizer|current_x[5]  ; rasterizer:u_rasterizer|pipe_edge3[19]                                                                 ; raster_clk   ; raster_clk  ; 1.000        ; 0.143      ; 5.052      ;
; -3.917 ; rasterizer:u_rasterizer|y1[2]         ; rasterizer:u_rasterizer|pipe_edge3[20]                                                                 ; raster_clk   ; raster_clk  ; 1.000        ; 0.139      ; 5.043      ;
; -3.913 ; rasterizer:u_rasterizer|y1[2]         ; rasterizer:u_rasterizer|pipe_edge3[19]                                                                 ; raster_clk   ; raster_clk  ; 1.000        ; 0.139      ; 5.039      ;
; -3.895 ; rasterizer:u_rasterizer|x1[1]         ; rasterizer:u_rasterizer|pipe_edge1[20]                                                                 ; raster_clk   ; raster_clk  ; 1.000        ; 0.156      ; 5.038      ;
; -3.893 ; rasterizer:u_rasterizer|pipe_dy3[2]   ; screen_mem:u_screen_mem|altsyncram:mem7_rtl_0|altsyncram_0fg1:auto_generated|ram_block1a1~porta_we_reg ; raster_clk   ; raster_clk  ; 1.000        ; 0.162      ; 5.064      ;
; -3.886 ; rasterizer:u_rasterizer|x2[0]         ; rasterizer:u_rasterizer|pipe_edge1[20]                                                                 ; raster_clk   ; raster_clk  ; 1.000        ; 0.154      ; 5.027      ;
; -3.879 ; rasterizer:u_rasterizer|y1[0]         ; rasterizer:u_rasterizer|pipe_edge3[20]                                                                 ; raster_clk   ; raster_clk  ; 1.000        ; 0.139      ; 5.005      ;
; -3.878 ; rasterizer:u_rasterizer|x1[1]         ; rasterizer:u_rasterizer|pipe_edge1[19]                                                                 ; raster_clk   ; raster_clk  ; 1.000        ; 0.156      ; 5.021      ;
; -3.875 ; rasterizer:u_rasterizer|y1[0]         ; rasterizer:u_rasterizer|pipe_edge3[19]                                                                 ; raster_clk   ; raster_clk  ; 1.000        ; 0.139      ; 5.001      ;
; -3.870 ; rasterizer:u_rasterizer|y3[0]         ; rasterizer:u_rasterizer|pipe_edge2[20]                                                                 ; raster_clk   ; raster_clk  ; 1.000        ; 0.153      ; 5.010      ;
; -3.868 ; rasterizer:u_rasterizer|pipe_dy3[1]   ; screen_mem:u_screen_mem|altsyncram:mem7_rtl_0|altsyncram_0fg1:auto_generated|ram_block1a1~porta_we_reg ; raster_clk   ; raster_clk  ; 1.000        ; 0.162      ; 5.039      ;
; -3.866 ; rasterizer:u_rasterizer|y3[0]         ; rasterizer:u_rasterizer|pipe_edge2[19]                                                                 ; raster_clk   ; raster_clk  ; 1.000        ; 0.153      ; 5.006      ;
; -3.865 ; rasterizer:u_rasterizer|x2[0]         ; rasterizer:u_rasterizer|pipe_edge2[18]                                                                 ; raster_clk   ; raster_clk  ; 1.000        ; 0.149      ; 5.001      ;
; -3.864 ; rasterizer:u_rasterizer|y3[0]         ; rasterizer:u_rasterizer|pipe_edge3[20]                                                                 ; raster_clk   ; raster_clk  ; 1.000        ; 0.153      ; 5.004      ;
; -3.862 ; rasterizer:u_rasterizer|x2[2]         ; rasterizer:u_rasterizer|pipe_edge2[20]                                                                 ; raster_clk   ; raster_clk  ; 1.000        ; 0.149      ; 4.998      ;
; -3.861 ; rasterizer:u_rasterizer|x2[0]         ; rasterizer:u_rasterizer|pipe_edge2[17]                                                                 ; raster_clk   ; raster_clk  ; 1.000        ; 0.149      ; 4.997      ;
; -3.861 ; rasterizer:u_rasterizer|x3[2]         ; rasterizer:u_rasterizer|pipe_edge3[20]                                                                 ; raster_clk   ; raster_clk  ; 1.000        ; 0.151      ; 4.999      ;
; -3.858 ; rasterizer:u_rasterizer|current_x[5]  ; rasterizer:u_rasterizer|pipe_edge3[18]                                                                 ; raster_clk   ; raster_clk  ; 1.000        ; 0.143      ; 4.988      ;
; -3.858 ; rasterizer:u_rasterizer|x2[2]         ; rasterizer:u_rasterizer|pipe_edge2[19]                                                                 ; raster_clk   ; raster_clk  ; 1.000        ; 0.149      ; 4.994      ;
; -3.857 ; rasterizer:u_rasterizer|x3[2]         ; rasterizer:u_rasterizer|pipe_edge3[19]                                                                 ; raster_clk   ; raster_clk  ; 1.000        ; 0.151      ; 4.995      ;
; -3.854 ; rasterizer:u_rasterizer|current_x[5]  ; rasterizer:u_rasterizer|pipe_edge3[17]                                                                 ; raster_clk   ; raster_clk  ; 1.000        ; 0.143      ; 4.984      ;
; -3.854 ; rasterizer:u_rasterizer|y3[4]         ; rasterizer:u_rasterizer|pipe_edge3[20]                                                                 ; raster_clk   ; raster_clk  ; 1.000        ; 0.153      ; 4.994      ;
; -3.850 ; rasterizer:u_rasterizer|current_x[3]  ; rasterizer:u_rasterizer|pipe_edge3[20]                                                                 ; raster_clk   ; raster_clk  ; 1.000        ; 0.143      ; 4.980      ;
; -3.849 ; rasterizer:u_rasterizer|y1[2]         ; rasterizer:u_rasterizer|pipe_edge3[18]                                                                 ; raster_clk   ; raster_clk  ; 1.000        ; 0.139      ; 4.975      ;
; -3.846 ; rasterizer:u_rasterizer|current_x[3]  ; rasterizer:u_rasterizer|pipe_edge3[19]                                                                 ; raster_clk   ; raster_clk  ; 1.000        ; 0.143      ; 4.976      ;
; -3.845 ; rasterizer:u_rasterizer|y1[2]         ; rasterizer:u_rasterizer|pipe_edge3[17]                                                                 ; raster_clk   ; raster_clk  ; 1.000        ; 0.139      ; 4.971      ;
; -3.840 ; rasterizer:u_rasterizer|current_x[5]  ; rasterizer:u_rasterizer|pipe_edge2[20]                                                                 ; raster_clk   ; raster_clk  ; 1.000        ; 0.143      ; 4.970      ;
; -3.836 ; rasterizer:u_rasterizer|current_x[5]  ; rasterizer:u_rasterizer|pipe_edge2[19]                                                                 ; raster_clk   ; raster_clk  ; 1.000        ; 0.143      ; 4.966      ;
; -3.835 ; rasterizer:u_rasterizer|pipe_dy1[1]   ; screen_mem:u_screen_mem|altsyncram:mem5_rtl_0|altsyncram_0fg1:auto_generated|ram_block1a0~porta_we_reg ; raster_clk   ; raster_clk  ; 1.000        ; 0.136      ; 4.980      ;
; -3.830 ; rasterizer:u_rasterizer|y3[1]         ; rasterizer:u_rasterizer|pipe_edge3[20]                                                                 ; raster_clk   ; raster_clk  ; 1.000        ; 0.138      ; 4.955      ;
; -3.829 ; rasterizer:u_rasterizer|y3[0]         ; rasterizer:u_rasterizer|pipe_edge3[19]                                                                 ; raster_clk   ; raster_clk  ; 1.000        ; 0.153      ; 4.969      ;
; -3.827 ; rasterizer:u_rasterizer|x1[1]         ; rasterizer:u_rasterizer|pipe_edge1[18]                                                                 ; raster_clk   ; raster_clk  ; 1.000        ; 0.156      ; 4.970      ;
; -3.827 ; rasterizer:u_rasterizer|x2[4]         ; rasterizer:u_rasterizer|pipe_edge2[20]                                                                 ; raster_clk   ; raster_clk  ; 1.000        ; 0.149      ; 4.963      ;
; -3.826 ; rasterizer:u_rasterizer|y3[1]         ; rasterizer:u_rasterizer|pipe_edge3[19]                                                                 ; raster_clk   ; raster_clk  ; 1.000        ; 0.138      ; 4.951      ;
; -3.826 ; rasterizer:u_rasterizer|pipe_dy1[3]   ; screen_mem:u_screen_mem|altsyncram:mem5_rtl_0|altsyncram_0fg1:auto_generated|ram_block1a0~porta_we_reg ; raster_clk   ; raster_clk  ; 1.000        ; 0.136      ; 4.971      ;
; -3.823 ; rasterizer:u_rasterizer|x2[4]         ; rasterizer:u_rasterizer|pipe_edge2[19]                                                                 ; raster_clk   ; raster_clk  ; 1.000        ; 0.149      ; 4.959      ;
; -3.822 ; rasterizer:u_rasterizer|x2[0]         ; rasterizer:u_rasterizer|pipe_edge1[19]                                                                 ; raster_clk   ; raster_clk  ; 1.000        ; 0.154      ; 4.963      ;
; -3.819 ; rasterizer:u_rasterizer|y3[4]         ; rasterizer:u_rasterizer|pipe_edge3[19]                                                                 ; raster_clk   ; raster_clk  ; 1.000        ; 0.153      ; 4.959      ;
; -3.818 ; rasterizer:u_rasterizer|x2[0]         ; rasterizer:u_rasterizer|pipe_edge1[18]                                                                 ; raster_clk   ; raster_clk  ; 1.000        ; 0.154      ; 4.959      ;
; -3.817 ; rasterizer:u_rasterizer|y1[2]         ; rasterizer:u_rasterizer|pipe_edge1[20]                                                                 ; raster_clk   ; raster_clk  ; 1.000        ; 0.152      ; 4.956      ;
; -3.817 ; rasterizer:u_rasterizer|y1[1]         ; rasterizer:u_rasterizer|pipe_edge1[20]                                                                 ; raster_clk   ; raster_clk  ; 1.000        ; 0.158      ; 4.962      ;
; -3.817 ; rasterizer:u_rasterizer|x3[4]         ; rasterizer:u_rasterizer|pipe_edge3[20]                                                                 ; raster_clk   ; raster_clk  ; 1.000        ; 0.151      ; 4.955      ;
; -3.813 ; rasterizer:u_rasterizer|pipe_dy2[3]   ; screen_mem:u_screen_mem|altsyncram:mem3_rtl_0|altsyncram_0fg1:auto_generated|ram_block1a1~porta_we_reg ; raster_clk   ; raster_clk  ; 1.000        ; 0.126      ; 4.948      ;
; -3.813 ; rasterizer:u_rasterizer|current_y[0]  ; rasterizer:u_rasterizer|pipe_edge1[20]                                                                 ; raster_clk   ; raster_clk  ; 1.000        ; 0.156      ; 4.956      ;
; -3.813 ; rasterizer:u_rasterizer|y1[1]         ; rasterizer:u_rasterizer|pipe_edge1[19]                                                                 ; raster_clk   ; raster_clk  ; 1.000        ; 0.158      ; 4.958      ;
; -3.813 ; rasterizer:u_rasterizer|pipe_dy3[3]   ; screen_mem:u_screen_mem|altsyncram:mem7_rtl_0|altsyncram_0fg1:auto_generated|ram_block1a1~porta_we_reg ; raster_clk   ; raster_clk  ; 1.000        ; 0.162      ; 4.984      ;
; -3.813 ; rasterizer:u_rasterizer|x3[4]         ; rasterizer:u_rasterizer|pipe_edge3[19]                                                                 ; raster_clk   ; raster_clk  ; 1.000        ; 0.151      ; 4.951      ;
; -3.812 ; rasterizer:u_rasterizer|y3[2]         ; rasterizer:u_rasterizer|pipe_edge2[20]                                                                 ; raster_clk   ; raster_clk  ; 1.000        ; 0.153      ; 4.952      ;
; -3.811 ; rasterizer:u_rasterizer|y1[0]         ; rasterizer:u_rasterizer|pipe_edge3[18]                                                                 ; raster_clk   ; raster_clk  ; 1.000        ; 0.139      ; 4.937      ;
; -3.810 ; rasterizer:u_rasterizer|x1[1]         ; rasterizer:u_rasterizer|pipe_edge1[17]                                                                 ; raster_clk   ; raster_clk  ; 1.000        ; 0.156      ; 4.953      ;
; -3.809 ; rasterizer:u_rasterizer|x1[3]         ; rasterizer:u_rasterizer|pipe_edge1[20]                                                                 ; raster_clk   ; raster_clk  ; 1.000        ; 0.156      ; 4.952      ;
; -3.808 ; rasterizer:u_rasterizer|pipe_dy3[4]   ; screen_mem:u_screen_mem|altsyncram:mem7_rtl_0|altsyncram_0fg1:auto_generated|ram_block1a1~porta_we_reg ; raster_clk   ; raster_clk  ; 1.000        ; 0.162      ; 4.979      ;
; -3.808 ; rasterizer:u_rasterizer|y3[2]         ; rasterizer:u_rasterizer|pipe_edge2[19]                                                                 ; raster_clk   ; raster_clk  ; 1.000        ; 0.153      ; 4.948      ;
; -3.807 ; rasterizer:u_rasterizer|y1[0]         ; rasterizer:u_rasterizer|pipe_edge3[17]                                                                 ; raster_clk   ; raster_clk  ; 1.000        ; 0.139      ; 4.933      ;
; -3.803 ; rasterizer:u_rasterizer|y2[0]         ; rasterizer:u_rasterizer|pipe_edge2[20]                                                                 ; raster_clk   ; raster_clk  ; 1.000        ; 0.138      ; 4.928      ;
; -3.802 ; rasterizer:u_rasterizer|y3[0]         ; rasterizer:u_rasterizer|pipe_edge2[18]                                                                 ; raster_clk   ; raster_clk  ; 1.000        ; 0.153      ; 4.942      ;
; -3.801 ; rasterizer:u_rasterizer|x3[8]         ; rasterizer:u_rasterizer|pipe_edge3[20]                                                                 ; raster_clk   ; raster_clk  ; 1.000        ; 0.151      ; 4.939      ;
; -3.798 ; rasterizer:u_rasterizer|y3[0]         ; rasterizer:u_rasterizer|pipe_edge2[17]                                                                 ; raster_clk   ; raster_clk  ; 1.000        ; 0.153      ; 4.938      ;
; -3.797 ; rasterizer:u_rasterizer|pipe_dy2[2]   ; screen_mem:u_screen_mem|altsyncram:mem3_rtl_0|altsyncram_0fg1:auto_generated|ram_block1a1~porta_we_reg ; raster_clk   ; raster_clk  ; 1.000        ; 0.126      ; 4.932      ;
; -3.797 ; rasterizer:u_rasterizer|x2[0]         ; rasterizer:u_rasterizer|pipe_edge2[16]                                                                 ; raster_clk   ; raster_clk  ; 1.000        ; 0.149      ; 4.933      ;
; -3.797 ; rasterizer:u_rasterizer|x3[8]         ; rasterizer:u_rasterizer|pipe_edge3[19]                                                                 ; raster_clk   ; raster_clk  ; 1.000        ; 0.151      ; 4.935      ;
; -3.796 ; rasterizer:u_rasterizer|y3[0]         ; rasterizer:u_rasterizer|pipe_edge3[18]                                                                 ; raster_clk   ; raster_clk  ; 1.000        ; 0.153      ; 4.936      ;
; -3.794 ; rasterizer:u_rasterizer|x2[2]         ; rasterizer:u_rasterizer|pipe_edge2[18]                                                                 ; raster_clk   ; raster_clk  ; 1.000        ; 0.149      ; 4.930      ;
; -3.793 ; rasterizer:u_rasterizer|pipe_dy2[0]   ; screen_mem:u_screen_mem|altsyncram:mem7_rtl_0|altsyncram_0fg1:auto_generated|ram_block1a1~porta_we_reg ; raster_clk   ; raster_clk  ; 1.000        ; 0.126      ; 4.928      ;
; -3.793 ; rasterizer:u_rasterizer|x2[0]         ; rasterizer:u_rasterizer|pipe_edge2[15]                                                                 ; raster_clk   ; raster_clk  ; 1.000        ; 0.149      ; 4.929      ;
; -3.793 ; rasterizer:u_rasterizer|x3[2]         ; rasterizer:u_rasterizer|pipe_edge3[18]                                                                 ; raster_clk   ; raster_clk  ; 1.000        ; 0.151      ; 4.931      ;
; -3.791 ; rasterizer:u_rasterizer|pipe_dy1[6]   ; screen_mem:u_screen_mem|altsyncram:mem7_rtl_0|altsyncram_0fg1:auto_generated|ram_block1a1~porta_we_reg ; raster_clk   ; raster_clk  ; 1.000        ; 0.135      ; 4.935      ;
; -3.790 ; rasterizer:u_rasterizer|current_x[5]  ; rasterizer:u_rasterizer|pipe_edge3[16]                                                                 ; raster_clk   ; raster_clk  ; 1.000        ; 0.143      ; 4.920      ;
; -3.790 ; rasterizer:u_rasterizer|x2[2]         ; rasterizer:u_rasterizer|pipe_edge2[17]                                                                 ; raster_clk   ; raster_clk  ; 1.000        ; 0.149      ; 4.926      ;
; -3.789 ; rasterizer:u_rasterizer|x3[2]         ; rasterizer:u_rasterizer|pipe_edge3[17]                                                                 ; raster_clk   ; raster_clk  ; 1.000        ; 0.151      ; 4.927      ;
; -3.787 ; rasterizer:u_rasterizer|x2[2]         ; rasterizer:u_rasterizer|pipe_edge1[20]                                                                 ; raster_clk   ; raster_clk  ; 1.000        ; 0.154      ; 4.928      ;
; -3.786 ; rasterizer:u_rasterizer|current_x[5]  ; rasterizer:u_rasterizer|pipe_edge3[15]                                                                 ; raster_clk   ; raster_clk  ; 1.000        ; 0.143      ; 4.916      ;
; -3.786 ; rasterizer:u_rasterizer|pipe_edge3[8] ; screen_mem:u_screen_mem|altsyncram:mem2_rtl_0|altsyncram_0fg1:auto_generated|ram_block1a1~porta_we_reg ; raster_clk   ; raster_clk  ; 1.000        ; -0.052     ; 4.743      ;
; -3.786 ; rasterizer:u_rasterizer|y3[4]         ; rasterizer:u_rasterizer|pipe_edge3[18]                                                                 ; raster_clk   ; raster_clk  ; 1.000        ; 0.153      ; 4.926      ;
; -3.785 ; rasterizer:u_rasterizer|x1[5]         ; rasterizer:u_rasterizer|pipe_edge1[20]                                                                 ; raster_clk   ; raster_clk  ; 1.000        ; 0.156      ; 4.928      ;
; -3.783 ; rasterizer:u_rasterizer|pipe_dy2[1]   ; screen_mem:u_screen_mem|altsyncram:mem3_rtl_0|altsyncram_0fg1:auto_generated|ram_block1a1~porta_we_reg ; raster_clk   ; raster_clk  ; 1.000        ; 0.126      ; 4.918      ;
; -3.782 ; rasterizer:u_rasterizer|current_x[3]  ; rasterizer:u_rasterizer|pipe_edge3[18]                                                                 ; raster_clk   ; raster_clk  ; 1.000        ; 0.143      ; 4.912      ;
; -3.781 ; rasterizer:u_rasterizer|y1[2]         ; rasterizer:u_rasterizer|pipe_edge3[16]                                                                 ; raster_clk   ; raster_clk  ; 1.000        ; 0.139      ; 4.907      ;
; -3.781 ; rasterizer:u_rasterizer|x1[5]         ; rasterizer:u_rasterizer|pipe_edge1[19]                                                                 ; raster_clk   ; raster_clk  ; 1.000        ; 0.156      ; 4.924      ;
; -3.779 ; rasterizer:u_rasterizer|y3[2]         ; rasterizer:u_rasterizer|pipe_edge3[20]                                                                 ; raster_clk   ; raster_clk  ; 1.000        ; 0.153      ; 4.919      ;
; -3.778 ; rasterizer:u_rasterizer|current_x[3]  ; rasterizer:u_rasterizer|pipe_edge3[17]                                                                 ; raster_clk   ; raster_clk  ; 1.000        ; 0.143      ; 4.908      ;
; -3.778 ; rasterizer:u_rasterizer|current_y[3]  ; rasterizer:u_rasterizer|pipe_edge1[20]                                                                 ; raster_clk   ; raster_clk  ; 1.000        ; 0.156      ; 4.921      ;
; -3.777 ; rasterizer:u_rasterizer|y1[4]         ; rasterizer:u_rasterizer|pipe_edge3[20]                                                                 ; raster_clk   ; raster_clk  ; 1.000        ; 0.139      ; 4.903      ;
; -3.777 ; rasterizer:u_rasterizer|y1[2]         ; rasterizer:u_rasterizer|pipe_edge3[15]                                                                 ; raster_clk   ; raster_clk  ; 1.000        ; 0.139      ; 4.903      ;
; -3.776 ; rasterizer:u_rasterizer|y2[7]         ; rasterizer:u_rasterizer|pipe_edge1[20]                                                                 ; raster_clk   ; raster_clk  ; 1.000        ; 0.156      ; 4.919      ;
; -3.774 ; rasterizer:u_rasterizer|x1[0]         ; rasterizer:u_rasterizer|pipe_edge1[20]                                                                 ; raster_clk   ; raster_clk  ; 1.000        ; 0.155      ; 4.916      ;
; -3.774 ; rasterizer:u_rasterizer|pipe_dy1[0]   ; screen_mem:u_screen_mem|altsyncram:mem5_rtl_0|altsyncram_0fg1:auto_generated|ram_block1a0~porta_we_reg ; raster_clk   ; raster_clk  ; 1.000        ; 0.136      ; 4.919      ;
; -3.773 ; rasterizer:u_rasterizer|y1[4]         ; rasterizer:u_rasterizer|pipe_edge3[19]                                                                 ; raster_clk   ; raster_clk  ; 1.000        ; 0.139      ; 4.899      ;
; -3.772 ; rasterizer:u_rasterizer|current_x[5]  ; rasterizer:u_rasterizer|pipe_edge2[18]                                                                 ; raster_clk   ; raster_clk  ; 1.000        ; 0.143      ; 4.902      ;
; -3.772 ; rasterizer:u_rasterizer|y2[7]         ; rasterizer:u_rasterizer|pipe_edge1[19]                                                                 ; raster_clk   ; raster_clk  ; 1.000        ; 0.156      ; 4.915      ;
; -3.772 ; rasterizer:u_rasterizer|x3[6]         ; rasterizer:u_rasterizer|pipe_edge3[20]                                                                 ; raster_clk   ; raster_clk  ; 1.000        ; 0.151      ; 4.910      ;
; -3.771 ; rasterizer:u_rasterizer|y3[3]         ; rasterizer:u_rasterizer|pipe_edge3[20]                                                                 ; raster_clk   ; raster_clk  ; 1.000        ; 0.138      ; 4.896      ;
; -3.770 ; rasterizer:u_rasterizer|y3[6]         ; rasterizer:u_rasterizer|pipe_edge2[20]                                                                 ; raster_clk   ; raster_clk  ; 1.000        ; 0.153      ; 4.910      ;
; -3.769 ; rasterizer:u_rasterizer|pipe_dy2[9]   ; screen_mem:u_screen_mem|altsyncram:mem7_rtl_0|altsyncram_0fg1:auto_generated|ram_block1a1~porta_we_reg ; raster_clk   ; raster_clk  ; 1.000        ; 0.145      ; 4.923      ;
; -3.768 ; rasterizer:u_rasterizer|current_x[5]  ; rasterizer:u_rasterizer|pipe_edge2[17]                                                                 ; raster_clk   ; raster_clk  ; 1.000        ; 0.143      ; 4.898      ;
+--------+---------------------------------------+--------------------------------------------------------------------------------------------------------+--------------+-------------+--------------+------------+------------+


+------------------------------------------------------------------------------------------------------------------------------------------------------------------------------------------------------------------------------------------+
; Fast 1200mV 0C Model Hold: 'raster_clk'                                                                                                                                                                                                  ;
+-------+---------------------------------------------+--------------------------------------------------------------------------------------------------------------+--------------+-------------+--------------+------------+------------+
; Slack ; From Node                                   ; To Node                                                                                                      ; Launch Clock ; Latch Clock ; Relationship ; Clock Skew ; Data Delay ;
+-------+---------------------------------------------+--------------------------------------------------------------------------------------------------------------+--------------+-------------+--------------+------------+------------+
; 0.148 ; rasterizer:u_rasterizer|pipe_addr[10]       ; screen_mem:u_screen_mem|altsyncram:mem2_rtl_0|altsyncram_0fg1:auto_generated|ram_block1a1~porta_address_reg0 ; raster_clk   ; raster_clk  ; 0.000        ; 0.222      ; 0.474      ;
; 0.149 ; rasterizer:u_rasterizer|pipe_addr[5]        ; screen_mem:u_screen_mem|altsyncram:mem2_rtl_0|altsyncram_0fg1:auto_generated|ram_block1a1~porta_address_reg0 ; raster_clk   ; raster_clk  ; 0.000        ; 0.222      ; 0.475      ;
; 0.164 ; rasterizer:u_rasterizer|pipe_addr[4]        ; screen_mem:u_screen_mem|altsyncram:mem2_rtl_0|altsyncram_0fg1:auto_generated|ram_block1a1~porta_address_reg0 ; raster_clk   ; raster_clk  ; 0.000        ; 0.222      ; 0.490      ;
; 0.179 ; rasterizer:u_rasterizer|current_x[9]        ; rasterizer:u_rasterizer|current_x[9]                                                                         ; raster_clk   ; raster_clk  ; 0.000        ; 0.044      ; 0.307      ;
; 0.180 ; rasterizer:u_rasterizer|pipe_addr[3]        ; screen_mem:u_screen_mem|altsyncram:mem2_rtl_0|altsyncram_0fg1:auto_generated|ram_block1a1~porta_address_reg0 ; raster_clk   ; raster_clk  ; 0.000        ; 0.222      ; 0.506      ;
; 0.181 ; rasterizer:u_rasterizer|pipe_addr[2]        ; screen_mem:u_screen_mem|altsyncram:mem0_rtl_0|altsyncram_0fg1:auto_generated|ram_block1a0~porta_address_reg0 ; raster_clk   ; raster_clk  ; 0.000        ; 0.219      ; 0.504      ;
; 0.186 ; rasterizer:u_rasterizer|box_count           ; rasterizer:u_rasterizer|box_count                                                                            ; raster_clk   ; raster_clk  ; 0.000        ; 0.037      ; 0.307      ;
; 0.187 ; rasterizer:u_rasterizer|current_y[9]        ; rasterizer:u_rasterizer|current_y[9]                                                                         ; raster_clk   ; raster_clk  ; 0.000        ; 0.036      ; 0.307      ;
; 0.193 ; rasterizer:u_rasterizer|current_state.BOX   ; rasterizer:u_rasterizer|current_state.BOX                                                                    ; raster_clk   ; raster_clk  ; 0.000        ; 0.037      ; 0.314      ;
; 0.193 ; rasterizer:u_rasterizer|current_state.DRAIN ; rasterizer:u_rasterizer|current_state.DRAIN                                                                  ; raster_clk   ; raster_clk  ; 0.000        ; 0.037      ; 0.314      ;
; 0.195 ; rasterizer:u_rasterizer|pipe_addr[1]        ; screen_mem:u_screen_mem|altsyncram:mem0_rtl_0|altsyncram_0fg1:auto_generated|ram_block1a0~porta_address_reg0 ; raster_clk   ; raster_clk  ; 0.000        ; 0.219      ; 0.518      ;
; 0.200 ; rasterizer:u_rasterizer|pipe_addr[4]        ; screen_mem:u_screen_mem|altsyncram:mem0_rtl_0|altsyncram_0fg1:auto_generated|ram_block1a0~porta_address_reg0 ; raster_clk   ; raster_clk  ; 0.000        ; 0.223      ; 0.527      ;
; 0.229 ; rasterizer:u_rasterizer|current_state.IDLE  ; rasterizer:u_rasterizer|box_count                                                                            ; raster_clk   ; raster_clk  ; 0.000        ; 0.037      ; 0.350      ;
; 0.261 ; rasterizer:u_rasterizer|pipe_addr[8]        ; screen_mem:u_screen_mem|altsyncram:mem2_rtl_0|altsyncram_0fg1:auto_generated|ram_block1a1~porta_address_reg0 ; raster_clk   ; raster_clk  ; 0.000        ; 0.222      ; 0.587      ;
; 0.286 ; rasterizer:u_rasterizer|current_state.DRAIN ; rasterizer:u_rasterizer|current_state.DONE                                                                   ; raster_clk   ; raster_clk  ; 0.000        ; 0.037      ; 0.407      ;
; 0.297 ; rd_addr[8]                                  ; rd_addr[8]                                                                                                   ; raster_clk   ; raster_clk  ; 0.000        ; 0.045      ; 0.426      ;
; 0.298 ; rd_addr[1]                                  ; rd_addr[1]                                                                                                   ; raster_clk   ; raster_clk  ; 0.000        ; 0.044      ; 0.426      ;
; 0.299 ; rd_addr[2]                                  ; rd_addr[2]                                                                                                   ; raster_clk   ; raster_clk  ; 0.000        ; 0.044      ; 0.427      ;
; 0.300 ; rd_addr[7]                                  ; rd_addr[7]                                                                                                   ; raster_clk   ; raster_clk  ; 0.000        ; 0.044      ; 0.428      ;
; 0.300 ; rd_addr[5]                                  ; rd_addr[5]                                                                                                   ; raster_clk   ; raster_clk  ; 0.000        ; 0.044      ; 0.428      ;
; 0.301 ; rd_addr[6]                                  ; rd_addr[6]                                                                                                   ; raster_clk   ; raster_clk  ; 0.000        ; 0.044      ; 0.429      ;
; 0.301 ; rd_addr[3]                                  ; rd_addr[3]                                                                                                   ; raster_clk   ; raster_clk  ; 0.000        ; 0.044      ; 0.429      ;
; 0.303 ; rd_addr[4]                                  ; rd_addr[4]                                                                                                   ; raster_clk   ; raster_clk  ; 0.000        ; 0.044      ; 0.431      ;
; 0.308 ; rd_addr[9]                                  ; rd_addr[9]                                                                                                   ; raster_clk   ; raster_clk  ; 0.000        ; 0.045      ; 0.437      ;
; 0.309 ; rd_addr[15]                                 ; rd_addr[15]                                                                                                  ; raster_clk   ; raster_clk  ; 0.000        ; 0.045      ; 0.438      ;
; 0.309 ; rd_addr[0]                                  ; rd_addr[0]                                                                                                   ; raster_clk   ; raster_clk  ; 0.000        ; 0.044      ; 0.437      ;
; 0.310 ; rasterizer:u_rasterizer|pipe_addr[9]        ; screen_mem:u_screen_mem|altsyncram:mem0_rtl_0|altsyncram_0fg1:auto_generated|ram_block1a1~porta_address_reg0 ; raster_clk   ; raster_clk  ; 0.000        ; 0.223      ; 0.637      ;
; 0.319 ; rasterizer:u_rasterizer|pipe_addr[11]       ; screen_mem:u_screen_mem|altsyncram:mem0_rtl_0|altsyncram_0fg1:auto_generated|ram_block1a0~porta_address_reg0 ; raster_clk   ; raster_clk  ; 0.000        ; 0.223      ; 0.646      ;
; 0.326 ; rasterizer:u_rasterizer|pipe_addr[1]        ; screen_mem:u_screen_mem|altsyncram:mem4_rtl_0|altsyncram_0fg1:auto_generated|ram_block1a1~porta_address_reg0 ; raster_clk   ; raster_clk  ; 0.000        ; 0.219      ; 0.649      ;
; 0.326 ; rasterizer:u_rasterizer|pipe_addr[2]        ; screen_mem:u_screen_mem|altsyncram:mem4_rtl_0|altsyncram_0fg1:auto_generated|ram_block1a1~porta_address_reg0 ; raster_clk   ; raster_clk  ; 0.000        ; 0.219      ; 0.649      ;
; 0.329 ; rasterizer:u_rasterizer|pipe_addr[9]        ; screen_mem:u_screen_mem|altsyncram:mem5_rtl_0|altsyncram_0fg1:auto_generated|ram_block1a1~porta_address_reg0 ; raster_clk   ; raster_clk  ; 0.000        ; 0.222      ; 0.655      ;
; 0.332 ; rasterizer:u_rasterizer|pipe_addr[10]       ; screen_mem:u_screen_mem|altsyncram:mem4_rtl_0|altsyncram_0fg1:auto_generated|ram_block1a1~porta_address_reg0 ; raster_clk   ; raster_clk  ; 0.000        ; 0.223      ; 0.659      ;
; 0.333 ; rasterizer:u_rasterizer|pipe_addr[10]       ; screen_mem:u_screen_mem|altsyncram:mem0_rtl_0|altsyncram_0fg1:auto_generated|ram_block1a1~porta_address_reg0 ; raster_clk   ; raster_clk  ; 0.000        ; 0.223      ; 0.660      ;
; 0.333 ; rasterizer:u_rasterizer|pipe_addr[1]        ; screen_mem:u_screen_mem|altsyncram:mem2_rtl_0|altsyncram_0fg1:auto_generated|ram_block1a1~porta_address_reg0 ; raster_clk   ; raster_clk  ; 0.000        ; 0.226      ; 0.663      ;
; 0.334 ; rasterizer:u_rasterizer|pipe_addr[6]        ; screen_mem:u_screen_mem|altsyncram:mem0_rtl_0|altsyncram_0fg1:auto_generated|ram_block1a1~porta_address_reg0 ; raster_clk   ; raster_clk  ; 0.000        ; 0.223      ; 0.661      ;
; 0.335 ; rasterizer:u_rasterizer|pipe_addr[12]       ; screen_mem:u_screen_mem|altsyncram:mem0_rtl_0|altsyncram_0fg1:auto_generated|ram_block1a0~porta_address_reg0 ; raster_clk   ; raster_clk  ; 0.000        ; 0.223      ; 0.662      ;
; 0.338 ; rasterizer:u_rasterizer|current_state.DONE  ; rasterizer:u_rasterizer|current_state.DRAIN                                                                  ; raster_clk   ; raster_clk  ; 0.000        ; 0.037      ; 0.459      ;
; 0.344 ; rasterizer:u_rasterizer|pipe_addr[8]        ; screen_mem:u_screen_mem|altsyncram:mem0_rtl_0|altsyncram_0fg1:auto_generated|ram_block1a1~porta_address_reg0 ; raster_clk   ; raster_clk  ; 0.000        ; 0.223      ; 0.671      ;
; 0.344 ; rasterizer:u_rasterizer|pipe_addr[0]        ; screen_mem:u_screen_mem|altsyncram:mem4_rtl_0|altsyncram_0fg1:auto_generated|ram_block1a0~porta_address_reg0 ; raster_clk   ; raster_clk  ; 0.000        ; 0.216      ; 0.664      ;
; 0.345 ; rasterizer:u_rasterizer|pipe_addr[3]        ; screen_mem:u_screen_mem|altsyncram:mem0_rtl_0|altsyncram_0fg1:auto_generated|ram_block1a1~porta_address_reg0 ; raster_clk   ; raster_clk  ; 0.000        ; 0.223      ; 0.672      ;
; 0.346 ; rasterizer:u_rasterizer|pipe_addr[6]        ; screen_mem:u_screen_mem|altsyncram:mem4_rtl_0|altsyncram_0fg1:auto_generated|ram_block1a1~porta_address_reg0 ; raster_clk   ; raster_clk  ; 0.000        ; 0.223      ; 0.673      ;
; 0.346 ; rasterizer:u_rasterizer|pipe_addr[0]        ; screen_mem:u_screen_mem|altsyncram:mem2_rtl_0|altsyncram_0fg1:auto_generated|ram_block1a1~porta_address_reg0 ; raster_clk   ; raster_clk  ; 0.000        ; 0.226      ; 0.676      ;
; 0.348 ; rasterizer:u_rasterizer|pipe_addr[2]        ; screen_mem:u_screen_mem|altsyncram:mem4_rtl_0|altsyncram_0fg1:auto_generated|ram_block1a0~porta_address_reg0 ; raster_clk   ; raster_clk  ; 0.000        ; 0.216      ; 0.668      ;
; 0.349 ; rasterizer:u_rasterizer|pipe_addr[1]        ; screen_mem:u_screen_mem|altsyncram:mem0_rtl_0|altsyncram_0fg1:auto_generated|ram_block1a1~porta_address_reg0 ; raster_clk   ; raster_clk  ; 0.000        ; 0.219      ; 0.672      ;
; 0.353 ; rasterizer:u_rasterizer|pipe_addr[10]       ; screen_mem:u_screen_mem|altsyncram:mem0_rtl_0|altsyncram_0fg1:auto_generated|ram_block1a0~porta_address_reg0 ; raster_clk   ; raster_clk  ; 0.000        ; 0.223      ; 0.680      ;
; 0.353 ; rasterizer:u_rasterizer|pipe_addr[2]        ; screen_mem:u_screen_mem|altsyncram:mem5_rtl_0|altsyncram_0fg1:auto_generated|ram_block1a0~porta_address_reg0 ; raster_clk   ; raster_clk  ; 0.000        ; 0.217      ; 0.674      ;
; 0.353 ; rasterizer:u_rasterizer|pipe_addr[2]        ; screen_mem:u_screen_mem|altsyncram:mem5_rtl_0|altsyncram_0fg1:auto_generated|ram_block1a1~porta_address_reg0 ; raster_clk   ; raster_clk  ; 0.000        ; 0.218      ; 0.675      ;
; 0.354 ; rasterizer:u_rasterizer|pipe_addr[10]       ; screen_mem:u_screen_mem|altsyncram:mem5_rtl_0|altsyncram_0fg1:auto_generated|ram_block1a1~porta_address_reg0 ; raster_clk   ; raster_clk  ; 0.000        ; 0.222      ; 0.680      ;
; 0.355 ; rasterizer:u_rasterizer|pipe_addr[6]        ; screen_mem:u_screen_mem|altsyncram:mem5_rtl_0|altsyncram_0fg1:auto_generated|ram_block1a1~porta_address_reg0 ; raster_clk   ; raster_clk  ; 0.000        ; 0.222      ; 0.681      ;
; 0.355 ; rasterizer:u_rasterizer|pipe_addr[0]        ; screen_mem:u_screen_mem|altsyncram:mem5_rtl_0|altsyncram_0fg1:auto_generated|ram_block1a1~porta_address_reg0 ; raster_clk   ; raster_clk  ; 0.000        ; 0.218      ; 0.677      ;
; 0.356 ; rasterizer:u_rasterizer|pipe_addr[8]        ; screen_mem:u_screen_mem|altsyncram:mem4_rtl_0|altsyncram_0fg1:auto_generated|ram_block1a1~porta_address_reg0 ; raster_clk   ; raster_clk  ; 0.000        ; 0.223      ; 0.683      ;
; 0.357 ; rd_addr[5]                                  ; screen_mem:u_screen_mem|altsyncram:mem5_rtl_0|altsyncram_0fg1:auto_generated|ram_block1a0~portb_address_reg0 ; raster_clk   ; raster_clk  ; 0.000        ; 0.035      ; 0.496      ;
; 0.359 ; rd_addr[4]                                  ; screen_mem:u_screen_mem|altsyncram:mem5_rtl_0|altsyncram_0fg1:auto_generated|ram_block1a0~portb_address_reg0 ; raster_clk   ; raster_clk  ; 0.000        ; 0.035      ; 0.498      ;
; 0.363 ; rasterizer:u_rasterizer|pipe_addr[3]        ; screen_mem:u_screen_mem|altsyncram:mem5_rtl_0|altsyncram_0fg1:auto_generated|ram_block1a1~porta_address_reg0 ; raster_clk   ; raster_clk  ; 0.000        ; 0.222      ; 0.689      ;
; 0.363 ; rasterizer:u_rasterizer|pipe_addr[1]        ; screen_mem:u_screen_mem|altsyncram:mem5_rtl_0|altsyncram_0fg1:auto_generated|ram_block1a1~porta_address_reg0 ; raster_clk   ; raster_clk  ; 0.000        ; 0.218      ; 0.685      ;
; 0.364 ; rasterizer:u_rasterizer|pipe_addr[8]        ; screen_mem:u_screen_mem|altsyncram:mem0_rtl_0|altsyncram_0fg1:auto_generated|ram_block1a0~porta_address_reg0 ; raster_clk   ; raster_clk  ; 0.000        ; 0.223      ; 0.691      ;
; 0.364 ; rasterizer:u_rasterizer|pipe_addr[4]        ; screen_mem:u_screen_mem|altsyncram:mem5_rtl_0|altsyncram_0fg1:auto_generated|ram_block1a1~porta_address_reg0 ; raster_clk   ; raster_clk  ; 0.000        ; 0.222      ; 0.690      ;
; 0.365 ; rasterizer:u_rasterizer|pipe_addr[8]        ; screen_mem:u_screen_mem|altsyncram:mem5_rtl_0|altsyncram_0fg1:auto_generated|ram_block1a1~porta_address_reg0 ; raster_clk   ; raster_clk  ; 0.000        ; 0.222      ; 0.691      ;
; 0.366 ; rasterizer:u_rasterizer|pipe_addr[1]        ; screen_mem:u_screen_mem|altsyncram:mem5_rtl_0|altsyncram_0fg1:auto_generated|ram_block1a0~porta_address_reg0 ; raster_clk   ; raster_clk  ; 0.000        ; 0.217      ; 0.687      ;
; 0.367 ; rasterizer:u_rasterizer|pipe_addr[2]        ; screen_mem:u_screen_mem|altsyncram:mem0_rtl_0|altsyncram_0fg1:auto_generated|ram_block1a1~porta_address_reg0 ; raster_clk   ; raster_clk  ; 0.000        ; 0.219      ; 0.690      ;
; 0.369 ; rasterizer:u_rasterizer|pipe_addr[2]        ; screen_mem:u_screen_mem|altsyncram:mem2_rtl_0|altsyncram_0fg1:auto_generated|ram_block1a1~porta_address_reg0 ; raster_clk   ; raster_clk  ; 0.000        ; 0.226      ; 0.699      ;
; 0.370 ; rd_addr[11]                                 ; screen_mem:u_screen_mem|altsyncram:mem4_rtl_0|altsyncram_0fg1:auto_generated|ram_block1a0~portb_address_reg0 ; raster_clk   ; raster_clk  ; 0.000        ; 0.035      ; 0.509      ;
; 0.371 ; rasterizer:u_rasterizer|pipe_addr[0]        ; screen_mem:u_screen_mem|altsyncram:mem5_rtl_0|altsyncram_0fg1:auto_generated|ram_block1a0~porta_address_reg0 ; raster_clk   ; raster_clk  ; 0.000        ; 0.217      ; 0.692      ;
; 0.372 ; rd_addr[3]                                  ; screen_mem:u_screen_mem|altsyncram:mem5_rtl_0|altsyncram_0fg1:auto_generated|ram_block1a0~portb_address_reg0 ; raster_clk   ; raster_clk  ; 0.000        ; 0.035      ; 0.511      ;
; 0.374 ; rasterizer:u_rasterizer|pipe_addr[6]        ; screen_mem:u_screen_mem|altsyncram:mem2_rtl_0|altsyncram_0fg1:auto_generated|ram_block1a1~porta_address_reg0 ; raster_clk   ; raster_clk  ; 0.000        ; 0.222      ; 0.700      ;
; 0.374 ; rasterizer:u_rasterizer|pipe_addr[1]        ; screen_mem:u_screen_mem|altsyncram:mem4_rtl_0|altsyncram_0fg1:auto_generated|ram_block1a0~porta_address_reg0 ; raster_clk   ; raster_clk  ; 0.000        ; 0.216      ; 0.694      ;
; 0.374 ; rd_addr[12]                                 ; screen_mem:u_screen_mem|altsyncram:mem4_rtl_0|altsyncram_0fg1:auto_generated|ram_block1a0~portb_address_reg0 ; raster_clk   ; raster_clk  ; 0.000        ; 0.035      ; 0.513      ;
; 0.374 ; rd_addr[13]                                 ; screen_mem:u_screen_mem|altsyncram:mem4_rtl_0|altsyncram_0fg1:auto_generated|ram_block1a0~portb_address_reg0 ; raster_clk   ; raster_clk  ; 0.000        ; 0.035      ; 0.513      ;
; 0.374 ; rd_addr[14]                                 ; rd_addr[14]                                                                                                  ; raster_clk   ; raster_clk  ; 0.000        ; 0.045      ; 0.503      ;
; 0.378 ; rd_addr[8]                                  ; screen_mem:u_screen_mem|altsyncram:mem4_rtl_0|altsyncram_0fg1:auto_generated|ram_block1a0~portb_address_reg0 ; raster_clk   ; raster_clk  ; 0.000        ; 0.035      ; 0.517      ;
; 0.378 ; rd_addr[12]                                 ; rd_addr[12]                                                                                                  ; raster_clk   ; raster_clk  ; 0.000        ; 0.045      ; 0.507      ;
; 0.381 ; rasterizer:u_rasterizer|pipe_addr[4]        ; screen_mem:u_screen_mem|altsyncram:mem4_rtl_0|altsyncram_0fg1:auto_generated|ram_block1a0~porta_address_reg0 ; raster_clk   ; raster_clk  ; 0.000        ; 0.220      ; 0.705      ;
; 0.382 ; rd_addr[15]                                 ; screen_mem:u_screen_mem|altsyncram:mem4_rtl_0|altsyncram_0fg1:auto_generated|ram_block1a0~portb_address_reg0 ; raster_clk   ; raster_clk  ; 0.000        ; 0.035      ; 0.521      ;
; 0.383 ; rd_addr[10]                                 ; screen_mem:u_screen_mem|altsyncram:mem4_rtl_0|altsyncram_0fg1:auto_generated|ram_block1a0~portb_address_reg0 ; raster_clk   ; raster_clk  ; 0.000        ; 0.035      ; 0.522      ;
; 0.387 ; rasterizer:u_rasterizer|current_state.BOX   ; rasterizer:u_rasterizer|box_count                                                                            ; raster_clk   ; raster_clk  ; 0.000        ; 0.038      ; 0.509      ;
; 0.395 ; rasterizer:u_rasterizer|pipe_addr[4]        ; screen_mem:u_screen_mem|altsyncram:mem5_rtl_0|altsyncram_0fg1:auto_generated|ram_block1a0~porta_address_reg0 ; raster_clk   ; raster_clk  ; 0.000        ; 0.221      ; 0.720      ;
; 0.419 ; rasterizer:u_rasterizer|box_count           ; rasterizer:u_rasterizer|current_state.RASTERIZE                                                              ; raster_clk   ; raster_clk  ; 0.000        ; 0.037      ; 0.540      ;
; 0.421 ; rd_addr[16]                                 ; rd_addr[16]                                                                                                  ; raster_clk   ; raster_clk  ; 0.000        ; 0.045      ; 0.550      ;
; 0.430 ; rasterizer:u_rasterizer|pipe_addr[6]        ; screen_mem:u_screen_mem|altsyncram:mem1_rtl_0|altsyncram_0fg1:auto_generated|ram_block1a1~porta_address_reg0 ; raster_clk   ; raster_clk  ; 0.000        ; 0.227      ; 0.761      ;
; 0.447 ; rd_addr[1]                                  ; rd_addr[2]                                                                                                   ; raster_clk   ; raster_clk  ; 0.000        ; 0.044      ; 0.575      ;
; 0.449 ; rasterizer:u_rasterizer|pipe_addr[9]        ; screen_mem:u_screen_mem|altsyncram:mem2_rtl_0|altsyncram_0fg1:auto_generated|ram_block1a1~porta_address_reg0 ; raster_clk   ; raster_clk  ; 0.000        ; 0.222      ; 0.775      ;
; 0.449 ; rd_addr[7]                                  ; rd_addr[8]                                                                                                   ; raster_clk   ; raster_clk  ; 0.000        ; 0.044      ; 0.577      ;
; 0.449 ; rd_addr[5]                                  ; rd_addr[6]                                                                                                   ; raster_clk   ; raster_clk  ; 0.000        ; 0.044      ; 0.577      ;
; 0.450 ; rd_addr[3]                                  ; rd_addr[4]                                                                                                   ; raster_clk   ; raster_clk  ; 0.000        ; 0.044      ; 0.578      ;
; 0.452 ; rd_addr[11]                                 ; rd_addr[12]                                                                                                  ; raster_clk   ; raster_clk  ; 0.000        ; 0.045      ; 0.581      ;
; 0.455 ; rd_addr[8]                                  ; rd_addr[9]                                                                                                   ; raster_clk   ; raster_clk  ; 0.000        ; 0.045      ; 0.584      ;
; 0.456 ; rd_addr[0]                                  ; rd_addr[1]                                                                                                   ; raster_clk   ; raster_clk  ; 0.000        ; 0.044      ; 0.584      ;
; 0.457 ; rd_addr[2]                                  ; rd_addr[3]                                                                                                   ; raster_clk   ; raster_clk  ; 0.000        ; 0.044      ; 0.585      ;
; 0.458 ; rd_addr[13]                                 ; rd_addr[14]                                                                                                  ; raster_clk   ; raster_clk  ; 0.000        ; 0.045      ; 0.587      ;
; 0.459 ; rd_addr[6]                                  ; rd_addr[7]                                                                                                   ; raster_clk   ; raster_clk  ; 0.000        ; 0.044      ; 0.587      ;
; 0.459 ; rd_addr[0]                                  ; rd_addr[2]                                                                                                   ; raster_clk   ; raster_clk  ; 0.000        ; 0.044      ; 0.587      ;
; 0.460 ; rd_addr[2]                                  ; rd_addr[4]                                                                                                   ; raster_clk   ; raster_clk  ; 0.000        ; 0.044      ; 0.588      ;
; 0.461 ; rd_addr[4]                                  ; rd_addr[5]                                                                                                   ; raster_clk   ; raster_clk  ; 0.000        ; 0.044      ; 0.589      ;
; 0.462 ; rd_addr[6]                                  ; rd_addr[8]                                                                                                   ; raster_clk   ; raster_clk  ; 0.000        ; 0.044      ; 0.590      ;
; 0.464 ; rd_addr[4]                                  ; rd_addr[6]                                                                                                   ; raster_clk   ; raster_clk  ; 0.000        ; 0.044      ; 0.592      ;
; 0.469 ; rd_addr[0]                                  ; screen_mem:u_screen_mem|rd_bit[0]                                                                            ; raster_clk   ; raster_clk  ; 0.000        ; -0.156     ; 0.397      ;
; 0.470 ; rd_addr[16]                                 ; screen_mem:u_screen_mem|altsyncram:mem4_rtl_0|altsyncram_0fg1:auto_generated|address_reg_b[0]                ; raster_clk   ; raster_clk  ; 0.000        ; -0.155     ; 0.399      ;
; 0.472 ; rd_addr[11]                                 ; screen_mem:u_screen_mem|altsyncram:mem2_rtl_0|altsyncram_0fg1:auto_generated|ram_block1a0~portb_address_reg0 ; raster_clk   ; raster_clk  ; 0.000        ; 0.042      ; 0.618      ;
; 0.473 ; rasterizer:u_rasterizer|pipe_addr[11]       ; screen_mem:u_screen_mem|altsyncram:mem5_rtl_0|altsyncram_0fg1:auto_generated|ram_block1a0~porta_address_reg0 ; raster_clk   ; raster_clk  ; 0.000        ; 0.221      ; 0.798      ;
; 0.473 ; rd_addr[10]                                 ; rd_addr[12]                                                                                                  ; raster_clk   ; raster_clk  ; 0.000        ; 0.045      ; 0.602      ;
+-------+---------------------------------------------+--------------------------------------------------------------------------------------------------------------+--------------+-------------+--------------+------------+------------+


----------------------------------------------
; Fast 1200mV 0C Model Metastability Summary ;
----------------------------------------------
No synchronizer chains to report.


+---------------------------------------------------------------------------------+
; Multicorner Timing Analysis Summary                                             ;
+------------------+-----------+-------+----------+---------+---------------------+
; Clock            ; Setup     ; Hold  ; Recovery ; Removal ; Minimum Pulse Width ;
+------------------+-----------+-------+----------+---------+---------------------+
; Worst-case Slack ; -10.475   ; 0.148 ; N/A      ; N/A     ; -3.201              ;
;  raster_clk      ; -10.475   ; 0.148 ; N/A      ; N/A     ; -3.201              ;
; Design-wide TNS  ; -1453.112 ; 0.0   ; 0.0      ; 0.0     ; -506.093            ;
;  raster_clk      ; -1453.112 ; 0.000 ; N/A      ; N/A     ; -506.093            ;
+------------------+-----------+-------+----------+---------+---------------------+


+------------------------------------------------------------------------------------------------------------------------------------------------------------------------------------------------------------------------------------------------------------------------------------------------------------------------------------------------------------------------------------------------------------------+
; Board Trace Model Assignments                                                                                                                                                                                                                                                                                                                                                                                    ;
+---------------+--------------+-------------------+-------------------------+-------------------------+---------------+---------------------+----------------+------------------+--------+------------------+------------------------+------------------------+--------------+---------------+-----------------+-------+---------------------+--------------------+---------------+-----------------+-------------+
; Pin           ; I/O Standard ; Near Tline Length ; Near Tline L per Length ; Near Tline C per Length ; Near Series R ; Near Differential R ; Near Pull-up R ; Near Pull-down R ; Near C ; Far Tline Length ; Far Tline L per Length ; Far Tline C per Length ; Far Series R ; Far Pull-up R ; Far Pull-down R ; Far C ; Termination Voltage ; Far Differential R ; EBD File Name ; EBD Signal Name ; EBD Far-end ;
+---------------+--------------+-------------------+-------------------------+-------------------------+---------------+---------------------+----------------+------------------+--------+------------------+------------------------+------------------------+--------------+---------------+-----------------+-------+---------------------+--------------------+---------------+-----------------+-------------+
; done          ; 2.5 V        ; 0 in              ; 0 H/in                  ; 0 F/in                  ; short         ; -                   ; open           ; open             ; open   ; 0 in             ; 0 H/in                 ; 0 F/in                 ; short        ; open          ; open            ; open  ; 0 V                 ; -                  ; n/a           ; n/a             ; n/a         ;
; pixel_out     ; 2.5 V        ; 0 in              ; 0 H/in                  ; 0 F/in                  ; short         ; -                   ; open           ; open             ; open   ; 0 in             ; 0 H/in                 ; 0 F/in                 ; short        ; open          ; open            ; open  ; 0 V                 ; -                  ; n/a           ; n/a             ; n/a         ;
; ~ALTERA_DCLK~ ; 2.5 V        ; 0 in              ; 0 H/in                  ; 0 F/in                  ; short         ; -                   ; open           ; open             ; open   ; 0 in             ; 0 H/in                 ; 0 F/in                 ; short        ; open          ; open            ; open  ; 0 V                 ; -                  ; n/a           ; n/a             ; n/a         ;
; ~ALTERA_nCEO~ ; 2.5 V        ; 0 in              ; 0 H/in                  ; 0 F/in                  ; short         ; -                   ; open           ; open             ; open   ; 0 in             ; 0 H/in                 ; 0 F/in                 ; short        ; open          ; open            ; open  ; 0 V                 ; -                  ; n/a           ; n/a             ; n/a         ;
+---------------+--------------+-------------------+-------------------------+-------------------------+---------------+---------------------+----------------+------------------+--------+------------------+------------------------+------------------------+--------------+---------------+-----------------+-------+---------------------+--------------------+---------------+-----------------+-------------+


+----------------------------------------------------------------------------+
; Input Transition Times                                                     ;
+-------------------------+--------------+-----------------+-----------------+
; Pin                     ; I/O Standard ; 10-90 Rise Time ; 90-10 Fall Time ;
+-------------------------+--------------+-----------------+-----------------+
; clk                     ; 2.5 V        ; 2000 ps         ; 2000 ps         ;
; rst_n                   ; 2.5 V        ; 2000 ps         ; 2000 ps         ;
; x1[8]                   ; 2.5 V        ; 2000 ps         ; 2000 ps         ;
; x2[8]                   ; 2.5 V        ; 2000 ps         ; 2000 ps         ;
; x2[7]                   ; 2.5 V        ; 2000 ps         ; 2000 ps         ;
; x1[7]                   ; 2.5 V        ; 2000 ps         ; 2000 ps         ;
; x2[6]                   ; 2.5 V        ; 2000 ps         ; 2000 ps         ;
; x1[6]                   ; 2.5 V        ; 2000 ps         ; 2000 ps         ;
; x2[5]                   ; 2.5 V        ; 2000 ps         ; 2000 ps         ;
; x1[5]                   ; 2.5 V        ; 2000 ps         ; 2000 ps         ;
; x2[4]                   ; 2.5 V        ; 2000 ps         ; 2000 ps         ;
; x1[4]                   ; 2.5 V        ; 2000 ps         ; 2000 ps         ;
; x2[3]                   ; 2.5 V        ; 2000 ps         ; 2000 ps         ;
; x1[3]                   ; 2.5 V        ; 2000 ps         ; 2000 ps         ;
; x2[2]                   ; 2.5 V        ; 2000 ps         ; 2000 ps         ;
; x1[2]                   ; 2.5 V        ; 2000 ps         ; 2000 ps         ;
; x2[1]                   ; 2.5 V        ; 2000 ps         ; 2000 ps         ;
; x1[1]                   ; 2.5 V        ; 2000 ps         ; 2000 ps         ;
; x2[0]                   ; 2.5 V        ; 2000 ps         ; 2000 ps         ;
; x1[0]                   ; 2.5 V        ; 2000 ps         ; 2000 ps         ;
; x3[8]                   ; 2.5 V        ; 2000 ps         ; 2000 ps         ;
; x3[7]                   ; 2.5 V        ; 2000 ps         ; 2000 ps         ;
; x3[6]                   ; 2.5 V        ; 2000 ps         ; 2000 ps         ;
; x3[5]                   ; 2.5 V        ; 2000 ps         ; 2000 ps         ;
; x3[4]                   ; 2.5 V        ; 2000 ps         ; 2000 ps         ;
; x3[3]                   ; 2.5 V        ; 2000 ps         ; 2000 ps         ;
; x3[2]                   ; 2.5 V        ; 2000 ps         ; 2000 ps         ;
; x3[1]                   ; 2.5 V        ; 2000 ps         ; 2000 ps         ;
; x3[0]                   ; 2.5 V        ; 2000 ps         ; 2000 ps         ;
; y2[8]                   ; 2.5 V        ; 2000 ps         ; 2000 ps         ;
; y1[8]                   ; 2.5 V        ; 2000 ps         ; 2000 ps         ;
; y2[7]                   ; 2.5 V        ; 2000 ps         ; 2000 ps         ;
; y1[7]                   ; 2.5 V        ; 2000 ps         ; 2000 ps         ;
; y2[6]                   ; 2.5 V        ; 2000 ps         ; 2000 ps         ;
; y1[6]                   ; 2.5 V        ; 2000 ps         ; 2000 ps         ;
; y2[5]                   ; 2.5 V        ; 2000 ps         ; 2000 ps         ;
; y1[5]                   ; 2.5 V        ; 2000 ps         ; 2000 ps         ;
; y2[4]                   ; 2.5 V        ; 2000 ps         ; 2000 ps         ;
; y1[4]                   ; 2.5 V        ; 2000 ps         ; 2000 ps         ;
; y2[3]                   ; 2.5 V        ; 2000 ps         ; 2000 ps         ;
; y1[3]                   ; 2.5 V        ; 2000 ps         ; 2000 ps         ;
; y2[2]                   ; 2.5 V        ; 2000 ps         ; 2000 ps         ;
; y1[2]                   ; 2.5 V        ; 2000 ps         ; 2000 ps         ;
; y2[1]                   ; 2.5 V        ; 2000 ps         ; 2000 ps         ;
; y1[1]                   ; 2.5 V        ; 2000 ps         ; 2000 ps         ;
; y2[0]                   ; 2.5 V        ; 2000 ps         ; 2000 ps         ;
; y1[0]                   ; 2.5 V        ; 2000 ps         ; 2000 ps         ;
; y3[8]                   ; 2.5 V        ; 2000 ps         ; 2000 ps         ;
; y3[7]                   ; 2.5 V        ; 2000 ps         ; 2000 ps         ;
; y3[6]                   ; 2.5 V        ; 2000 ps         ; 2000 ps         ;
; y3[5]                   ; 2.5 V        ; 2000 ps         ; 2000 ps         ;
; y3[4]                   ; 2.5 V        ; 2000 ps         ; 2000 ps         ;
; y3[3]                   ; 2.5 V        ; 2000 ps         ; 2000 ps         ;
; y3[2]                   ; 2.5 V        ; 2000 ps         ; 2000 ps         ;
; y3[1]                   ; 2.5 V        ; 2000 ps         ; 2000 ps         ;
; y3[0]                   ; 2.5 V        ; 2000 ps         ; 2000 ps         ;
; start                   ; 2.5 V        ; 2000 ps         ; 2000 ps         ;
; ~ALTERA_ASDO_DATA1~     ; 2.5 V        ; 2000 ps         ; 2000 ps         ;
; ~ALTERA_FLASH_nCE_nCSO~ ; 2.5 V        ; 2000 ps         ; 2000 ps         ;
; ~ALTERA_DATA0~          ; 2.5 V        ; 2000 ps         ; 2000 ps         ;
+-------------------------+--------------+-----------------+-----------------+


+--------------------------------------------------------------------------------------------------------------------------------------------------------------------------------------------------------------------------------------------------------------------------------------------------------------------------------------------------------------------------------------------------------------------------------------------------------------------------------------------------------------------------------------------------------------------------------------------------------------------------------------------------------------------------------------------+
; Signal Integrity Metrics (Slow 1200mv 0c Model)                                                                                                                                                                                                                                                                                                                                                                                                                                                                                                                                                                                                                                            ;
+---------------+--------------+---------------------+---------------------+------------------------------+------------------------------+---------------------+---------------------+--------------------------------------+--------------------------------------+-----------------------------+-----------------------------+----------------------------+----------------------------+-----------------------------+-----------------------------+--------------------+--------------------+-------------------------------------+-------------------------------------+----------------------------+----------------------------+---------------------------+---------------------------+
; Pin           ; I/O Standard ; Board Delay on Rise ; Board Delay on Fall ; Steady State Voh at FPGA Pin ; Steady State Vol at FPGA Pin ; Voh Max at FPGA Pin ; Vol Min at FPGA Pin ; Ringback Voltage on Rise at FPGA Pin ; Ringback Voltage on Fall at FPGA Pin ; 10-90 Rise Time at FPGA Pin ; 90-10 Fall Time at FPGA Pin ; Monotonic Rise at FPGA Pin ; Monotonic Fall at FPGA Pin ; Steady State Voh at Far-end ; Steady State Vol at Far-end ; Voh Max at Far-end ; Vol Min at Far-end ; Ringback Voltage on Rise at Far-end ; Ringback Voltage on Fall at Far-end ; 10-90 Rise Time at Far-end ; 90-10 Fall Time at Far-end ; Monotonic Rise at Far-end ; Monotonic Fall at Far-end ;
+---------------+--------------+---------------------+---------------------+------------------------------+------------------------------+---------------------+---------------------+--------------------------------------+--------------------------------------+-----------------------------+-----------------------------+----------------------------+----------------------------+-----------------------------+-----------------------------+--------------------+--------------------+-------------------------------------+-------------------------------------+----------------------------+----------------------------+---------------------------+---------------------------+
; done          ; 2.5 V        ; 0 s                 ; 0 s                 ; 2.32 V                       ; 2.07e-09 V                   ; 2.36 V              ; -0.00737 V          ; 0.209 V                              ; 0.012 V                              ; 5.22e-10 s                  ; 5.33e-10 s                  ; Yes                        ; Yes                        ; 2.32 V                      ; 2.07e-09 V                  ; 2.36 V             ; -0.00737 V         ; 0.209 V                             ; 0.012 V                             ; 5.22e-10 s                 ; 5.33e-10 s                 ; Yes                       ; Yes                       ;
; pixel_out     ; 2.5 V        ; 0 s                 ; 0 s                 ; 2.32 V                       ; 2.8e-09 V                    ; 2.37 V              ; -0.00373 V          ; 0.104 V                              ; 0.011 V                              ; 4.34e-10 s                  ; 3.82e-10 s                  ; Yes                        ; Yes                        ; 2.32 V                      ; 2.8e-09 V                   ; 2.37 V             ; -0.00373 V         ; 0.104 V                             ; 0.011 V                             ; 4.34e-10 s                 ; 3.82e-10 s                 ; Yes                       ; Yes                       ;
; ~ALTERA_DCLK~ ; 2.5 V        ; 0 s                 ; 0 s                 ; 2.32 V                       ; 1.74e-09 V                   ; 2.37 V              ; -0.0346 V           ; 0.198 V                              ; 0.094 V                              ; 3.14e-10 s                  ; 2.92e-10 s                  ; Yes                        ; Yes                        ; 2.32 V                      ; 1.74e-09 V                  ; 2.37 V             ; -0.0346 V          ; 0.198 V                             ; 0.094 V                             ; 3.14e-10 s                 ; 2.92e-10 s                 ; Yes                       ; Yes                       ;
; ~ALTERA_nCEO~ ; 2.5 V        ; 0 s                 ; 0 s                 ; 2.32 V                       ; 2.57e-09 V                   ; 2.37 V              ; -0.00683 V          ; 0.171 V                              ; 0.018 V                              ; 4.97e-10 s                  ; 6.66e-10 s                  ; Yes                        ; Yes                        ; 2.32 V                      ; 2.57e-09 V                  ; 2.37 V             ; -0.00683 V         ; 0.171 V                             ; 0.018 V                             ; 4.97e-10 s                 ; 6.66e-10 s                 ; Yes                       ; Yes                       ;
+---------------+--------------+---------------------+---------------------+------------------------------+------------------------------+---------------------+---------------------+--------------------------------------+--------------------------------------+-----------------------------+-----------------------------+----------------------------+----------------------------+-----------------------------+-----------------------------+--------------------+--------------------+-------------------------------------+-------------------------------------+----------------------------+----------------------------+---------------------------+---------------------------+


+--------------------------------------------------------------------------------------------------------------------------------------------------------------------------------------------------------------------------------------------------------------------------------------------------------------------------------------------------------------------------------------------------------------------------------------------------------------------------------------------------------------------------------------------------------------------------------------------------------------------------------------------------------------------------------------------+
; Signal Integrity Metrics (Slow 1200mv 85c Model)                                                                                                                                                                                                                                                                                                                                                                                                                                                                                                                                                                                                                                           ;
+---------------+--------------+---------------------+---------------------+------------------------------+------------------------------+---------------------+---------------------+--------------------------------------+--------------------------------------+-----------------------------+-----------------------------+----------------------------+----------------------------+-----------------------------+-----------------------------+--------------------+--------------------+-------------------------------------+-------------------------------------+----------------------------+----------------------------+---------------------------+---------------------------+
; Pin           ; I/O Standard ; Board Delay on Rise ; Board Delay on Fall ; Steady State Voh at FPGA Pin ; Steady State Vol at FPGA Pin ; Voh Max at FPGA Pin ; Vol Min at FPGA Pin ; Ringback Voltage on Rise at FPGA Pin ; Ringback Voltage on Fall at FPGA Pin ; 10-90 Rise Time at FPGA Pin ; 90-10 Fall Time at FPGA Pin ; Monotonic Rise at FPGA Pin ; Monotonic Fall at FPGA Pin ; Steady State Voh at Far-end ; Steady State Vol at Far-end ; Voh Max at Far-end ; Vol Min at Far-end ; Ringback Voltage on Rise at Far-end ; Ringback Voltage on Fall at Far-end ; 10-90 Rise Time at Far-end ; 90-10 Fall Time at Far-end ; Monotonic Rise at Far-end ; Monotonic Fall at Far-end ;
+---------------+--------------+---------------------+---------------------+------------------------------+------------------------------+---------------------+---------------------+--------------------------------------+--------------------------------------+-----------------------------+-----------------------------+----------------------------+----------------------------+-----------------------------+-----------------------------+--------------------+--------------------+-------------------------------------+-------------------------------------+----------------------------+----------------------------+---------------------------+---------------------------+
; done          ; 2.5 V        ; 0 s                 ; 0 s                 ; 2.32 V                       ; 1.93e-07 V                   ; 2.34 V              ; -0.00869 V          ; 0.14 V                               ; 0.046 V                              ; 6.89e-10 s                  ; 6.56e-10 s                  ; Yes                        ; Yes                        ; 2.32 V                      ; 1.93e-07 V                  ; 2.34 V             ; -0.00869 V         ; 0.14 V                              ; 0.046 V                             ; 6.89e-10 s                 ; 6.56e-10 s                 ; Yes                       ; Yes                       ;
; pixel_out     ; 2.5 V        ; 0 s                 ; 0 s                 ; 2.32 V                       ; 2.85e-07 V                   ; 2.35 V              ; -0.0123 V           ; 0.144 V                              ; 0.042 V                              ; 4.81e-10 s                  ; 4.81e-10 s                  ; Yes                        ; Yes                        ; 2.32 V                      ; 2.85e-07 V                  ; 2.35 V             ; -0.0123 V          ; 0.144 V                             ; 0.042 V                             ; 4.81e-10 s                 ; 4.81e-10 s                 ; Yes                       ; Yes                       ;
; ~ALTERA_DCLK~ ; 2.5 V        ; 0 s                 ; 0 s                 ; 2.32 V                       ; 1.55e-07 V                   ; 2.35 V              ; -0.00221 V          ; 0.097 V                              ; 0.005 V                              ; 4.49e-10 s                  ; 3.85e-10 s                  ; Yes                        ; Yes                        ; 2.32 V                      ; 1.55e-07 V                  ; 2.35 V             ; -0.00221 V         ; 0.097 V                             ; 0.005 V                             ; 4.49e-10 s                 ; 3.85e-10 s                 ; Yes                       ; Yes                       ;
; ~ALTERA_nCEO~ ; 2.5 V        ; 0 s                 ; 0 s                 ; 2.32 V                       ; 2.54e-07 V                   ; 2.34 V              ; -0.00774 V          ; 0.109 V                              ; 0.026 V                              ; 6.58e-10 s                  ; 8.24e-10 s                  ; Yes                        ; Yes                        ; 2.32 V                      ; 2.54e-07 V                  ; 2.34 V             ; -0.00774 V         ; 0.109 V                             ; 0.026 V                             ; 6.58e-10 s                 ; 8.24e-10 s                 ; Yes                       ; Yes                       ;
+---------------+--------------+---------------------+---------------------+------------------------------+------------------------------+---------------------+---------------------+--------------------------------------+--------------------------------------+-----------------------------+-----------------------------+----------------------------+----------------------------+-----------------------------+-----------------------------+--------------------+--------------------+-------------------------------------+-------------------------------------+----------------------------+----------------------------+---------------------------+---------------------------+


+--------------------------------------------------------------------------------------------------------------------------------------------------------------------------------------------------------------------------------------------------------------------------------------------------------------------------------------------------------------------------------------------------------------------------------------------------------------------------------------------------------------------------------------------------------------------------------------------------------------------------------------------------------------------------------------------+
; Signal Integrity Metrics (Fast 1200mv 0c Model)                                                                                                                                                                                                                                                                                                                                                                                                                                                                                                                                                                                                                                            ;
+---------------+--------------+---------------------+---------------------+------------------------------+------------------------------+---------------------+---------------------+--------------------------------------+--------------------------------------+-----------------------------+-----------------------------+----------------------------+----------------------------+-----------------------------+-----------------------------+--------------------+--------------------+-------------------------------------+-------------------------------------+----------------------------+----------------------------+---------------------------+---------------------------+
; Pin           ; I/O Standard ; Board Delay on Rise ; Board Delay on Fall ; Steady State Voh at FPGA Pin ; Steady State Vol at FPGA Pin ; Voh Max at FPGA Pin ; Vol Min at FPGA Pin ; Ringback Voltage on Rise at FPGA Pin ; Ringback Voltage on Fall at FPGA Pin ; 10-90 Rise Time at FPGA Pin ; 90-10 Fall Time at FPGA Pin ; Monotonic Rise at FPGA Pin ; Monotonic Fall at FPGA Pin ; Steady State Voh at Far-end ; Steady State Vol at Far-end ; Voh Max at Far-end ; Vol Min at Far-end ; Ringback Voltage on Rise at Far-end ; Ringback Voltage on Fall at Far-end ; 10-90 Rise Time at Far-end ; 90-10 Fall Time at Far-end ; Monotonic Rise at Far-end ; Monotonic Fall at Far-end ;
+---------------+--------------+---------------------+---------------------+------------------------------+------------------------------+---------------------+---------------------+--------------------------------------+--------------------------------------+-----------------------------+-----------------------------+----------------------------+----------------------------+-----------------------------+-----------------------------+--------------------+--------------------+-------------------------------------+-------------------------------------+----------------------------+----------------------------+---------------------------+---------------------------+
; done          ; 2.5 V        ; 0 s                 ; 0 s                 ; 2.62 V                       ; 2.74e-08 V                   ; 2.71 V              ; -0.0317 V           ; 0.148 V                              ; 0.064 V                              ; 4.51e-10 s                  ; 4.15e-10 s                  ; No                         ; Yes                        ; 2.62 V                      ; 2.74e-08 V                  ; 2.71 V             ; -0.0317 V          ; 0.148 V                             ; 0.064 V                             ; 4.51e-10 s                 ; 4.15e-10 s                 ; No                        ; Yes                       ;
; pixel_out     ; 2.5 V        ; 0 s                 ; 0 s                 ; 2.62 V                       ; 4.05e-08 V                   ; 2.72 V              ; -0.0349 V           ; 0.173 V                              ; 0.1 V                                ; 2.72e-10 s                  ; 2.69e-10 s                  ; Yes                        ; Yes                        ; 2.62 V                      ; 4.05e-08 V                  ; 2.72 V             ; -0.0349 V          ; 0.173 V                             ; 0.1 V                               ; 2.72e-10 s                 ; 2.69e-10 s                 ; Yes                       ; Yes                       ;
; ~ALTERA_DCLK~ ; 2.5 V        ; 0 s                 ; 0 s                 ; 2.62 V                       ; 2.22e-08 V                   ; 2.74 V              ; -0.06 V             ; 0.158 V                              ; 0.08 V                               ; 2.68e-10 s                  ; 2.19e-10 s                  ; Yes                        ; Yes                        ; 2.62 V                      ; 2.22e-08 V                  ; 2.74 V             ; -0.06 V            ; 0.158 V                             ; 0.08 V                              ; 2.68e-10 s                 ; 2.19e-10 s                 ; Yes                       ; Yes                       ;
; ~ALTERA_nCEO~ ; 2.5 V        ; 0 s                 ; 0 s                 ; 2.62 V                       ; 3.54e-08 V                   ; 2.7 V               ; -0.00943 V          ; 0.276 V                              ; 0.035 V                              ; 3.19e-10 s                  ; 4.99e-10 s                  ; No                         ; Yes                        ; 2.62 V                      ; 3.54e-08 V                  ; 2.7 V              ; -0.00943 V         ; 0.276 V                             ; 0.035 V                             ; 3.19e-10 s                 ; 4.99e-10 s                 ; No                        ; Yes                       ;
+---------------+--------------+---------------------+---------------------+------------------------------+------------------------------+---------------------+---------------------+--------------------------------------+--------------------------------------+-----------------------------+-----------------------------+----------------------------+----------------------------+-----------------------------+-----------------------------+--------------------+--------------------+-------------------------------------+-------------------------------------+----------------------------+----------------------------+---------------------------+---------------------------+


+---------------------------------------------------------------------+
; Setup Transfers                                                     ;
+------------+------------+----------+----------+----------+----------+
; From Clock ; To Clock   ; RR Paths ; FR Paths ; RF Paths ; FF Paths ;
+------------+------------+----------+----------+----------+----------+
; raster_clk ; raster_clk ; 390527   ; 0        ; 0        ; 0        ;
+------------+------------+----------+----------+----------+----------+
Entries labeled "false path" only account for clock-to-clock false paths and not path-based false paths. As a result, actual path counts may be lower than reported.


+---------------------------------------------------------------------+
; Hold Transfers                                                      ;
+------------+------------+----------+----------+----------+----------+
; From Clock ; To Clock   ; RR Paths ; FR Paths ; RF Paths ; FF Paths ;
+------------+------------+----------+----------+----------+----------+
; raster_clk ; raster_clk ; 390527   ; 0        ; 0        ; 0        ;
+------------+------------+----------+----------+----------+----------+
Entries labeled "false path" only account for clock-to-clock false paths and not path-based false paths. As a result, actual path counts may be lower than reported.


---------------
; Report TCCS ;
---------------
No dedicated SERDES Transmitter circuitry present in device or used in design


---------------
; Report RSKM ;
---------------
No non-DPA dedicated SERDES Receiver circuitry present in device or used in design


+------------------------------------------------+
; Unconstrained Paths Summary                    ;
+---------------------------------+-------+------+
; Property                        ; Setup ; Hold ;
+---------------------------------+-------+------+
; Illegal Clocks                  ; 0     ; 0    ;
; Unconstrained Clocks            ; 0     ; 0    ;
; Unconstrained Input Ports       ; 56    ; 56   ;
; Unconstrained Input Port Paths  ; 281   ; 281  ;
; Unconstrained Output Ports      ; 2     ; 2    ;
; Unconstrained Output Port Paths ; 28    ; 28   ;
+---------------------------------+-------+------+


+------------------------------------------+
; Clock Status Summary                     ;
+--------+------------+------+-------------+
; Target ; Clock      ; Type ; Status      ;
+--------+------------+------+-------------+
; clk    ; raster_clk ; Base ; Constrained ;
+--------+------------+------+-------------+


+---------------------------------------------------------------------------------------------------+
; Unconstrained Input Ports                                                                         ;
+------------+--------------------------------------------------------------------------------------+
; Input Port ; Comment                                                                              ;
+------------+--------------------------------------------------------------------------------------+
; rst_n      ; No input delay, min/max delays, false-path exceptions, or max skew assignments found ;
; start      ; No input delay, min/max delays, false-path exceptions, or max skew assignments found ;
; x1[0]      ; No input delay, min/max delays, false-path exceptions, or max skew assignments found ;
; x1[1]      ; No input delay, min/max delays, false-path exceptions, or max skew assignments found ;
; x1[2]      ; No input delay, min/max delays, false-path exceptions, or max skew assignments found ;
; x1[3]      ; No input delay, min/max delays, false-path exceptions, or max skew assignments found ;
; x1[4]      ; No input delay, min/max delays, false-path exceptions, or max skew assignments found ;
; x1[5]      ; No input delay, min/max delays, false-path exceptions, or max skew assignments found ;
; x1[6]      ; No input delay, min/max delays, false-path exceptions, or max skew assignments found ;
; x1[7]      ; No input delay, min/max delays, false-path exceptions, or max skew assignments found ;
; x1[8]      ; No input delay, min/max delays, false-path exceptions, or max skew assignments found ;
; x2[0]      ; No input delay, min/max delays, false-path exceptions, or max skew assignments found ;
; x2[1]      ; No input delay, min/max delays, false-path exceptions, or max skew assignments found ;
; x2[2]      ; No input delay, min/max delays, false-path exceptions, or max skew assignments found ;
; x2[3]      ; No input delay, min/max delays, false-path exceptions, or max skew assignments found ;
; x2[4]      ; No input delay, min/max delays, false-path exceptions, or max skew assignments found ;
; x2[5]      ; No input delay, min/max delays, false-path exceptions, or max skew assignments found ;
; x2[6]      ; No input delay, min/max delays, false-path exceptions, or max skew assignments found ;
; x2[7]      ; No input delay, min/max delays, false-path exceptions, or max skew assignments found ;
; x2[8]      ; No input delay, min/max delays, false-path exceptions, or max skew assignments found ;
; x3[0]      ; No input delay, min/max delays, false-path exceptions, or max skew assignments found ;
; x3[1]      ; No input delay, min/max delays, false-path exceptions, or max skew assignments found ;
; x3[2]      ; No input delay, min/max delays, false-path exceptions, or max skew assignments found ;
; x3[3]      ; No input delay, min/max delays, false-path exceptions, or max skew assignments found ;
; x3[4]      ; No input delay, min/max delays, false-path exceptions, or max skew assignments found ;
; x3[5]      ; No input delay, min/max delays, false-path exceptions, or max skew assignments found ;
; x3[6]      ; No input delay, min/max delays, false-path exceptions, or max skew assignments found ;
; x3[7]      ; No input delay, min/max delays, false-path exceptions, or max skew assignments found ;
; x3[8]      ; No input delay, min/max delays, false-path exceptions, or max skew assignments found ;
; y1[0]      ; No input delay, min/max delays, false-path exceptions, or max skew assignments found ;
; y1[1]      ; No input delay, min/max delays, false-path exceptions, or max skew assignments found ;
; y1[2]      ; No input delay, min/max delays, false-path exceptions, or max skew assignments found ;
; y1[3]      ; No input delay, min/max delays, false-path exceptions, or max skew assignments found ;
; y1[4]      ; No input delay, min/max delays, false-path exceptions, or max skew assignments found ;
; y1[5]      ; No input delay, min/max delays, false-path exceptions, or max skew assignments found ;
; y1[6]      ; No input delay, min/max delays, false-path exceptions, or max skew assignments found ;
; y1[7]      ; No input delay, min/max delays, false-path exceptions, or max skew assignments found ;
; y1[8]      ; No input delay, min/max delays, false-path exceptions, or max skew assignments found ;
; y2[0]      ; No input delay, min/max delays, false-path exceptions, or max skew assignments found ;
; y2[1]      ; No input delay, min/max delays, false-path exceptions, or max skew assignments found ;
; y2[2]      ; No input delay, min/max delays, false-path exceptions, or max skew assignments found ;
; y2[3]      ; No input delay, min/max delays, false-path exceptions, or max skew assignments found ;
; y2[4]      ; No input delay, min/max delays, false-path exceptions, or max skew assignments found ;
; y2[5]      ; No input delay, min/max delays, false-path exceptions, or max skew assignments found ;
; y2[6]      ; No input delay, min/max delays, false-path exceptions, or max skew assignments found ;
; y2[7]      ; No input delay, min/max delays, false-path exceptions, or max skew assignments found ;
; y2[8]      ; No input delay, min/max delays, false-path exceptions, or max skew assignments found ;
; y3[0]      ; No input delay, min/max delays, false-path exceptions, or max skew assignments found ;
; y3[1]      ; No input delay, min/max delays, false-path exceptions, or max skew assignments found ;
; y3[2]      ; No input delay, min/max delays, false-path exceptions, or max skew assignments found ;
; y3[3]      ; No input delay, min/max delays, false-path exceptions, or max skew assignments found ;
; y3[4]      ; No input delay, min/max delays, false-path exceptions, or max skew assignments found ;
; y3[5]      ; No input delay, min/max delays, false-path exceptions, or max skew assignments found ;
; y3[6]      ; No input delay, min/max delays, false-path exceptions, or max skew assignments found ;
; y3[7]      ; No input delay, min/max delays, false-path exceptions, or max skew assignments found ;
; y3[8]      ; No input delay, min/max delays, false-path exceptions, or max skew assignments found ;
+------------+--------------------------------------------------------------------------------------+


+-----------------------------------------------------------------------------------------------------+
; Unconstrained Output Ports                                                                          ;
+-------------+---------------------------------------------------------------------------------------+
; Output Port ; Comment                                                                               ;
+-------------+---------------------------------------------------------------------------------------+
; done        ; No output delay, min/max delays, false-path exceptions, or max skew assignments found ;
; pixel_out   ; No output delay, min/max delays, false-path exceptions, or max skew assignments found ;
+-------------+---------------------------------------------------------------------------------------+


+---------------------------------------------------------------------------------------------------+
; Unconstrained Input Ports                                                                         ;
+------------+--------------------------------------------------------------------------------------+
; Input Port ; Comment                                                                              ;
+------------+--------------------------------------------------------------------------------------+
; rst_n      ; No input delay, min/max delays, false-path exceptions, or max skew assignments found ;
; start      ; No input delay, min/max delays, false-path exceptions, or max skew assignments found ;
; x1[0]      ; No input delay, min/max delays, false-path exceptions, or max skew assignments found ;
; x1[1]      ; No input delay, min/max delays, false-path exceptions, or max skew assignments found ;
; x1[2]      ; No input delay, min/max delays, false-path exceptions, or max skew assignments found ;
; x1[3]      ; No input delay, min/max delays, false-path exceptions, or max skew assignments found ;
; x1[4]      ; No input delay, min/max delays, false-path exceptions, or max skew assignments found ;
; x1[5]      ; No input delay, min/max delays, false-path exceptions, or max skew assignments found ;
; x1[6]      ; No input delay, min/max delays, false-path exceptions, or max skew assignments found ;
; x1[7]      ; No input delay, min/max delays, false-path exceptions, or max skew assignments found ;
; x1[8]      ; No input delay, min/max delays, false-path exceptions, or max skew assignments found ;
; x2[0]      ; No input delay, min/max delays, false-path exceptions, or max skew assignments found ;
; x2[1]      ; No input delay, min/max delays, false-path exceptions, or max skew assignments found ;
; x2[2]      ; No input delay, min/max delays, false-path exceptions, or max skew assignments found ;
; x2[3]      ; No input delay, min/max delays, false-path exceptions, or max skew assignments found ;
; x2[4]      ; No input delay, min/max delays, false-path exceptions, or max skew assignments found ;
; x2[5]      ; No input delay, min/max delays, false-path exceptions, or max skew assignments found ;
; x2[6]      ; No input delay, min/max delays, false-path exceptions, or max skew assignments found ;
; x2[7]      ; No input delay, min/max delays, false-path exceptions, or max skew assignments found ;
; x2[8]      ; No input delay, min/max delays, false-path exceptions, or max skew assignments found ;
; x3[0]      ; No input delay, min/max delays, false-path exceptions, or max skew assignments found ;
; x3[1]      ; No input delay, min/max delays, false-path exceptions, or max skew assignments found ;
; x3[2]      ; No input delay, min/max delays, false-path exceptions, or max skew assignments found ;
; x3[3]      ; No input delay, min/max delays, false-path exceptions, or max skew assignments found ;
; x3[4]      ; No input delay, min/max delays, false-path exceptions, or max skew assignments found ;
; x3[5]      ; No input delay, min/max delays, false-path exceptions, or max skew assignments found ;
; x3[6]      ; No input delay, min/max delays, false-path exceptions, or max skew assignments found ;
; x3[7]      ; No input delay, min/max delays, false-path exceptions, or max skew assignments found ;
; x3[8]      ; No input delay, min/max delays, false-path exceptions, or max skew assignments found ;
; y1[0]      ; No input delay, min/max delays, false-path exceptions, or max skew assignments found ;
; y1[1]      ; No input delay, min/max delays, false-path exceptions, or max skew assignments found ;
; y1[2]      ; No input delay, min/max delays, false-path exceptions, or max skew assignments found ;
; y1[3]      ; No input delay, min/max delays, false-path exceptions, or max skew assignments found ;
; y1[4]      ; No input delay, min/max delays, false-path exceptions, or max skew assignments found ;
; y1[5]      ; No input delay, min/max delays, false-path exceptions, or max skew assignments found ;
; y1[6]      ; No input delay, min/max delays, false-path exceptions, or max skew assignments found ;
; y1[7]      ; No input delay, min/max delays, false-path exceptions, or max skew assignments found ;
; y1[8]      ; No input delay, min/max delays, false-path exceptions, or max skew assignments found ;
; y2[0]      ; No input delay, min/max delays, false-path exceptions, or max skew assignments found ;
; y2[1]      ; No input delay, min/max delays, false-path exceptions, or max skew assignments found ;
; y2[2]      ; No input delay, min/max delays, false-path exceptions, or max skew assignments found ;
; y2[3]      ; No input delay, min/max delays, false-path exceptions, or max skew assignments found ;
; y2[4]      ; No input delay, min/max delays, false-path exceptions, or max skew assignments found ;
; y2[5]      ; No input delay, min/max delays, false-path exceptions, or max skew assignments found ;
; y2[6]      ; No input delay, min/max delays, false-path exceptions, or max skew assignments found ;
; y2[7]      ; No input delay, min/max delays, false-path exceptions, or max skew assignments found ;
; y2[8]      ; No input delay, min/max delays, false-path exceptions, or max skew assignments found ;
; y3[0]      ; No input delay, min/max delays, false-path exceptions, or max skew assignments found ;
; y3[1]      ; No input delay, min/max delays, false-path exceptions, or max skew assignments found ;
; y3[2]      ; No input delay, min/max delays, false-path exceptions, or max skew assignments found ;
; y3[3]      ; No input delay, min/max delays, false-path exceptions, or max skew assignments found ;
; y3[4]      ; No input delay, min/max delays, false-path exceptions, or max skew assignments found ;
; y3[5]      ; No input delay, min/max delays, false-path exceptions, or max skew assignments found ;
; y3[6]      ; No input delay, min/max delays, false-path exceptions, or max skew assignments found ;
; y3[7]      ; No input delay, min/max delays, false-path exceptions, or max skew assignments found ;
; y3[8]      ; No input delay, min/max delays, false-path exceptions, or max skew assignments found ;
+------------+--------------------------------------------------------------------------------------+


+-----------------------------------------------------------------------------------------------------+
; Unconstrained Output Ports                                                                          ;
+-------------+---------------------------------------------------------------------------------------+
; Output Port ; Comment                                                                               ;
+-------------+---------------------------------------------------------------------------------------+
; done        ; No output delay, min/max delays, false-path exceptions, or max skew assignments found ;
; pixel_out   ; No output delay, min/max delays, false-path exceptions, or max skew assignments found ;
+-------------+---------------------------------------------------------------------------------------+


+--------------------------+
; Timing Analyzer Messages ;
+--------------------------+
Info: *******************************************************************
Info: Running Quartus Prime Timing Analyzer
    Info: Version 25.1std.0 Build 1129 10/21/2025 SC Lite Edition
    Info: Processing started: Wed Aug 26 11:46:32 2026
Info: Command: quartus_sta optimized_benchmark -c optimized_benchmark
Info: qsta_default_script.tcl version: #1
Info (20032): Parallel compilation is enabled and will use up to 10 processors
Info (21076): High junction temperature operating condition is not set. Assuming a default value of '85'.
Info (21076): Low junction temperature operating condition is not set. Assuming a default value of '0'.
Info (332104): Reading SDC File: 'rasterizer_benchmark.sdc'
Info (332151): Clock uncertainty is not calculated until you update the timing netlist.
Info (332123): Deriving Clock Uncertainty. Please refer to report_sdc in the Timing Analyzer to see clock uncertainties.
Info: Found TIMING_ANALYZER_REPORT_SCRIPT_INCLUDE_DEFAULT_ANALYSIS = ON
Info: Analyzing Slow 1200mV 85C Model
Critical Warning (332148): Timing requirements not met
    Info (11105): For recommendations on closing timing, run Report Timing Closure Recommendations in the Timing Analyzer.
Info (332146): Worst-case setup slack is -10.475
    Info (332119):     Slack       End Point TNS Clock 
    Info (332119): ========= =================== =====================
    Info (332119):   -10.475           -1453.112 raster_clk 
Info (332146): Worst-case hold slack is 0.430
    Info (332119):     Slack       End Point TNS Clock 
    Info (332119): ========= =================== =====================
    Info (332119):     0.430               0.000 raster_clk 
Info (332140): No Recovery paths to report
Info (332140): No Removal paths to report
Info (332146): Worst-case minimum pulse width slack is -3.201
    Info (332119):     Slack       End Point TNS Clock 
    Info (332119): ========= =================== =====================
    Info (332119):    -3.201            -506.093 raster_clk 
Info: Analyzing Slow 1200mV 0C Model
Info (334003): Started post-fitting delay annotation
Info (334004): Delay annotation completed successfully
Info (332123): Deriving Clock Uncertainty. Please refer to report_sdc in the Timing Analyzer to see clock uncertainties.
Critical Warning (332148): Timing requirements not met
    Info (11105): For recommendations on closing timing, run Report Timing Closure Recommendations in the Timing Analyzer.
Info (332146): Worst-case setup slack is -9.694
    Info (332119):     Slack       End Point TNS Clock 
    Info (332119): ========= =================== =====================
    Info (332119):    -9.694           -1336.422 raster_clk 
Info (332146): Worst-case hold slack is 0.385
    Info (332119):     Slack       End Point TNS Clock 
    Info (332119): ========= =================== =====================
    Info (332119):     0.385               0.000 raster_clk 
Info (332140): No Recovery paths to report
Info (332140): No Removal paths to report
Info (332146): Worst-case minimum pulse width slack is -3.201
    Info (332119):     Slack       End Point TNS Clock 
    Info (332119): ========= =================== =====================
    Info (332119):    -3.201            -506.093 raster_clk 
Info: Analyzing Fast 1200mV 0C Model
Info (332123): Deriving Clock Uncertainty. Please refer to report_sdc in the Timing Analyzer to see clock uncertainties.
Critical Warning (332148): Timing requirements not met
    Info (11105): For recommendations on closing timing, run Report Timing Closure Recommendations in the Timing Analyzer.
Info (332146): Worst-case setup slack is -3.961
    Info (332119):     Slack       End Point TNS Clock 
    Info (332119): ========= =================== =====================
    Info (332119):    -3.961            -490.468 raster_clk 
Info (332146): Worst-case hold slack is 0.148
    Info (332119):     Slack       End Point TNS Clock 
    Info (332119): ========= =================== =====================
    Info (332119):     0.148               0.000 raster_clk 
Info (332140): No Recovery paths to report
Info (332140): No Removal paths to report
Info (332146): Worst-case minimum pulse width slack is -3.000
    Info (332119):     Slack       End Point TNS Clock 
    Info (332119): ========= =================== =====================
    Info (332119):    -3.000            -309.493 raster_clk 
Info (332102): Design is not fully constrained for setup requirements
Info (332102): Design is not fully constrained for hold requirements
Info: Quartus Prime Timing Analyzer was successful. 0 errors, 3 warnings
    Info: Peak virtual memory: 4873 megabytes
    Info: Processing ended: Wed Aug 26 11:46:36 2026
    Info: Elapsed time: 00:00:04
    Info: Total CPU time (on all processors): 00:00:04


