Fitter report for optimized_benchmark
Wed Aug 26 11:46:27 2026
Quartus Prime Version 25.1std.0 Build 1129 10/21/2025 SC Lite Edition


---------------------
; Table of Contents ;
---------------------
  1. Legal Notice
  2. Fitter Summary
  3. Fitter Settings
  4. Parallel Compilation
  5. Incremental Compilation Preservation Summary
  6. Incremental Compilation Partition Settings
  7. Incremental Compilation Placement Preservation
  8. Pin-Out File
  9. Fitter Resource Usage Summary
 10. Fitter Partition Statistics
 11. Input Pins
 12. Output Pins
 13. Dual Purpose and Dedicated Pins
 14. I/O Bank Usage
 15. All Package Pins
 16. I/O Assignment Warnings
 17. Fitter Resource Utilization by Entity
 18. Delay Chain Summary
 19. Pad To Core Delay Chain Fanout
 20. Control Signals
 21. Global & Other Fast Signals
 22. Fitter RAM Summary
 23. Fitter DSP Block Usage Summary
 24. DSP Block Details
 25. Routing Usage Summary
 26. LAB Logic Elements
 27. LAB-wide Signals
 28. LAB Signals Sourced
 29. LAB Signals Sourced Out
 30. LAB Distinct Inputs
 31. I/O Rules Summary
 32. I/O Rules Details
 33. I/O Rules Matrix
 34. Fitter Device Options
 35. Operating Settings and Conditions
 36. Fitter Messages
 37. Fitter Suppressed Messages



----------------
; Legal Notice ;
----------------
Copyright (C) 2025  Altera Corporation. All rights reserved.
Your use of Altera Corporation's design tools, logic functions 
and other software and tools, and any partner logic 
functions, and any output files from any of the foregoing 
(including device programming or simulation files), and any 
associated documentation or information are expressly subject 
to the terms and conditions of the Altera Program License 
Subscription Agreement, the Altera Quartus Prime License Agreement,
the Altera IP License Agreement, or other applicable license
agreement, including, without limitation, that your use is for
the sole purpose of programming logic devices manufactured by
Altera and sold by Altera or its authorized distributors.  Please
refer to the Altera Software License Subscription Agreements 
on the Quartus Prime software download page.



+--------------------------------------------------------------------------------------+
; Fitter Summary                                                                       ;
+------------------------------------+-------------------------------------------------+
; Fitter Status                      ; Successful - Wed Aug 26 11:46:27 2026           ;
; Quartus Prime Version              ; 25.1std.0 Build 1129 10/21/2025 SC Lite Edition ;
; Revision Name                      ; optimized_benchmark                             ;
; Top-level Entity Name              ; rasterizer_benchmark                            ;
; Family                             ; Cyclone IV E                                    ;
; Device                             ; EP4CE6E22C8                                     ;
; Timing Models                      ; Final                                           ;
; Total logic elements               ; 1,405 / 6,272 ( 22 % )                          ;
;     Total combinational functions  ; 1,355 / 6,272 ( 22 % )                          ;
;     Dedicated logic registers      ; 235 / 6,272 ( 4 % )                             ;
; Total registers                    ; 235                                             ;
; Total pins                         ; 59 / 92 ( 64 % )                                ;
; Total virtual pins                 ; 0                                               ;
; Total memory bits                  ; 76,800 / 276,480 ( 28 % )                       ;
; Embedded Multiplier 9-bit elements ; 12 / 30 ( 40 % )                                ;
; Total PLLs                         ; 0 / 2 ( 0 % )                                   ;
+------------------------------------+-------------------------------------------------+


+----------------------------------------------------------------------------------------------------------------------------------------------------+
; Fitter Settings                                                                                                                                    ;
+--------------------------------------------------------------------+---------------------------------------+---------------------------------------+
; Option                                                             ; Setting                               ; Default Value                         ;
+--------------------------------------------------------------------+---------------------------------------+---------------------------------------+
; Device                                                             ; EP4CE6E22C8                           ;                                       ;
; Maximum processors allowed for parallel compilation                ; 10                                    ;                                       ;
; Router Timing Optimization Level                                   ; MAXIMUM                               ; Normal                                ;
; Placement Effort Multiplier                                        ; 4.0                                   ; 1.0                                   ;
; Fit Attempts to Skip                                               ; 0                                     ; 0.0                                   ;
; Perform Physical Synthesis for Combinational Logic for Performance ; On                                    ; Off                                   ;
; Perform Register Retiming for Performance                          ; On                                    ; Off                                   ;
; Fitter Effort                                                      ; Standard Fit                          ; Auto Fit                              ;
; Use smart compilation                                              ; Off                                   ; Off                                   ;
; Enable parallel Assembler and Timing Analyzer during compilation   ; On                                    ; On                                    ;
; Enable compact report table                                        ; Off                                   ; Off                                   ;
; Auto Merge PLLs                                                    ; On                                    ; On                                    ;
; Perform Clocking Topology Analysis During Routing                  ; Off                                   ; Off                                   ;
; Router Effort Multiplier                                           ; 1.0                                   ; 1.0                                   ;
; Optimize Hold Timing                                               ; All Paths                             ; All Paths                             ;
; Optimize Multi-Corner Timing                                       ; On                                    ; On                                    ;
; Power Optimization During Fitting                                  ; Normal compilation                    ; Normal compilation                    ;
; SSN Optimization                                                   ; Off                                   ; Off                                   ;
; Optimize Timing                                                    ; Normal compilation                    ; Normal compilation                    ;
; Optimize Timing for ECOs                                           ; Off                                   ; Off                                   ;
; Regenerate Full Fit Report During ECO Compiles                     ; Off                                   ; Off                                   ;
; Optimize IOC Register Placement for Timing                         ; Normal                                ; Normal                                ;
; Limit to One Fitting Attempt                                       ; Off                                   ; Off                                   ;
; Final Placement Optimizations                                      ; Automatically                         ; Automatically                         ;
; Fitter Aggressive Routability Optimizations                        ; Automatically                         ; Automatically                         ;
; Fitter Initial Placement Seed                                      ; 1                                     ; 1                                     ;
; Periphery to Core Placement and Routing Optimization               ; Off                                   ; Off                                   ;
; PCI I/O                                                            ; Off                                   ; Off                                   ;
; Weak Pull-Up Resistor                                              ; Off                                   ; Off                                   ;
; Enable Bus-Hold Circuitry                                          ; Off                                   ; Off                                   ;
; Auto Packed Registers                                              ; Auto                                  ; Auto                                  ;
; Auto Delay Chains                                                  ; On                                    ; On                                    ;
; Auto Delay Chains for High Fanout Input Pins                       ; Off                                   ; Off                                   ;
; Allow Single-ended Buffer for Differential-XSTL Input              ; Off                                   ; Off                                   ;
; Treat Bidirectional Pin as Output Pin                              ; Off                                   ; Off                                   ;
; Perform Physical Synthesis for Combinational Logic for Fitting     ; Off                                   ; Off                                   ;
; Perform Register Duplication for Performance                       ; Off                                   ; Off                                   ;
; Perform Logic to Memory Mapping for Fitting                        ; Off                                   ; Off                                   ;
; Perform Asynchronous Signal Pipelining                             ; Off                                   ; Off                                   ;
; Physical Synthesis Effort Level                                    ; Normal                                ; Normal                                ;
; Logic Cell Insertion - Logic Duplication                           ; Auto                                  ; Auto                                  ;
; Auto Register Duplication                                          ; Auto                                  ; Auto                                  ;
; Auto Global Clock                                                  ; On                                    ; On                                    ;
; Auto Global Register Control Signals                               ; On                                    ; On                                    ;
; Reserve all unused pins                                            ; As input tri-stated with weak pull-up ; As input tri-stated with weak pull-up ;
; Synchronizer Identification                                        ; Auto                                  ; Auto                                  ;
; Enable Beneficial Skew Optimization                                ; On                                    ; On                                    ;
; Optimize Design for Metastability                                  ; On                                    ; On                                    ;
; Force Fitter to Avoid Periphery Placement Warnings                 ; Off                                   ; Off                                   ;
; Enable input tri-state on active configuration pins in user mode   ; Off                                   ; Off                                   ;
+--------------------------------------------------------------------+---------------------------------------+---------------------------------------+


+------------------------------------------+
; Parallel Compilation                     ;
+----------------------------+-------------+
; Processors                 ; Number      ;
+----------------------------+-------------+
; Number detected on machine ; 12          ;
; Maximum allowed            ; 10          ;
;                            ;             ;
; Average used               ; 1.13        ;
; Maximum used               ; 10          ;
;                            ;             ;
; Usage by Processor         ; % Time Used ;
;     Processor 1            ; 100.0%      ;
;     Processor 2            ;   1.9%      ;
;     Processor 3            ;   1.7%      ;
;     Processor 4            ;   1.6%      ;
;     Processor 5            ;   1.5%      ;
;     Processor 6            ;   1.4%      ;
;     Processor 7            ;   1.4%      ;
;     Processor 8            ;   1.3%      ;
;     Processors 9-10        ;   1.3%      ;
+----------------------------+-------------+


+---------------------------------------------------------------------------------------------------+
; Incremental Compilation Preservation Summary                                                      ;
+---------------------+---------------------+----------------------------+--------------------------+
; Type                ; Total [A + B]       ; From Design Partitions [A] ; From Rapid Recompile [B] ;
+---------------------+---------------------+----------------------------+--------------------------+
; Placement (by node) ;                     ;                            ;                          ;
;     -- Requested    ; 0.00 % ( 0 / 1749 ) ; 0.00 % ( 0 / 1749 )        ; 0.00 % ( 0 / 1749 )      ;
;     -- Achieved     ; 0.00 % ( 0 / 1749 ) ; 0.00 % ( 0 / 1749 )        ; 0.00 % ( 0 / 1749 )      ;
;                     ;                     ;                            ;                          ;
; Routing (by net)    ;                     ;                            ;                          ;
;     -- Requested    ; 0.00 % ( 0 / 0 )    ; 0.00 % ( 0 / 0 )           ; 0.00 % ( 0 / 0 )         ;
;     -- Achieved     ; 0.00 % ( 0 / 0 )    ; 0.00 % ( 0 / 0 )           ; 0.00 % ( 0 / 0 )         ;
+---------------------+---------------------+----------------------------+--------------------------+


+----------------------------------------------------------------------------------------------------------------------------------------------------------------------------------------+
; Incremental Compilation Partition Settings                                                                                                                                             ;
+--------------------------------+----------------+-------------------+-------------------------+------------------------+------------------------------+--------------------------------+
; Partition Name                 ; Partition Type ; Netlist Type Used ; Preservation Level Used ; Netlist Type Requested ; Preservation Level Requested ; Contents                       ;
+--------------------------------+----------------+-------------------+-------------------------+------------------------+------------------------------+--------------------------------+
; Top                            ; User-created   ; Source File       ; N/A                     ; Source File            ; N/A                          ;                                ;
; hard_block:auto_generated_inst ; Auto-generated ; Source File       ; N/A                     ; Source File            ; N/A                          ; hard_block:auto_generated_inst ;
+--------------------------------+----------------+-------------------+-------------------------+------------------------+------------------------------+--------------------------------+


+------------------------------------------------------------------------------------------------------------------------------------+
; Incremental Compilation Placement Preservation                                                                                     ;
+--------------------------------+-----------------------+-------------------------+-------------------+---------------------+-------+
; Partition Name                 ; Preservation Achieved ; Preservation Level Used ; Netlist Type Used ; Preservation Method ; Notes ;
+--------------------------------+-----------------------+-------------------------+-------------------+---------------------+-------+
; Top                            ; 0.00 % ( 0 / 1739 )   ; N/A                     ; Source File       ; N/A                 ;       ;
; hard_block:auto_generated_inst ; 0.00 % ( 0 / 10 )     ; N/A                     ; Source File       ; N/A                 ;       ;
+--------------------------------+-----------------------+-------------------------+-------------------+---------------------+-------+


+--------------+
; Pin-Out File ;
+--------------+
The pin-out file can be found in C:/Users/rohan/OneDrive/Desktop/FPGA_Rasterizer/benchmarks/optimized/output_files/optimized_benchmark.pin.


+--------------------------------------------------------------------------+
; Fitter Resource Usage Summary                                            ;
+---------------------------------------------+----------------------------+
; Resource                                    ; Usage                      ;
+---------------------------------------------+----------------------------+
; Total logic elements                        ; 1,405 / 6,272 ( 22 % )     ;
;     -- Combinational with no register       ; 1170                       ;
;     -- Register only                        ; 50                         ;
;     -- Combinational with a register        ; 185                        ;
;                                             ;                            ;
; Logic element usage by number of LUT inputs ;                            ;
;     -- 4 input functions                    ; 244                        ;
;     -- 3 input functions                    ; 910                        ;
;     -- <=2 input functions                  ; 201                        ;
;     -- Register only                        ; 50                         ;
;                                             ;                            ;
; Logic elements by mode                      ;                            ;
;     -- normal mode                          ; 421                        ;
;     -- arithmetic mode                      ; 934                        ;
;                                             ;                            ;
; Total registers*                            ; 235 / 6,684 ( 4 % )        ;
;     -- Dedicated logic registers            ; 235 / 6,272 ( 4 % )        ;
;     -- I/O registers                        ; 0 / 412 ( 0 % )            ;
;                                             ;                            ;
; Total LABs:  partially or completely used   ; 104 / 392 ( 27 % )         ;
; Virtual pins                                ; 0                          ;
; I/O pins                                    ; 59 / 92 ( 64 % )           ;
;     -- Clock pins                           ; 4 / 3 ( 133 % )            ;
;     -- Dedicated input pins                 ; 0 / 9 ( 0 % )              ;
;                                             ;                            ;
; M9Ks                                        ; 16 / 30 ( 53 % )           ;
; Total block memory bits                     ; 76,800 / 276,480 ( 28 % )  ;
; Total block memory implementation bits      ; 147,456 / 276,480 ( 53 % ) ;
; Embedded Multiplier 9-bit elements          ; 12 / 30 ( 40 % )           ;
; PLLs                                        ; 0 / 2 ( 0 % )              ;
; Global signals                              ; 2                          ;
;     -- Global clocks                        ; 2 / 10 ( 20 % )            ;
; JTAGs                                       ; 0 / 1 ( 0 % )              ;
; CRC blocks                                  ; 0 / 1 ( 0 % )              ;
; ASMI blocks                                 ; 0 / 1 ( 0 % )              ;
; Oscillator blocks                           ; 0 / 1 ( 0 % )              ;
; Impedance control blocks                    ; 0 / 4 ( 0 % )              ;
; Average interconnect usage (total/H/V)      ; 5.9% / 5.6% / 6.4%         ;
; Peak interconnect usage (total/H/V)         ; 16.2% / 14.5% / 18.4%      ;
; Maximum fan-out                             ; 251                        ;
; Highest non-global fan-out                  ; 129                        ;
; Total fan-out                               ; 5430                       ;
; Average fan-out                             ; 3.03                       ;
+---------------------------------------------+----------------------------+
*  Register count does not include registers inside RAM blocks or DSP blocks.



+-----------------------------------------------------------------------------------------------------+
; Fitter Partition Statistics                                                                         ;
+---------------------------------------------+----------------------+--------------------------------+
; Statistic                                   ; Top                  ; hard_block:auto_generated_inst ;
+---------------------------------------------+----------------------+--------------------------------+
; Difficulty Clustering Region                ; Low                  ; Low                            ;
;                                             ;                      ;                                ;
; Total logic elements                        ; 1405 / 6272 ( 22 % ) ; 0 / 6272 ( 0 % )               ;
;     -- Combinational with no register       ; 1170                 ; 0                              ;
;     -- Register only                        ; 50                   ; 0                              ;
;     -- Combinational with a register        ; 185                  ; 0                              ;
;                                             ;                      ;                                ;
; Logic element usage by number of LUT inputs ;                      ;                                ;
;     -- 4 input functions                    ; 244                  ; 0                              ;
;     -- 3 input functions                    ; 910                  ; 0                              ;
;     -- <=2 input functions                  ; 201                  ; 0                              ;
;     -- Register only                        ; 50                   ; 0                              ;
;                                             ;                      ;                                ;
; Logic elements by mode                      ;                      ;                                ;
;     -- normal mode                          ; 421                  ; 0                              ;
;     -- arithmetic mode                      ; 934                  ; 0                              ;
;                                             ;                      ;                                ;
; Total registers                             ; 235                  ; 0                              ;
;     -- Dedicated logic registers            ; 235 / 6272 ( 4 % )   ; 0 / 6272 ( 0 % )               ;
;     -- I/O registers                        ; 0                    ; 0                              ;
;                                             ;                      ;                                ;
; Total LABs:  partially or completely used   ; 104 / 392 ( 27 % )   ; 0 / 392 ( 0 % )                ;
;                                             ;                      ;                                ;
; Virtual pins                                ; 0                    ; 0                              ;
; I/O pins                                    ; 59                   ; 0                              ;
; Embedded Multiplier 9-bit elements          ; 12 / 30 ( 40 % )     ; 0 / 30 ( 0 % )                 ;
; Total memory bits                           ; 76800                ; 0                              ;
; Total RAM block bits                        ; 147456               ; 0                              ;
; M9K                                         ; 16 / 30 ( 53 % )     ; 0 / 30 ( 0 % )                 ;
; Clock control block                         ; 2 / 12 ( 16 % )      ; 0 / 12 ( 0 % )                 ;
;                                             ;                      ;                                ;
; Connections                                 ;                      ;                                ;
;     -- Input Connections                    ; 0                    ; 0                              ;
;     -- Registered Input Connections         ; 0                    ; 0                              ;
;     -- Output Connections                   ; 0                    ; 0                              ;
;     -- Registered Output Connections        ; 0                    ; 0                              ;
;                                             ;                      ;                                ;
; Internal Connections                        ;                      ;                                ;
;     -- Total Connections                    ; 5635                 ; 5                              ;
;     -- Registered Connections               ; 2338                 ; 0                              ;
;                                             ;                      ;                                ;
; External Connections                        ;                      ;                                ;
;     -- Top                                  ; 0                    ; 0                              ;
;     -- hard_block:auto_generated_inst       ; 0                    ; 0                              ;
;                                             ;                      ;                                ;
; Partition Interface                         ;                      ;                                ;
;     -- Input Ports                          ; 57                   ; 0                              ;
;     -- Output Ports                         ; 2                    ; 0                              ;
;     -- Bidir Ports                          ; 0                    ; 0                              ;
;                                             ;                      ;                                ;
; Registered Ports                            ;                      ;                                ;
;     -- Registered Input Ports               ; 0                    ; 0                              ;
;     -- Registered Output Ports              ; 0                    ; 0                              ;
;                                             ;                      ;                                ;
; Port Connectivity                           ;                      ;                                ;
;     -- Input Ports driven by GND            ; 0                    ; 0                              ;
;     -- Output Ports driven by GND           ; 0                    ; 0                              ;
;     -- Input Ports driven by VCC            ; 0                    ; 0                              ;
;     -- Output Ports driven by VCC           ; 0                    ; 0                              ;
;     -- Input Ports with no Source           ; 0                    ; 0                              ;
;     -- Output Ports with no Source          ; 0                    ; 0                              ;
;     -- Input Ports with no Fanout           ; 0                    ; 0                              ;
;     -- Output Ports with no Fanout          ; 0                    ; 0                              ;
+---------------------------------------------+----------------------+--------------------------------+


+----------------------------------------------------------------------------------------------------------------------------------------------------------------------------------------------------------------------------------------------------------------------------------------+
; Input Pins                                                                                                                                                                                                                                                                             ;
+-------+-------+----------+--------------+--------------+--------------+-----------------------+--------------------+--------+----------------+---------------+-----------------+----------+--------------+--------------+---------------------------+----------------------+-----------+
; Name  ; Pin # ; I/O Bank ; X coordinate ; Y coordinate ; Z coordinate ; Combinational Fan-Out ; Registered Fan-Out ; Global ; Input Register ; Power Up High ; PCI I/O Enabled ; Bus Hold ; Weak Pull Up ; I/O Standard ; Termination Control Block ; Location assigned by ; Slew Rate ;
+-------+-------+----------+--------------+--------------+--------------+-----------------------+--------------------+--------+----------------+---------------+-----------------+----------+--------------+--------------+---------------------------+----------------------+-----------+
; clk   ; 23    ; 1        ; 0            ; 11           ; 7            ; 251                   ; 0                  ; yes    ; no             ; no            ; yes             ; no       ; Off          ; 2.5 V        ; --                        ; Fitter               ; no        ;
; rst_n ; 24    ; 2        ; 0            ; 11           ; 14           ; 29                    ; 0                  ; yes    ; no             ; no            ; yes             ; no       ; Off          ; 2.5 V        ; --                        ; Fitter               ; no        ;
; start ; 99    ; 6        ; 34           ; 17           ; 14           ; 3                     ; 0                  ; no     ; no             ; no            ; yes             ; no       ; Off          ; 2.5 V        ; --                        ; Fitter               ; no        ;
; x1[0] ; 115   ; 7        ; 28           ; 24           ; 21           ; 1                     ; 0                  ; no     ; no             ; no            ; yes             ; no       ; Off          ; 2.5 V        ; --                        ; Fitter               ; no        ;
; x1[1] ; 66    ; 4        ; 28           ; 0            ; 0            ; 1                     ; 0                  ; no     ; no             ; no            ; yes             ; no       ; Off          ; 2.5 V        ; --                        ; Fitter               ; no        ;
; x1[2] ; 83    ; 5        ; 34           ; 9            ; 21           ; 1                     ; 0                  ; no     ; no             ; no            ; yes             ; no       ; Off          ; 2.5 V        ; --                        ; Fitter               ; no        ;
; x1[3] ; 69    ; 4        ; 30           ; 0            ; 0            ; 1                     ; 0                  ; no     ; no             ; no            ; yes             ; no       ; Off          ; 2.5 V        ; --                        ; Fitter               ; no        ;
; x1[4] ; 104   ; 6        ; 34           ; 18           ; 0            ; 1                     ; 0                  ; no     ; no             ; no            ; yes             ; no       ; Off          ; 2.5 V        ; --                        ; Fitter               ; no        ;
; x1[5] ; 67    ; 4        ; 30           ; 0            ; 21           ; 1                     ; 0                  ; no     ; no             ; no            ; yes             ; no       ; Off          ; 2.5 V        ; --                        ; Fitter               ; no        ;
; x1[6] ; 113   ; 7        ; 28           ; 24           ; 7            ; 1                     ; 0                  ; no     ; no             ; no            ; yes             ; no       ; Off          ; 2.5 V        ; --                        ; Fitter               ; no        ;
; x1[7] ; 71    ; 4        ; 32           ; 0            ; 14           ; 1                     ; 0                  ; no     ; no             ; no            ; yes             ; no       ; Off          ; 2.5 V        ; --                        ; Fitter               ; no        ;
; x1[8] ; 106   ; 6        ; 34           ; 20           ; 7            ; 1                     ; 0                  ; no     ; no             ; no            ; yes             ; no       ; Off          ; 2.5 V        ; --                        ; Fitter               ; no        ;
; x2[0] ; 80    ; 5        ; 34           ; 7            ; 7            ; 1                     ; 0                  ; no     ; no             ; no            ; yes             ; no       ; Off          ; 2.5 V        ; --                        ; Fitter               ; no        ;
; x2[1] ; 114   ; 7        ; 28           ; 24           ; 14           ; 1                     ; 0                  ; no     ; no             ; no            ; yes             ; no       ; Off          ; 2.5 V        ; --                        ; Fitter               ; no        ;
; x2[2] ; 76    ; 5        ; 34           ; 4            ; 21           ; 1                     ; 0                  ; no     ; no             ; no            ; yes             ; no       ; Off          ; 2.5 V        ; --                        ; Fitter               ; no        ;
; x2[3] ; 103   ; 6        ; 34           ; 18           ; 14           ; 1                     ; 0                  ; no     ; no             ; no            ; yes             ; no       ; Off          ; 2.5 V        ; --                        ; Fitter               ; no        ;
; x2[4] ; 77    ; 5        ; 34           ; 4            ; 14           ; 1                     ; 0                  ; no     ; no             ; no            ; yes             ; no       ; Off          ; 2.5 V        ; --                        ; Fitter               ; no        ;
; x2[5] ; 105   ; 6        ; 34           ; 19           ; 14           ; 1                     ; 0                  ; no     ; no             ; no            ; yes             ; no       ; Off          ; 2.5 V        ; --                        ; Fitter               ; no        ;
; x2[6] ; 75    ; 5        ; 34           ; 3            ; 21           ; 1                     ; 0                  ; no     ; no             ; no            ; yes             ; no       ; Off          ; 2.5 V        ; --                        ; Fitter               ; no        ;
; x2[7] ; 85    ; 5        ; 34           ; 9            ; 7            ; 1                     ; 0                  ; no     ; no             ; no            ; yes             ; no       ; Off          ; 2.5 V        ; --                        ; Fitter               ; no        ;
; x2[8] ; 70    ; 4        ; 32           ; 0            ; 21           ; 1                     ; 0                  ; no     ; no             ; no            ; yes             ; no       ; Off          ; 2.5 V        ; --                        ; Fitter               ; no        ;
; x3[0] ; 72    ; 4        ; 32           ; 0            ; 7            ; 1                     ; 0                  ; no     ; no             ; no            ; yes             ; no       ; Off          ; 2.5 V        ; --                        ; Fitter               ; no        ;
; x3[1] ; 89    ; 5        ; 34           ; 12           ; 14           ; 1                     ; 0                  ; no     ; no             ; no            ; yes             ; no       ; Off          ; 2.5 V        ; --                        ; Fitter               ; no        ;
; x3[2] ; 88    ; 5        ; 34           ; 12           ; 21           ; 1                     ; 0                  ; no     ; no             ; no            ; yes             ; no       ; Off          ; 2.5 V        ; --                        ; Fitter               ; no        ;
; x3[3] ; 87    ; 5        ; 34           ; 10           ; 7            ; 1                     ; 0                  ; no     ; no             ; no            ; yes             ; no       ; Off          ; 2.5 V        ; --                        ; Fitter               ; no        ;
; x3[4] ; 65    ; 4        ; 28           ; 0            ; 21           ; 1                     ; 0                  ; no     ; no             ; no            ; yes             ; no       ; Off          ; 2.5 V        ; --                        ; Fitter               ; no        ;
; x3[5] ; 73    ; 5        ; 34           ; 2            ; 21           ; 1                     ; 0                  ; no     ; no             ; no            ; yes             ; no       ; Off          ; 2.5 V        ; --                        ; Fitter               ; no        ;
; x3[6] ; 68    ; 4        ; 30           ; 0            ; 7            ; 1                     ; 0                  ; no     ; no             ; no            ; yes             ; no       ; Off          ; 2.5 V        ; --                        ; Fitter               ; no        ;
; x3[7] ; 74    ; 5        ; 34           ; 2            ; 14           ; 1                     ; 0                  ; no     ; no             ; no            ; yes             ; no       ; Off          ; 2.5 V        ; --                        ; Fitter               ; no        ;
; x3[8] ; 64    ; 4        ; 25           ; 0            ; 0            ; 1                     ; 0                  ; no     ; no             ; no            ; yes             ; no       ; Off          ; 2.5 V        ; --                        ; Fitter               ; no        ;
; y1[0] ; 129   ; 8        ; 16           ; 24           ; 21           ; 1                     ; 0                  ; no     ; no             ; no            ; yes             ; no       ; Off          ; 2.5 V        ; --                        ; Fitter               ; no        ;
; y1[1] ; 86    ; 5        ; 34           ; 9            ; 0            ; 1                     ; 0                  ; no     ; no             ; no            ; yes             ; no       ; Off          ; 2.5 V        ; --                        ; Fitter               ; no        ;
; y1[2] ; 127   ; 7        ; 16           ; 24           ; 7            ; 1                     ; 0                  ; no     ; no             ; no            ; yes             ; no       ; Off          ; 2.5 V        ; --                        ; Fitter               ; no        ;
; y1[3] ; 51    ; 3        ; 16           ; 0            ; 21           ; 1                     ; 0                  ; no     ; no             ; no            ; yes             ; no       ; Off          ; 2.5 V        ; --                        ; Fitter               ; no        ;
; y1[4] ; 126   ; 7        ; 16           ; 24           ; 0            ; 1                     ; 0                  ; no     ; no             ; no            ; yes             ; no       ; Off          ; 2.5 V        ; --                        ; Fitter               ; no        ;
; y1[5] ; 84    ; 5        ; 34           ; 9            ; 14           ; 1                     ; 0                  ; no     ; no             ; no            ; yes             ; no       ; Off          ; 2.5 V        ; --                        ; Fitter               ; no        ;
; y1[6] ; 133   ; 8        ; 13           ; 24           ; 21           ; 1                     ; 0                  ; no     ; no             ; no            ; yes             ; no       ; Off          ; 2.5 V        ; --                        ; Fitter               ; no        ;
; y1[7] ; 49    ; 3        ; 13           ; 0            ; 14           ; 1                     ; 0                  ; no     ; no             ; no            ; yes             ; no       ; Off          ; 2.5 V        ; --                        ; Fitter               ; no        ;
; y1[8] ; 132   ; 8        ; 13           ; 24           ; 14           ; 1                     ; 0                  ; no     ; no             ; no            ; yes             ; no       ; Off          ; 2.5 V        ; --                        ; Fitter               ; no        ;
; y2[0] ; 100   ; 6        ; 34           ; 17           ; 0            ; 1                     ; 0                  ; no     ; no             ; no            ; yes             ; no       ; Off          ; 2.5 V        ; --                        ; Fitter               ; no        ;
; y2[1] ; 124   ; 7        ; 18           ; 24           ; 14           ; 1                     ; 0                  ; no     ; no             ; no            ; yes             ; no       ; Off          ; 2.5 V        ; --                        ; Fitter               ; no        ;
; y2[2] ; 125   ; 7        ; 18           ; 24           ; 21           ; 1                     ; 0                  ; no     ; no             ; no            ; yes             ; no       ; Off          ; 2.5 V        ; --                        ; Fitter               ; no        ;
; y2[3] ; 128   ; 8        ; 16           ; 24           ; 14           ; 1                     ; 0                  ; no     ; no             ; no            ; yes             ; no       ; Off          ; 2.5 V        ; --                        ; Fitter               ; no        ;
; y2[4] ; 120   ; 7        ; 23           ; 24           ; 7            ; 1                     ; 0                  ; no     ; no             ; no            ; yes             ; no       ; Off          ; 2.5 V        ; --                        ; Fitter               ; no        ;
; y2[5] ; 54    ; 4        ; 18           ; 0            ; 21           ; 1                     ; 0                  ; no     ; no             ; no            ; yes             ; no       ; Off          ; 2.5 V        ; --                        ; Fitter               ; no        ;
; y2[6] ; 119   ; 7        ; 23           ; 24           ; 0            ; 1                     ; 0                  ; no     ; no             ; no            ; yes             ; no       ; Off          ; 2.5 V        ; --                        ; Fitter               ; no        ;
; y2[7] ; 60    ; 4        ; 23           ; 0            ; 7            ; 1                     ; 0                  ; no     ; no             ; no            ; yes             ; no       ; Off          ; 2.5 V        ; --                        ; Fitter               ; no        ;
; y2[8] ; 112   ; 7        ; 28           ; 24           ; 0            ; 1                     ; 0                  ; no     ; no             ; no            ; yes             ; no       ; Off          ; 2.5 V        ; --                        ; Fitter               ; no        ;
; y3[0] ; 53    ; 3        ; 16           ; 0            ; 0            ; 1                     ; 0                  ; no     ; no             ; no            ; yes             ; no       ; Off          ; 2.5 V        ; --                        ; Fitter               ; no        ;
; y3[1] ; 91    ; 6        ; 34           ; 12           ; 0            ; 1                     ; 0                  ; no     ; no             ; no            ; yes             ; no       ; Off          ; 2.5 V        ; --                        ; Fitter               ; no        ;
; y3[2] ; 90    ; 6        ; 34           ; 12           ; 7            ; 1                     ; 0                  ; no     ; no             ; no            ; yes             ; no       ; Off          ; 2.5 V        ; --                        ; Fitter               ; no        ;
; y3[3] ; 110   ; 7        ; 30           ; 24           ; 0            ; 1                     ; 0                  ; no     ; no             ; no            ; yes             ; no       ; Off          ; 2.5 V        ; --                        ; Fitter               ; no        ;
; y3[4] ; 52    ; 3        ; 16           ; 0            ; 7            ; 1                     ; 0                  ; no     ; no             ; no            ; yes             ; no       ; Off          ; 2.5 V        ; --                        ; Fitter               ; no        ;
; y3[5] ; 111   ; 7        ; 30           ; 24           ; 21           ; 1                     ; 0                  ; no     ; no             ; no            ; yes             ; no       ; Off          ; 2.5 V        ; --                        ; Fitter               ; no        ;
; y3[6] ; 55    ; 4        ; 18           ; 0            ; 14           ; 1                     ; 0                  ; no     ; no             ; no            ; yes             ; no       ; Off          ; 2.5 V        ; --                        ; Fitter               ; no        ;
; y3[7] ; 121   ; 7        ; 23           ; 24           ; 14           ; 1                     ; 0                  ; no     ; no             ; no            ; yes             ; no       ; Off          ; 2.5 V        ; --                        ; Fitter               ; no        ;
; y3[8] ; 58    ; 4        ; 21           ; 0            ; 7            ; 1                     ; 0                  ; no     ; no             ; no            ; yes             ; no       ; Off          ; 2.5 V        ; --                        ; Fitter               ; no        ;
+-------+-------+----------+--------------+--------------+--------------+-----------------------+--------------------+--------+----------------+---------------+-----------------+----------+--------------+--------------+---------------------------+----------------------+-----------+


+------------------------------------------------------------------------------------------------------------------------------------------------------------------------------------------------------------------------------------------------------------------------------------------------------------------------------------------------------------------------------------------------------------------------------------------------------------+
; Output Pins                                                                                                                                                                                                                                                                                                                                                                                                                                                ;
+-----------+-------+----------+--------------+--------------+--------------+-----------------+------------------------+---------------+-----------+-----------------+------------+---------------+----------+--------------+--------------+------------------+-----------------------------------+---------------------------+----------------------------+-----------------------------+----------------------+----------------------+---------------------+
; Name      ; Pin # ; I/O Bank ; X coordinate ; Y coordinate ; Z coordinate ; Output Register ; Output Enable Register ; Power Up High ; Slew Rate ; PCI I/O Enabled ; Open Drain ; TRI Primitive ; Bus Hold ; Weak Pull Up ; I/O Standard ; Current Strength ; Termination                       ; Termination Control Block ; Output Buffer Pre-emphasis ; Voltage Output Differential ; Location assigned by ; Output Enable Source ; Output Enable Group ;
+-----------+-------+----------+--------------+--------------+--------------+-----------------+------------------------+---------------+-----------+-----------------+------------+---------------+----------+--------------+--------------+------------------+-----------------------------------+---------------------------+----------------------------+-----------------------------+----------------------+----------------------+---------------------+
; done      ; 98    ; 6        ; 34           ; 17           ; 21           ; no              ; no                     ; no            ; 2         ; no              ; no         ; no            ; no       ; Off          ; 2.5 V        ; Default          ; Series 50 Ohm without Calibration ; --                        ; no                         ; no                          ; Fitter               ; -                    ; -                   ;
; pixel_out ; 59    ; 4        ; 23           ; 0            ; 14           ; no              ; no                     ; no            ; 2         ; no              ; no         ; no            ; no       ; Off          ; 2.5 V        ; Default          ; Series 50 Ohm without Calibration ; --                        ; no                         ; no                          ; Fitter               ; -                    ; -                   ;
+-----------+-------+----------+--------------+--------------+--------------+-----------------+------------------------+---------------+-----------+-----------------+------------+---------------+----------+--------------+--------------+------------------+-----------------------------------+---------------------------+----------------------------+-----------------------------+----------------------+----------------------+---------------------+


+-------------------------------------------------------------------------------------------------------------------------+
; Dual Purpose and Dedicated Pins                                                                                         ;
+----------+-----------------------------+--------------------------+-------------------------+---------------------------+
; Location ; Pin Name                    ; Reserved As              ; User Signal Name        ; Pin Type                  ;
+----------+-----------------------------+--------------------------+-------------------------+---------------------------+
; 6        ; DIFFIO_L1n, DATA1, ASDO     ; As input tri-stated      ; ~ALTERA_ASDO_DATA1~     ; Dual Purpose Pin          ;
; 8        ; DIFFIO_L2p, FLASH_nCE, nCSO ; As input tri-stated      ; ~ALTERA_FLASH_nCE_nCSO~ ; Dual Purpose Pin          ;
; 9        ; nSTATUS                     ; -                        ; -                       ; Dedicated Programming Pin ;
; 12       ; DCLK                        ; As output driving ground ; ~ALTERA_DCLK~           ; Dual Purpose Pin          ;
; 13       ; DATA0                       ; As input tri-stated      ; ~ALTERA_DATA0~          ; Dual Purpose Pin          ;
; 14       ; nCONFIG                     ; -                        ; -                       ; Dedicated Programming Pin ;
; 21       ; nCE                         ; -                        ; -                       ; Dedicated Programming Pin ;
; 86       ; DIFFIO_R7n, DEV_OE          ; Use as regular IO        ; y1[1]                   ; Dual Purpose Pin          ;
; 87       ; DIFFIO_R7p, DEV_CLRn        ; Use as regular IO        ; x3[3]                   ; Dual Purpose Pin          ;
; 92       ; CONF_DONE                   ; -                        ; -                       ; Dedicated Programming Pin ;
; 94       ; MSEL0                       ; -                        ; -                       ; Dedicated Programming Pin ;
; 96       ; MSEL1                       ; -                        ; -                       ; Dedicated Programming Pin ;
; 97       ; MSEL2                       ; -                        ; -                       ; Dedicated Programming Pin ;
; 97       ; MSEL3                       ; -                        ; -                       ; Dedicated Programming Pin ;
; 98       ; DIFFIO_R4n, INIT_DONE       ; Use as regular IO        ; done                    ; Dual Purpose Pin          ;
; 99       ; DIFFIO_R4p, CRC_ERROR       ; Use as regular IO        ; start                   ; Dual Purpose Pin          ;
; 101      ; DIFFIO_R3n, nCEO            ; Use as programming pin   ; ~ALTERA_nCEO~           ; Dual Purpose Pin          ;
; 103      ; DIFFIO_R3p, CLKUSR          ; Use as regular IO        ; x2[3]                   ; Dual Purpose Pin          ;
; 132      ; DIFFIO_T10n, DATA2          ; Use as regular IO        ; y1[8]                   ; Dual Purpose Pin          ;
; 133      ; DIFFIO_T10p, DATA3          ; Use as regular IO        ; y1[6]                   ; Dual Purpose Pin          ;
+----------+-----------------------------+--------------------------+-------------------------+---------------------------+


+-------------------------------------------------------------+
; I/O Bank Usage                                              ;
+----------+-------------------+---------------+--------------+
; I/O Bank ; Usage             ; VCCIO Voltage ; VREF Voltage ;
+----------+-------------------+---------------+--------------+
; 1        ; 5 / 11 ( 45 % )   ; 2.5V          ; --           ;
; 2        ; 1 / 8 ( 13 % )    ; 2.5V          ; --           ;
; 3        ; 4 / 11 ( 36 % )   ; 2.5V          ; --           ;
; 4        ; 14 / 14 ( 100 % ) ; 2.5V          ; --           ;
; 5        ; 13 / 13 ( 100 % ) ; 2.5V          ; --           ;
; 6        ; 10 / 10 ( 100 % ) ; 2.5V          ; --           ;
; 7        ; 13 / 13 ( 100 % ) ; 2.5V          ; --           ;
; 8        ; 4 / 12 ( 33 % )   ; 2.5V          ; --           ;
+----------+-------------------+---------------+--------------+


+-----------------------------------------------------------------------------------------------------------------------------------------------------------------------------------------+
; All Package Pins                                                                                                                                                                        ;
+----------+------------+----------+-----------------------------------------------------------+--------+--------------+---------+------------+-----------------+----------+--------------+
; Location ; Pad Number ; I/O Bank ; Pin Name/Usage                                            ; Dir.   ; I/O Standard ; Voltage ; I/O Type   ; User Assignment ; Bus Hold ; Weak Pull Up ;
+----------+------------+----------+-----------------------------------------------------------+--------+--------------+---------+------------+-----------------+----------+--------------+
; 1        ; 0          ; 1        ; RESERVED_INPUT_WITH_WEAK_PULLUP                           ;        ;              ;         ; Row I/O    ;                 ; no       ; On           ;
; 2        ; 1          ; 1        ; RESERVED_INPUT_WITH_WEAK_PULLUP                           ;        ;              ;         ; Row I/O    ;                 ; no       ; On           ;
; 3        ; 2          ; 1        ; RESERVED_INPUT_WITH_WEAK_PULLUP                           ;        ;              ;         ; Row I/O    ;                 ; no       ; On           ;
; 4        ;            ;          ; GND                                                       ; gnd    ;              ;         ; --         ;                 ; --       ; --           ;
; 5        ;            ;          ; VCCINT                                                    ; power  ;              ; 1.2V    ; --         ;                 ; --       ; --           ;
; 6        ; 5          ; 1        ; ~ALTERA_ASDO_DATA1~ / RESERVED_INPUT_WITH_WEAK_PULLUP     ; input  ; 2.5 V        ;         ; Row I/O    ; N               ; no       ; On           ;
; 7        ; 6          ; 1        ; RESERVED_INPUT_WITH_WEAK_PULLUP                           ;        ;              ;         ; Row I/O    ;                 ; --       ; --           ;
; 8        ; 7          ; 1        ; ~ALTERA_FLASH_nCE_nCSO~ / RESERVED_INPUT_WITH_WEAK_PULLUP ; input  ; 2.5 V        ;         ; Row I/O    ; N               ; no       ; On           ;
; 9        ; 9          ; 1        ; ^nSTATUS                                                  ;        ;              ;         ; --         ;                 ; --       ; --           ;
; 10       ; 13         ; 1        ; RESERVED_INPUT_WITH_WEAK_PULLUP                           ;        ;              ;         ; Row I/O    ;                 ; no       ; On           ;
; 11       ; 14         ; 1        ; RESERVED_INPUT_WITH_WEAK_PULLUP                           ;        ;              ;         ; Row I/O    ;                 ; no       ; On           ;
; 12       ; 15         ; 1        ; ~ALTERA_DCLK~                                             ; output ; 2.5 V        ;         ; Row I/O    ; N               ; no       ; On           ;
; 13       ; 16         ; 1        ; ~ALTERA_DATA0~ / RESERVED_INPUT_WITH_WEAK_PULLUP          ; input  ; 2.5 V        ;         ; Row I/O    ; N               ; no       ; On           ;
; 14       ; 17         ; 1        ; ^nCONFIG                                                  ;        ;              ;         ; --         ;                 ; --       ; --           ;
; 15       ; 18         ; 1        ; #TDI                                                      ; input  ;              ;         ; --         ;                 ; --       ; --           ;
; 16       ; 19         ; 1        ; #TCK                                                      ; input  ;              ;         ; --         ;                 ; --       ; --           ;
; 17       ;            ; 1        ; VCCIO1                                                    ; power  ;              ; 2.5V    ; --         ;                 ; --       ; --           ;
; 18       ; 20         ; 1        ; #TMS                                                      ; input  ;              ;         ; --         ;                 ; --       ; --           ;
; 19       ;            ;          ; GND                                                       ; gnd    ;              ;         ; --         ;                 ; --       ; --           ;
; 20       ; 21         ; 1        ; #TDO                                                      ; output ;              ;         ; --         ;                 ; --       ; --           ;
; 21       ; 22         ; 1        ; ^nCE                                                      ;        ;              ;         ; --         ;                 ; --       ; --           ;
; 22       ;            ;          ; GND                                                       ; gnd    ;              ;         ; --         ;                 ; --       ; --           ;
; 23       ; 24         ; 1        ; clk                                                       ; input  ; 2.5 V        ;         ; Row I/O    ; N               ; no       ; Off          ;
; 24       ; 25         ; 2        ; rst_n                                                     ; input  ; 2.5 V        ;         ; Row I/O    ; N               ; no       ; Off          ;
; 25       ; 26         ; 2        ; GND+                                                      ;        ;              ;         ; Row I/O    ;                 ; --       ; --           ;
; 26       ;            ; 2        ; VCCIO2                                                    ; power  ;              ; 2.5V    ; --         ;                 ; --       ; --           ;
; 27       ;            ;          ; GND                                                       ; gnd    ;              ;         ; --         ;                 ; --       ; --           ;
; 28       ; 31         ; 2        ; RESERVED_INPUT_WITH_WEAK_PULLUP                           ;        ;              ;         ; Row I/O    ;                 ; no       ; On           ;
; 29       ;            ;          ; VCCINT                                                    ; power  ;              ; 1.2V    ; --         ;                 ; --       ; --           ;
; 30       ; 34         ; 2        ; RESERVED_INPUT_WITH_WEAK_PULLUP                           ;        ;              ;         ; Row I/O    ;                 ; no       ; On           ;
; 31       ; 36         ; 2        ; RESERVED_INPUT_WITH_WEAK_PULLUP                           ;        ;              ;         ; Row I/O    ;                 ; --       ; --           ;
; 32       ; 39         ; 2        ; RESERVED_INPUT_WITH_WEAK_PULLUP                           ;        ;              ;         ; Row I/O    ;                 ; no       ; On           ;
; 33       ; 40         ; 2        ; RESERVED_INPUT_WITH_WEAK_PULLUP                           ;        ;              ;         ; Row I/O    ;                 ; no       ; On           ;
; 34       ; 41         ; 2        ; RESERVED_INPUT_WITH_WEAK_PULLUP                           ;        ;              ;         ; Row I/O    ;                 ; no       ; On           ;
; 35       ;            ; --       ; VCCA1                                                     ; power  ;              ; 2.5V    ; --         ;                 ; --       ; --           ;
; 36       ;            ;          ; GNDA1                                                     ; gnd    ;              ;         ; --         ;                 ; --       ; --           ;
; 37       ;            ;          ; VCCD_PLL1                                                 ; power  ;              ; 1.2V    ; --         ;                 ; --       ; --           ;
; 38       ; 45         ; 3        ; RESERVED_INPUT_WITH_WEAK_PULLUP                           ;        ;              ;         ; Column I/O ;                 ; no       ; On           ;
; 39       ; 46         ; 3        ; RESERVED_INPUT_WITH_WEAK_PULLUP                           ;        ;              ;         ; Column I/O ;                 ; no       ; On           ;
; 40       ;            ; 3        ; VCCIO3                                                    ; power  ;              ; 2.5V    ; --         ;                 ; --       ; --           ;
; 41       ;            ;          ; GND                                                       ; gnd    ;              ;         ; --         ;                 ; --       ; --           ;
; 42       ; 52         ; 3        ; RESERVED_INPUT_WITH_WEAK_PULLUP                           ;        ;              ;         ; Column I/O ;                 ; no       ; On           ;
; 43       ; 53         ; 3        ; RESERVED_INPUT_WITH_WEAK_PULLUP                           ;        ;              ;         ; Column I/O ;                 ; no       ; On           ;
; 44       ; 54         ; 3        ; RESERVED_INPUT_WITH_WEAK_PULLUP                           ;        ;              ;         ; Column I/O ;                 ; no       ; On           ;
; 45       ;            ;          ; VCCINT                                                    ; power  ;              ; 1.2V    ; --         ;                 ; --       ; --           ;
; 46       ; 58         ; 3        ; RESERVED_INPUT_WITH_WEAK_PULLUP                           ;        ;              ;         ; Column I/O ;                 ; --       ; --           ;
; 47       ;            ; 3        ; VCCIO3                                                    ; power  ;              ; 2.5V    ; --         ;                 ; --       ; --           ;
; 48       ;            ;          ; GND                                                       ; gnd    ;              ;         ; --         ;                 ; --       ; --           ;
; 49       ; 68         ; 3        ; y1[7]                                                     ; input  ; 2.5 V        ;         ; Column I/O ; N               ; no       ; Off          ;
; 50       ; 69         ; 3        ; RESERVED_INPUT_WITH_WEAK_PULLUP                           ;        ;              ;         ; Column I/O ;                 ; no       ; On           ;
; 51       ; 70         ; 3        ; y1[3]                                                     ; input  ; 2.5 V        ;         ; Column I/O ; N               ; no       ; Off          ;
; 52       ; 72         ; 3        ; y3[4]                                                     ; input  ; 2.5 V        ;         ; Column I/O ; N               ; no       ; Off          ;
; 53       ; 73         ; 3        ; y3[0]                                                     ; input  ; 2.5 V        ;         ; Column I/O ; N               ; no       ; Off          ;
; 54       ; 74         ; 4        ; y2[5]                                                     ; input  ; 2.5 V        ;         ; Column I/O ; N               ; no       ; Off          ;
; 55       ; 75         ; 4        ; y3[6]                                                     ; input  ; 2.5 V        ;         ; Column I/O ; N               ; no       ; Off          ;
; 56       ;            ; 4        ; VCCIO4                                                    ; power  ;              ; 2.5V    ; --         ;                 ; --       ; --           ;
; 57       ;            ;          ; GND                                                       ; gnd    ;              ;         ; --         ;                 ; --       ; --           ;
; 58       ; 80         ; 4        ; y3[8]                                                     ; input  ; 2.5 V        ;         ; Column I/O ; N               ; no       ; Off          ;
; 59       ; 83         ; 4        ; pixel_out                                                 ; output ; 2.5 V        ;         ; Column I/O ; N               ; no       ; Off          ;
; 60       ; 84         ; 4        ; y2[7]                                                     ; input  ; 2.5 V        ;         ; Column I/O ; N               ; no       ; Off          ;
; 61       ;            ;          ; VCCINT                                                    ; power  ;              ; 1.2V    ; --         ;                 ; --       ; --           ;
; 62       ;            ; 4        ; VCCIO4                                                    ; power  ;              ; 2.5V    ; --         ;                 ; --       ; --           ;
; 63       ;            ;          ; GND                                                       ; gnd    ;              ;         ; --         ;                 ; --       ; --           ;
; 64       ; 89         ; 4        ; x3[8]                                                     ; input  ; 2.5 V        ;         ; Column I/O ; N               ; no       ; Off          ;
; 65       ; 90         ; 4        ; x3[4]                                                     ; input  ; 2.5 V        ;         ; Column I/O ; N               ; no       ; Off          ;
; 66       ; 93         ; 4        ; x1[1]                                                     ; input  ; 2.5 V        ;         ; Column I/O ; N               ; no       ; Off          ;
; 67       ; 94         ; 4        ; x1[5]                                                     ; input  ; 2.5 V        ;         ; Column I/O ; N               ; no       ; Off          ;
; 68       ; 96         ; 4        ; x3[6]                                                     ; input  ; 2.5 V        ;         ; Column I/O ; N               ; no       ; Off          ;
; 69       ; 97         ; 4        ; x1[3]                                                     ; input  ; 2.5 V        ;         ; Column I/O ; N               ; no       ; Off          ;
; 70       ; 98         ; 4        ; x2[8]                                                     ; input  ; 2.5 V        ;         ; Column I/O ; N               ; no       ; Off          ;
; 71       ; 99         ; 4        ; x1[7]                                                     ; input  ; 2.5 V        ;         ; Column I/O ; N               ; no       ; Off          ;
; 72       ; 100        ; 4        ; x3[0]                                                     ; input  ; 2.5 V        ;         ; Column I/O ; N               ; no       ; Off          ;
; 73       ; 102        ; 5        ; x3[5]                                                     ; input  ; 2.5 V        ;         ; Row I/O    ; N               ; no       ; Off          ;
; 74       ; 103        ; 5        ; x3[7]                                                     ; input  ; 2.5 V        ;         ; Row I/O    ; N               ; no       ; Off          ;
; 75       ; 104        ; 5        ; x2[6]                                                     ; input  ; 2.5 V        ;         ; Row I/O    ; N               ; no       ; Off          ;
; 76       ; 106        ; 5        ; x2[2]                                                     ; input  ; 2.5 V        ;         ; Row I/O    ; N               ; no       ; Off          ;
; 77       ; 107        ; 5        ; x2[4]                                                     ; input  ; 2.5 V        ;         ; Row I/O    ; N               ; no       ; Off          ;
; 78       ;            ;          ; VCCINT                                                    ; power  ;              ; 1.2V    ; --         ;                 ; --       ; --           ;
; 79       ;            ;          ; GND                                                       ; gnd    ;              ;         ; --         ;                 ; --       ; --           ;
; 80       ; 113        ; 5        ; x2[0]                                                     ; input  ; 2.5 V        ;         ; Row I/O    ; N               ; no       ; Off          ;
; 81       ;            ; 5        ; VCCIO5                                                    ; power  ;              ; 2.5V    ; --         ;                 ; --       ; --           ;
; 82       ;            ;          ; GND                                                       ; gnd    ;              ;         ; --         ;                 ; --       ; --           ;
; 83       ; 117        ; 5        ; x1[2]                                                     ; input  ; 2.5 V        ;         ; Row I/O    ; N               ; no       ; Off          ;
; 84       ; 118        ; 5        ; y1[5]                                                     ; input  ; 2.5 V        ;         ; Row I/O    ; N               ; no       ; Off          ;
; 85       ; 119        ; 5        ; x2[7]                                                     ; input  ; 2.5 V        ;         ; Row I/O    ; N               ; no       ; Off          ;
; 86       ; 120        ; 5        ; y1[1]                                                     ; input  ; 2.5 V        ;         ; Row I/O    ; N               ; no       ; Off          ;
; 87       ; 121        ; 5        ; x3[3]                                                     ; input  ; 2.5 V        ;         ; Row I/O    ; N               ; no       ; Off          ;
; 88       ; 125        ; 5        ; x3[2]                                                     ; input  ; 2.5 V        ;         ; Row I/O    ; N               ; no       ; Off          ;
; 89       ; 126        ; 5        ; x3[1]                                                     ; input  ; 2.5 V        ;         ; Row I/O    ; N               ; no       ; Off          ;
; 90       ; 127        ; 6        ; y3[2]                                                     ; input  ; 2.5 V        ;         ; Row I/O    ; N               ; no       ; Off          ;
; 91       ; 128        ; 6        ; y3[1]                                                     ; input  ; 2.5 V        ;         ; Row I/O    ; N               ; no       ; Off          ;
; 92       ; 129        ; 6        ; ^CONF_DONE                                                ;        ;              ;         ; --         ;                 ; --       ; --           ;
; 93       ;            ; 6        ; VCCIO6                                                    ; power  ;              ; 2.5V    ; --         ;                 ; --       ; --           ;
; 94       ; 130        ; 6        ; ^MSEL0                                                    ;        ;              ;         ; --         ;                 ; --       ; --           ;
; 95       ;            ;          ; GND                                                       ; gnd    ;              ;         ; --         ;                 ; --       ; --           ;
; 96       ; 131        ; 6        ; ^MSEL1                                                    ;        ;              ;         ; --         ;                 ; --       ; --           ;
; 97       ; 132        ; 6        ; ^MSEL2                                                    ;        ;              ;         ; --         ;                 ; --       ; --           ;
; 97       ; 133        ; 6        ; ^MSEL3                                                    ;        ;              ;         ; --         ;                 ; --       ; --           ;
; 98       ; 136        ; 6        ; done                                                      ; output ; 2.5 V        ;         ; Row I/O    ; N               ; no       ; Off          ;
; 99       ; 137        ; 6        ; start                                                     ; input  ; 2.5 V        ;         ; Row I/O    ; N               ; no       ; Off          ;
; 100      ; 138        ; 6        ; y2[0]                                                     ; input  ; 2.5 V        ;         ; Row I/O    ; N               ; no       ; Off          ;
; 101      ; 139        ; 6        ; ~ALTERA_nCEO~ / RESERVED_OUTPUT_OPEN_DRAIN                ; output ; 2.5 V        ;         ; Row I/O    ; N               ; no       ; Off          ;
; 102      ;            ;          ; VCCINT                                                    ; power  ;              ; 1.2V    ; --         ;                 ; --       ; --           ;
; 103      ; 140        ; 6        ; x2[3]                                                     ; input  ; 2.5 V        ;         ; Row I/O    ; N               ; no       ; Off          ;
; 104      ; 141        ; 6        ; x1[4]                                                     ; input  ; 2.5 V        ;         ; Row I/O    ; N               ; no       ; Off          ;
; 105      ; 142        ; 6        ; x2[5]                                                     ; input  ; 2.5 V        ;         ; Row I/O    ; N               ; no       ; Off          ;
; 106      ; 146        ; 6        ; x1[8]                                                     ; input  ; 2.5 V        ;         ; Row I/O    ; N               ; no       ; Off          ;
; 107      ;            ; --       ; VCCA2                                                     ; power  ;              ; 2.5V    ; --         ;                 ; --       ; --           ;
; 108      ;            ;          ; GNDA2                                                     ; gnd    ;              ;         ; --         ;                 ; --       ; --           ;
; 109      ;            ;          ; VCCD_PLL2                                                 ; power  ;              ; 1.2V    ; --         ;                 ; --       ; --           ;
; 110      ; 152        ; 7        ; y3[3]                                                     ; input  ; 2.5 V        ;         ; Column I/O ; N               ; no       ; Off          ;
; 111      ; 154        ; 7        ; y3[5]                                                     ; input  ; 2.5 V        ;         ; Column I/O ; N               ; no       ; Off          ;
; 112      ; 155        ; 7        ; y2[8]                                                     ; input  ; 2.5 V        ;         ; Column I/O ; N               ; no       ; Off          ;
; 113      ; 156        ; 7        ; x1[6]                                                     ; input  ; 2.5 V        ;         ; Column I/O ; N               ; no       ; Off          ;
; 114      ; 157        ; 7        ; x2[1]                                                     ; input  ; 2.5 V        ;         ; Column I/O ; N               ; no       ; Off          ;
; 115      ; 158        ; 7        ; x1[0]                                                     ; input  ; 2.5 V        ;         ; Column I/O ; N               ; no       ; Off          ;
; 116      ;            ;          ; VCCINT                                                    ; power  ;              ; 1.2V    ; --         ;                 ; --       ; --           ;
; 117      ;            ; 7        ; VCCIO7                                                    ; power  ;              ; 2.5V    ; --         ;                 ; --       ; --           ;
; 118      ;            ;          ; GND                                                       ; gnd    ;              ;         ; --         ;                 ; --       ; --           ;
; 119      ; 163        ; 7        ; y2[6]                                                     ; input  ; 2.5 V        ;         ; Column I/O ; N               ; no       ; Off          ;
; 120      ; 164        ; 7        ; y2[4]                                                     ; input  ; 2.5 V        ;         ; Column I/O ; N               ; no       ; Off          ;
; 121      ; 165        ; 7        ; y3[7]                                                     ; input  ; 2.5 V        ;         ; Column I/O ; N               ; no       ; Off          ;
; 122      ;            ; 7        ; VCCIO7                                                    ; power  ;              ; 2.5V    ; --         ;                 ; --       ; --           ;
; 123      ;            ;          ; GND                                                       ; gnd    ;              ;         ; --         ;                 ; --       ; --           ;
; 124      ; 173        ; 7        ; y2[1]                                                     ; input  ; 2.5 V        ;         ; Column I/O ; N               ; no       ; Off          ;
; 125      ; 174        ; 7        ; y2[2]                                                     ; input  ; 2.5 V        ;         ; Column I/O ; N               ; no       ; Off          ;
; 126      ; 175        ; 7        ; y1[4]                                                     ; input  ; 2.5 V        ;         ; Column I/O ; N               ; no       ; Off          ;
; 127      ; 176        ; 7        ; y1[2]                                                     ; input  ; 2.5 V        ;         ; Column I/O ; N               ; no       ; Off          ;
; 128      ; 177        ; 8        ; y2[3]                                                     ; input  ; 2.5 V        ;         ; Column I/O ; N               ; no       ; Off          ;
; 129      ; 178        ; 8        ; y1[0]                                                     ; input  ; 2.5 V        ;         ; Column I/O ; N               ; no       ; Off          ;
; 130      ;            ; 8        ; VCCIO8                                                    ; power  ;              ; 2.5V    ; --         ;                 ; --       ; --           ;
; 131      ;            ;          ; GND                                                       ; gnd    ;              ;         ; --         ;                 ; --       ; --           ;
; 132      ; 181        ; 8        ; y1[8]                                                     ; input  ; 2.5 V        ;         ; Column I/O ; N               ; no       ; Off          ;
; 133      ; 182        ; 8        ; y1[6]                                                     ; input  ; 2.5 V        ;         ; Column I/O ; N               ; no       ; Off          ;
; 134      ;            ;          ; VCCINT                                                    ; power  ;              ; 1.2V    ; --         ;                 ; --       ; --           ;
; 135      ; 185        ; 8        ; RESERVED_INPUT_WITH_WEAK_PULLUP                           ;        ;              ;         ; Column I/O ;                 ; no       ; On           ;
; 136      ; 187        ; 8        ; RESERVED_INPUT_WITH_WEAK_PULLUP                           ;        ;              ;         ; Column I/O ;                 ; --       ; --           ;
; 137      ; 190        ; 8        ; RESERVED_INPUT_WITH_WEAK_PULLUP                           ;        ;              ;         ; Column I/O ;                 ; no       ; On           ;
; 138      ; 191        ; 8        ; RESERVED_INPUT_WITH_WEAK_PULLUP                           ;        ;              ;         ; Column I/O ;                 ; no       ; On           ;
; 139      ;            ; 8        ; VCCIO8                                                    ; power  ;              ; 2.5V    ; --         ;                 ; --       ; --           ;
; 140      ;            ;          ; GND                                                       ; gnd    ;              ;         ; --         ;                 ; --       ; --           ;
; 141      ; 195        ; 8        ; RESERVED_INPUT_WITH_WEAK_PULLUP                           ;        ;              ;         ; Column I/O ;                 ; no       ; On           ;
; 142      ; 201        ; 8        ; RESERVED_INPUT_WITH_WEAK_PULLUP                           ;        ;              ;         ; Column I/O ;                 ; no       ; On           ;
; 143      ; 202        ; 8        ; RESERVED_INPUT_WITH_WEAK_PULLUP                           ;        ;              ;         ; Column I/O ;                 ; no       ; On           ;
; 144      ; 203        ; 8        ; RESERVED_INPUT_WITH_WEAK_PULLUP                           ;        ;              ;         ; Column I/O ;                 ; no       ; On           ;
; EPAD     ;            ;          ; GND                                                       ;        ;              ;         ; --         ;                 ; --       ; --           ;
+----------+------------+----------+-----------------------------------------------------------+--------+--------------+---------+------------+-----------------+----------+--------------+
Note: Pin directions (input, output or bidir) are based on device operating in user mode.


+-------------------------------------------+
; I/O Assignment Warnings                   ;
+-----------+-------------------------------+
; Pin Name  ; Reason                        ;
+-----------+-------------------------------+
; done      ; Incomplete set of assignments ;
; pixel_out ; Incomplete set of assignments ;
; clk       ; Incomplete set of assignments ;
; rst_n     ; Incomplete set of assignments ;
; x1[8]     ; Incomplete set of assignments ;
; x2[8]     ; Incomplete set of assignments ;
; x2[7]     ; Incomplete set of assignments ;
; x1[7]     ; Incomplete set of assignments ;
; x2[6]     ; Incomplete set of assignments ;
; x1[6]     ; Incomplete set of assignments ;
; x2[5]     ; Incomplete set of assignments ;
; x1[5]     ; Incomplete set of assignments ;
; x2[4]     ; Incomplete set of assignments ;
; x1[4]     ; Incomplete set of assignments ;
; x2[3]     ; Incomplete set of assignments ;
; x1[3]     ; Incomplete set of assignments ;
; x2[2]     ; Incomplete set of assignments ;
; x1[2]     ; Incomplete set of assignments ;
; x2[1]     ; Incomplete set of assignments ;
; x1[1]     ; Incomplete set of assignments ;
; x2[0]     ; Incomplete set of assignments ;
; x1[0]     ; Incomplete set of assignments ;
; x3[8]     ; Incomplete set of assignments ;
; x3[7]     ; Incomplete set of assignments ;
; x3[6]     ; Incomplete set of assignments ;
; x3[5]     ; Incomplete set of assignments ;
; x3[4]     ; Incomplete set of assignments ;
; x3[3]     ; Incomplete set of assignments ;
; x3[2]     ; Incomplete set of assignments ;
; x3[1]     ; Incomplete set of assignments ;
; x3[0]     ; Incomplete set of assignments ;
; y2[8]     ; Incomplete set of assignments ;
; y1[8]     ; Incomplete set of assignments ;
; y2[7]     ; Incomplete set of assignments ;
; y1[7]     ; Incomplete set of assignments ;
; y2[6]     ; Incomplete set of assignments ;
; y1[6]     ; Incomplete set of assignments ;
; y2[5]     ; Incomplete set of assignments ;
; y1[5]     ; Incomplete set of assignments ;
; y2[4]     ; Incomplete set of assignments ;
; y1[4]     ; Incomplete set of assignments ;
; y2[3]     ; Incomplete set of assignments ;
; y1[3]     ; Incomplete set of assignments ;
; y2[2]     ; Incomplete set of assignments ;
; y1[2]     ; Incomplete set of assignments ;
; y2[1]     ; Incomplete set of assignments ;
; y1[1]     ; Incomplete set of assignments ;
; y2[0]     ; Incomplete set of assignments ;
; y1[0]     ; Incomplete set of assignments ;
; y3[8]     ; Incomplete set of assignments ;
; y3[7]     ; Incomplete set of assignments ;
; y3[6]     ; Incomplete set of assignments ;
; y3[5]     ; Incomplete set of assignments ;
; y3[4]     ; Incomplete set of assignments ;
; y3[3]     ; Incomplete set of assignments ;
; y3[2]     ; Incomplete set of assignments ;
; y3[1]     ; Incomplete set of assignments ;
; y3[0]     ; Incomplete set of assignments ;
; start     ; Incomplete set of assignments ;
; done      ; Missing location assignment   ;
; pixel_out ; Missing location assignment   ;
; clk       ; Missing location assignment   ;
; rst_n     ; Missing location assignment   ;
; x1[8]     ; Missing location assignment   ;
; x2[8]     ; Missing location assignment   ;
; x2[7]     ; Missing location assignment   ;
; x1[7]     ; Missing location assignment   ;
; x2[6]     ; Missing location assignment   ;
; x1[6]     ; Missing location assignment   ;
; x2[5]     ; Missing location assignment   ;
; x1[5]     ; Missing location assignment   ;
; x2[4]     ; Missing location assignment   ;
; x1[4]     ; Missing location assignment   ;
; x2[3]     ; Missing location assignment   ;
; x1[3]     ; Missing location assignment   ;
; x2[2]     ; Missing location assignment   ;
; x1[2]     ; Missing location assignment   ;
; x2[1]     ; Missing location assignment   ;
; x1[1]     ; Missing location assignment   ;
; x2[0]     ; Missing location assignment   ;
; x1[0]     ; Missing location assignment   ;
; x3[8]     ; Missing location assignment   ;
; x3[7]     ; Missing location assignment   ;
; x3[6]     ; Missing location assignment   ;
; x3[5]     ; Missing location assignment   ;
; x3[4]     ; Missing location assignment   ;
; x3[3]     ; Missing location assignment   ;
; x3[2]     ; Missing location assignment   ;
; x3[1]     ; Missing location assignment   ;
; x3[0]     ; Missing location assignment   ;
; y2[8]     ; Missing location assignment   ;
; y1[8]     ; Missing location assignment   ;
; y2[7]     ; Missing location assignment   ;
; y1[7]     ; Missing location assignment   ;
; y2[6]     ; Missing location assignment   ;
; y1[6]     ; Missing location assignment   ;
; y2[5]     ; Missing location assignment   ;
; y1[5]     ; Missing location assignment   ;
; y2[4]     ; Missing location assignment   ;
; y1[4]     ; Missing location assignment   ;
; y2[3]     ; Missing location assignment   ;
; y1[3]     ; Missing location assignment   ;
; y2[2]     ; Missing location assignment   ;
; y1[2]     ; Missing location assignment   ;
; y2[1]     ; Missing location assignment   ;
; y1[1]     ; Missing location assignment   ;
; y2[0]     ; Missing location assignment   ;
; y1[0]     ; Missing location assignment   ;
; y3[8]     ; Missing location assignment   ;
; y3[7]     ; Missing location assignment   ;
; y3[6]     ; Missing location assignment   ;
; y3[5]     ; Missing location assignment   ;
; y3[4]     ; Missing location assignment   ;
; y3[3]     ; Missing location assignment   ;
; y3[2]     ; Missing location assignment   ;
; y3[1]     ; Missing location assignment   ;
; y3[0]     ; Missing location assignment   ;
; start     ; Missing location assignment   ;
+-----------+-------------------------------+


+---------------------------------------------------------------------------------------------------------------------------------------------------------------------------------------------------------------------------------------------------------------------------------------------------------------------------------------------------------------------------------------------------------+
; Fitter Resource Utilization by Entity                                                                                                                                                                                                                                                                                                                                                                   ;
+-------------------------------------------+-------------+---------------------------+---------------+-------------+------+--------------+---------+-----------+------+--------------+--------------+-------------------+------------------+-----------------------------------------------------------------------------------------------------------------------+----------------------+--------------+
; Compilation Hierarchy Node                ; Logic Cells ; Dedicated Logic Registers ; I/O Registers ; Memory Bits ; M9Ks ; DSP Elements ; DSP 9x9 ; DSP 18x18 ; Pins ; Virtual Pins ; LUT-Only LCs ; Register-Only LCs ; LUT/Register LCs ; Full Hierarchy Name                                                                                                   ; Entity Name          ; Library Name ;
+-------------------------------------------+-------------+---------------------------+---------------+-------------+------+--------------+---------+-----------+------+--------------+--------------+-------------------+------------------+-----------------------------------------------------------------------------------------------------------------------+----------------------+--------------+
; |rasterizer_benchmark                     ; 1405 (27)   ; 235 (17)                  ; 0 (0)         ; 76800       ; 16   ; 12           ; 0       ; 6         ; 59   ; 0            ; 1170 (10)    ; 50 (0)            ; 185 (17)         ; |rasterizer_benchmark                                                                                                 ; rasterizer_benchmark ; work         ;
;    |rasterizer:u_rasterizer|              ; 1316 (1316) ; 207 (207)                 ; 0 (0)         ; 0           ; 0    ; 12           ; 0       ; 6         ; 0    ; 0            ; 1109 (1109)  ; 48 (48)           ; 159 (159)        ; |rasterizer_benchmark|rasterizer:u_rasterizer                                                                         ; rasterizer           ; work         ;
;       |lpm_mult:Mult0|                    ; 0 (0)       ; 0 (0)                     ; 0 (0)         ; 0           ; 0    ; 2            ; 0       ; 1         ; 0    ; 0            ; 0 (0)        ; 0 (0)             ; 0 (0)            ; |rasterizer_benchmark|rasterizer:u_rasterizer|lpm_mult:Mult0                                                          ; lpm_mult             ; work         ;
;          |mult_l5t:auto_generated|        ; 0 (0)       ; 0 (0)                     ; 0 (0)         ; 0           ; 0    ; 2            ; 0       ; 1         ; 0    ; 0            ; 0 (0)        ; 0 (0)             ; 0 (0)            ; |rasterizer_benchmark|rasterizer:u_rasterizer|lpm_mult:Mult0|mult_l5t:auto_generated                                  ; mult_l5t             ; work         ;
;       |lpm_mult:Mult1|                    ; 0 (0)       ; 0 (0)                     ; 0 (0)         ; 0           ; 0    ; 2            ; 0       ; 1         ; 0    ; 0            ; 0 (0)        ; 0 (0)             ; 0 (0)            ; |rasterizer_benchmark|rasterizer:u_rasterizer|lpm_mult:Mult1                                                          ; lpm_mult             ; work         ;
;          |mult_l5t:auto_generated|        ; 0 (0)       ; 0 (0)                     ; 0 (0)         ; 0           ; 0    ; 2            ; 0       ; 1         ; 0    ; 0            ; 0 (0)        ; 0 (0)             ; 0 (0)            ; |rasterizer_benchmark|rasterizer:u_rasterizer|lpm_mult:Mult1|mult_l5t:auto_generated                                  ; mult_l5t             ; work         ;
;       |lpm_mult:Mult2|                    ; 0 (0)       ; 0 (0)                     ; 0 (0)         ; 0           ; 0    ; 2            ; 0       ; 1         ; 0    ; 0            ; 0 (0)        ; 0 (0)             ; 0 (0)            ; |rasterizer_benchmark|rasterizer:u_rasterizer|lpm_mult:Mult2                                                          ; lpm_mult             ; work         ;
;          |mult_l5t:auto_generated|        ; 0 (0)       ; 0 (0)                     ; 0 (0)         ; 0           ; 0    ; 2            ; 0       ; 1         ; 0    ; 0            ; 0 (0)        ; 0 (0)             ; 0 (0)            ; |rasterizer_benchmark|rasterizer:u_rasterizer|lpm_mult:Mult2|mult_l5t:auto_generated                                  ; mult_l5t             ; work         ;
;       |lpm_mult:Mult3|                    ; 0 (0)       ; 0 (0)                     ; 0 (0)         ; 0           ; 0    ; 2            ; 0       ; 1         ; 0    ; 0            ; 0 (0)        ; 0 (0)             ; 0 (0)            ; |rasterizer_benchmark|rasterizer:u_rasterizer|lpm_mult:Mult3                                                          ; lpm_mult             ; work         ;
;          |mult_l5t:auto_generated|        ; 0 (0)       ; 0 (0)                     ; 0 (0)         ; 0           ; 0    ; 2            ; 0       ; 1         ; 0    ; 0            ; 0 (0)        ; 0 (0)             ; 0 (0)            ; |rasterizer_benchmark|rasterizer:u_rasterizer|lpm_mult:Mult3|mult_l5t:auto_generated                                  ; mult_l5t             ; work         ;
;       |lpm_mult:Mult4|                    ; 0 (0)       ; 0 (0)                     ; 0 (0)         ; 0           ; 0    ; 2            ; 0       ; 1         ; 0    ; 0            ; 0 (0)        ; 0 (0)             ; 0 (0)            ; |rasterizer_benchmark|rasterizer:u_rasterizer|lpm_mult:Mult4                                                          ; lpm_mult             ; work         ;
;          |mult_l5t:auto_generated|        ; 0 (0)       ; 0 (0)                     ; 0 (0)         ; 0           ; 0    ; 2            ; 0       ; 1         ; 0    ; 0            ; 0 (0)        ; 0 (0)             ; 0 (0)            ; |rasterizer_benchmark|rasterizer:u_rasterizer|lpm_mult:Mult4|mult_l5t:auto_generated                                  ; mult_l5t             ; work         ;
;       |lpm_mult:Mult5|                    ; 0 (0)       ; 0 (0)                     ; 0 (0)         ; 0           ; 0    ; 2            ; 0       ; 1         ; 0    ; 0            ; 0 (0)        ; 0 (0)             ; 0 (0)            ; |rasterizer_benchmark|rasterizer:u_rasterizer|lpm_mult:Mult5                                                          ; lpm_mult             ; work         ;
;          |mult_l5t:auto_generated|        ; 0 (0)       ; 0 (0)                     ; 0 (0)         ; 0           ; 0    ; 2            ; 0       ; 1         ; 0    ; 0            ; 0 (0)        ; 0 (0)             ; 0 (0)            ; |rasterizer_benchmark|rasterizer:u_rasterizer|lpm_mult:Mult5|mult_l5t:auto_generated                                  ; mult_l5t             ; work         ;
;    |screen_mem:u_screen_mem|              ; 63 (39)     ; 11 (3)                    ; 0 (0)         ; 76800       ; 16   ; 0            ; 0       ; 0         ; 0    ; 0            ; 51 (36)      ; 2 (2)             ; 10 (1)           ; |rasterizer_benchmark|screen_mem:u_screen_mem                                                                         ; screen_mem           ; work         ;
;       |altsyncram:mem0_rtl_0|             ; 3 (0)       ; 1 (0)                     ; 0 (0)         ; 9600        ; 2    ; 0            ; 0       ; 0         ; 0    ; 0            ; 2 (0)        ; 0 (0)             ; 1 (0)            ; |rasterizer_benchmark|screen_mem:u_screen_mem|altsyncram:mem0_rtl_0                                                   ; altsyncram           ; work         ;
;          |altsyncram_0fg1:auto_generated| ; 3 (1)       ; 1 (1)                     ; 0 (0)         ; 9600        ; 2    ; 0            ; 0       ; 0         ; 0    ; 0            ; 2 (0)        ; 0 (0)             ; 1 (0)            ; |rasterizer_benchmark|screen_mem:u_screen_mem|altsyncram:mem0_rtl_0|altsyncram_0fg1:auto_generated                    ; altsyncram_0fg1      ; work         ;
;             |decode_jsa:decode2|          ; 2 (2)       ; 0 (0)                     ; 0 (0)         ; 0           ; 0    ; 0            ; 0       ; 0         ; 0    ; 0            ; 2 (2)        ; 0 (0)             ; 0 (0)            ; |rasterizer_benchmark|screen_mem:u_screen_mem|altsyncram:mem0_rtl_0|altsyncram_0fg1:auto_generated|decode_jsa:decode2 ; decode_jsa           ; work         ;
;             |mux_smb:mux3|                ; 1 (1)       ; 0 (0)                     ; 0 (0)         ; 0           ; 0    ; 0            ; 0       ; 0         ; 0    ; 0            ; 0 (0)        ; 0 (0)             ; 1 (1)            ; |rasterizer_benchmark|screen_mem:u_screen_mem|altsyncram:mem0_rtl_0|altsyncram_0fg1:auto_generated|mux_smb:mux3       ; mux_smb              ; work         ;
;       |altsyncram:mem1_rtl_0|             ; 3 (0)       ; 1 (0)                     ; 0 (0)         ; 9600        ; 2    ; 0            ; 0       ; 0         ; 0    ; 0            ; 2 (0)        ; 0 (0)             ; 1 (0)            ; |rasterizer_benchmark|screen_mem:u_screen_mem|altsyncram:mem1_rtl_0                                                   ; altsyncram           ; work         ;
;          |altsyncram_0fg1:auto_generated| ; 3 (1)       ; 1 (1)                     ; 0 (0)         ; 9600        ; 2    ; 0            ; 0       ; 0         ; 0    ; 0            ; 2 (0)        ; 0 (0)             ; 1 (0)            ; |rasterizer_benchmark|screen_mem:u_screen_mem|altsyncram:mem1_rtl_0|altsyncram_0fg1:auto_generated                    ; altsyncram_0fg1      ; work         ;
;             |decode_jsa:decode2|          ; 2 (2)       ; 0 (0)                     ; 0 (0)         ; 0           ; 0    ; 0            ; 0       ; 0         ; 0    ; 0            ; 2 (2)        ; 0 (0)             ; 0 (0)            ; |rasterizer_benchmark|screen_mem:u_screen_mem|altsyncram:mem1_rtl_0|altsyncram_0fg1:auto_generated|decode_jsa:decode2 ; decode_jsa           ; work         ;
;             |mux_smb:mux3|                ; 1 (1)       ; 0 (0)                     ; 0 (0)         ; 0           ; 0    ; 0            ; 0       ; 0         ; 0    ; 0            ; 0 (0)        ; 0 (0)             ; 1 (1)            ; |rasterizer_benchmark|screen_mem:u_screen_mem|altsyncram:mem1_rtl_0|altsyncram_0fg1:auto_generated|mux_smb:mux3       ; mux_smb              ; work         ;
;       |altsyncram:mem2_rtl_0|             ; 3 (0)       ; 1 (0)                     ; 0 (0)         ; 9600        ; 2    ; 0            ; 0       ; 0         ; 0    ; 0            ; 2 (0)        ; 0 (0)             ; 1 (0)            ; |rasterizer_benchmark|screen_mem:u_screen_mem|altsyncram:mem2_rtl_0                                                   ; altsyncram           ; work         ;
;          |altsyncram_0fg1:auto_generated| ; 3 (1)       ; 1 (1)                     ; 0 (0)         ; 9600        ; 2    ; 0            ; 0       ; 0         ; 0    ; 0            ; 2 (0)        ; 0 (0)             ; 1 (0)            ; |rasterizer_benchmark|screen_mem:u_screen_mem|altsyncram:mem2_rtl_0|altsyncram_0fg1:auto_generated                    ; altsyncram_0fg1      ; work         ;
;             |decode_jsa:decode2|          ; 2 (2)       ; 0 (0)                     ; 0 (0)         ; 0           ; 0    ; 0            ; 0       ; 0         ; 0    ; 0            ; 2 (2)        ; 0 (0)             ; 0 (0)            ; |rasterizer_benchmark|screen_mem:u_screen_mem|altsyncram:mem2_rtl_0|altsyncram_0fg1:auto_generated|decode_jsa:decode2 ; decode_jsa           ; work         ;
;             |mux_smb:mux3|                ; 1 (1)       ; 0 (0)                     ; 0 (0)         ; 0           ; 0    ; 0            ; 0       ; 0         ; 0    ; 0            ; 0 (0)        ; 0 (0)             ; 1 (1)            ; |rasterizer_benchmark|screen_mem:u_screen_mem|altsyncram:mem2_rtl_0|altsyncram_0fg1:auto_generated|mux_smb:mux3       ; mux_smb              ; work         ;
;       |altsyncram:mem3_rtl_0|             ; 3 (0)       ; 1 (0)                     ; 0 (0)         ; 9600        ; 2    ; 0            ; 0       ; 0         ; 0    ; 0            ; 1 (0)        ; 0 (0)             ; 2 (0)            ; |rasterizer_benchmark|screen_mem:u_screen_mem|altsyncram:mem3_rtl_0                                                   ; altsyncram           ; work         ;
;          |altsyncram_0fg1:auto_generated| ; 3 (1)       ; 1 (1)                     ; 0 (0)         ; 9600        ; 2    ; 0            ; 0       ; 0         ; 0    ; 0            ; 1 (0)        ; 0 (0)             ; 2 (0)            ; |rasterizer_benchmark|screen_mem:u_screen_mem|altsyncram:mem3_rtl_0|altsyncram_0fg1:auto_generated                    ; altsyncram_0fg1      ; work         ;
;             |decode_jsa:decode2|          ; 2 (2)       ; 0 (0)                     ; 0 (0)         ; 0           ; 0    ; 0            ; 0       ; 0         ; 0    ; 0            ; 1 (1)        ; 0 (0)             ; 1 (1)            ; |rasterizer_benchmark|screen_mem:u_screen_mem|altsyncram:mem3_rtl_0|altsyncram_0fg1:auto_generated|decode_jsa:decode2 ; decode_jsa           ; work         ;
;             |mux_smb:mux3|                ; 1 (1)       ; 0 (0)                     ; 0 (0)         ; 0           ; 0    ; 0            ; 0       ; 0         ; 0    ; 0            ; 0 (0)        ; 0 (0)             ; 1 (1)            ; |rasterizer_benchmark|screen_mem:u_screen_mem|altsyncram:mem3_rtl_0|altsyncram_0fg1:auto_generated|mux_smb:mux3       ; mux_smb              ; work         ;
;       |altsyncram:mem4_rtl_0|             ; 3 (0)       ; 1 (0)                     ; 0 (0)         ; 9600        ; 2    ; 0            ; 0       ; 0         ; 0    ; 0            ; 2 (0)        ; 0 (0)             ; 1 (0)            ; |rasterizer_benchmark|screen_mem:u_screen_mem|altsyncram:mem4_rtl_0                                                   ; altsyncram           ; work         ;
;          |altsyncram_0fg1:auto_generated| ; 3 (1)       ; 1 (1)                     ; 0 (0)         ; 9600        ; 2    ; 0            ; 0       ; 0         ; 0    ; 0            ; 2 (0)        ; 0 (0)             ; 1 (0)            ; |rasterizer_benchmark|screen_mem:u_screen_mem|altsyncram:mem4_rtl_0|altsyncram_0fg1:auto_generated                    ; altsyncram_0fg1      ; work         ;
;             |decode_jsa:decode2|          ; 2 (2)       ; 0 (0)                     ; 0 (0)         ; 0           ; 0    ; 0            ; 0       ; 0         ; 0    ; 0            ; 2 (2)        ; 0 (0)             ; 0 (0)            ; |rasterizer_benchmark|screen_mem:u_screen_mem|altsyncram:mem4_rtl_0|altsyncram_0fg1:auto_generated|decode_jsa:decode2 ; decode_jsa           ; work         ;
;             |mux_smb:mux3|                ; 1 (1)       ; 0 (0)                     ; 0 (0)         ; 0           ; 0    ; 0            ; 0       ; 0         ; 0    ; 0            ; 0 (0)        ; 0 (0)             ; 1 (1)            ; |rasterizer_benchmark|screen_mem:u_screen_mem|altsyncram:mem4_rtl_0|altsyncram_0fg1:auto_generated|mux_smb:mux3       ; mux_smb              ; work         ;
;       |altsyncram:mem5_rtl_0|             ; 3 (0)       ; 1 (0)                     ; 0 (0)         ; 9600        ; 2    ; 0            ; 0       ; 0         ; 0    ; 0            ; 2 (0)        ; 0 (0)             ; 1 (0)            ; |rasterizer_benchmark|screen_mem:u_screen_mem|altsyncram:mem5_rtl_0                                                   ; altsyncram           ; work         ;
;          |altsyncram_0fg1:auto_generated| ; 3 (1)       ; 1 (1)                     ; 0 (0)         ; 9600        ; 2    ; 0            ; 0       ; 0         ; 0    ; 0            ; 2 (0)        ; 0 (0)             ; 1 (0)            ; |rasterizer_benchmark|screen_mem:u_screen_mem|altsyncram:mem5_rtl_0|altsyncram_0fg1:auto_generated                    ; altsyncram_0fg1      ; work         ;
;             |decode_jsa:decode2|          ; 2 (2)       ; 0 (0)                     ; 0 (0)         ; 0           ; 0    ; 0            ; 0       ; 0         ; 0    ; 0            ; 2 (2)        ; 0 (0)             ; 0 (0)            ; |rasterizer_benchmark|screen_mem:u_screen_mem|altsyncram:mem5_rtl_0|altsyncram_0fg1:auto_generated|decode_jsa:decode2 ; decode_jsa           ; work         ;
;             |mux_smb:mux3|                ; 1 (1)       ; 0 (0)                     ; 0 (0)         ; 0           ; 0    ; 0            ; 0       ; 0         ; 0    ; 0            ; 0 (0)        ; 0 (0)             ; 1 (1)            ; |rasterizer_benchmark|screen_mem:u_screen_mem|altsyncram:mem5_rtl_0|altsyncram_0fg1:auto_generated|mux_smb:mux3       ; mux_smb              ; work         ;
;       |altsyncram:mem6_rtl_0|             ; 3 (0)       ; 1 (0)                     ; 0 (0)         ; 9600        ; 2    ; 0            ; 0       ; 0         ; 0    ; 0            ; 2 (0)        ; 0 (0)             ; 1 (0)            ; |rasterizer_benchmark|screen_mem:u_screen_mem|altsyncram:mem6_rtl_0                                                   ; altsyncram           ; work         ;
;          |altsyncram_0fg1:auto_generated| ; 3 (1)       ; 1 (1)                     ; 0 (0)         ; 9600        ; 2    ; 0            ; 0       ; 0         ; 0    ; 0            ; 2 (0)        ; 0 (0)             ; 1 (0)            ; |rasterizer_benchmark|screen_mem:u_screen_mem|altsyncram:mem6_rtl_0|altsyncram_0fg1:auto_generated                    ; altsyncram_0fg1      ; work         ;
;             |decode_jsa:decode2|          ; 2 (2)       ; 0 (0)                     ; 0 (0)         ; 0           ; 0    ; 0            ; 0       ; 0         ; 0    ; 0            ; 2 (2)        ; 0 (0)             ; 0 (0)            ; |rasterizer_benchmark|screen_mem:u_screen_mem|altsyncram:mem6_rtl_0|altsyncram_0fg1:auto_generated|decode_jsa:decode2 ; decode_jsa           ; work         ;
;             |mux_smb:mux3|                ; 1 (1)       ; 0 (0)                     ; 0 (0)         ; 0           ; 0    ; 0            ; 0       ; 0         ; 0    ; 0            ; 0 (0)        ; 0 (0)             ; 1 (1)            ; |rasterizer_benchmark|screen_mem:u_screen_mem|altsyncram:mem6_rtl_0|altsyncram_0fg1:auto_generated|mux_smb:mux3       ; mux_smb              ; work         ;
;       |altsyncram:mem7_rtl_0|             ; 3 (0)       ; 1 (0)                     ; 0 (0)         ; 9600        ; 2    ; 0            ; 0       ; 0         ; 0    ; 0            ; 2 (0)        ; 0 (0)             ; 1 (0)            ; |rasterizer_benchmark|screen_mem:u_screen_mem|altsyncram:mem7_rtl_0                                                   ; altsyncram           ; work         ;
;          |altsyncram_0fg1:auto_generated| ; 3 (1)       ; 1 (1)                     ; 0 (0)         ; 9600        ; 2    ; 0            ; 0       ; 0         ; 0    ; 0            ; 2 (0)        ; 0 (0)             ; 1 (0)            ; |rasterizer_benchmark|screen_mem:u_screen_mem|altsyncram:mem7_rtl_0|altsyncram_0fg1:auto_generated                    ; altsyncram_0fg1      ; work         ;
;             |decode_jsa:decode2|          ; 2 (2)       ; 0 (0)                     ; 0 (0)         ; 0           ; 0    ; 0            ; 0       ; 0         ; 0    ; 0            ; 2 (2)        ; 0 (0)             ; 0 (0)            ; |rasterizer_benchmark|screen_mem:u_screen_mem|altsyncram:mem7_rtl_0|altsyncram_0fg1:auto_generated|decode_jsa:decode2 ; decode_jsa           ; work         ;
;             |mux_smb:mux3|                ; 1 (1)       ; 0 (0)                     ; 0 (0)         ; 0           ; 0    ; 0            ; 0       ; 0         ; 0    ; 0            ; 0 (0)        ; 0 (0)             ; 1 (1)            ; |rasterizer_benchmark|screen_mem:u_screen_mem|altsyncram:mem7_rtl_0|altsyncram_0fg1:auto_generated|mux_smb:mux3       ; mux_smb              ; work         ;
+-------------------------------------------+-------------+---------------------------+---------------+-------------+------+--------------+---------+-----------+------+--------------+--------------+-------------------+------------------+-----------------------------------------------------------------------------------------------------------------------+----------------------+--------------+
Note: For table entries with two numbers listed, the numbers in parentheses indicate the number of resources of the given type used by the specific entity alone. The numbers listed outside of parentheses indicate the total resources of the given type used by the specific entity and all of its sub-entities in the hierarchy.


+-------------------------------------------------------------------------------------------+
; Delay Chain Summary                                                                       ;
+-----------+----------+---------------+---------------+-----------------------+-----+------+
; Name      ; Pin Type ; Pad to Core 0 ; Pad to Core 1 ; Pad to Input Register ; TCO ; TCOE ;
+-----------+----------+---------------+---------------+-----------------------+-----+------+
; done      ; Output   ; --            ; --            ; --                    ; --  ; --   ;
; pixel_out ; Output   ; --            ; --            ; --                    ; --  ; --   ;
; clk       ; Input    ; (0) 0 ps      ; --            ; --                    ; --  ; --   ;
; rst_n     ; Input    ; (0) 0 ps      ; --            ; --                    ; --  ; --   ;
; x1[8]     ; Input    ; --            ; (6) 1314 ps   ; --                    ; --  ; --   ;
; x2[8]     ; Input    ; --            ; (6) 1314 ps   ; --                    ; --  ; --   ;
; x2[7]     ; Input    ; --            ; (6) 1314 ps   ; --                    ; --  ; --   ;
; x1[7]     ; Input    ; (6) 1314 ps   ; --            ; --                    ; --  ; --   ;
; x2[6]     ; Input    ; --            ; (6) 1314 ps   ; --                    ; --  ; --   ;
; x1[6]     ; Input    ; --            ; (6) 1314 ps   ; --                    ; --  ; --   ;
; x2[5]     ; Input    ; (6) 1314 ps   ; --            ; --                    ; --  ; --   ;
; x1[5]     ; Input    ; --            ; (6) 1314 ps   ; --                    ; --  ; --   ;
; x2[4]     ; Input    ; (6) 1314 ps   ; --            ; --                    ; --  ; --   ;
; x1[4]     ; Input    ; (6) 1314 ps   ; --            ; --                    ; --  ; --   ;
; x2[3]     ; Input    ; (6) 1314 ps   ; --            ; --                    ; --  ; --   ;
; x1[3]     ; Input    ; (6) 1314 ps   ; --            ; --                    ; --  ; --   ;
; x2[2]     ; Input    ; (6) 1314 ps   ; --            ; --                    ; --  ; --   ;
; x1[2]     ; Input    ; --            ; (6) 1314 ps   ; --                    ; --  ; --   ;
; x2[1]     ; Input    ; (6) 1314 ps   ; --            ; --                    ; --  ; --   ;
; x1[1]     ; Input    ; (6) 1314 ps   ; --            ; --                    ; --  ; --   ;
; x2[0]     ; Input    ; (6) 1314 ps   ; --            ; --                    ; --  ; --   ;
; x1[0]     ; Input    ; (6) 1314 ps   ; --            ; --                    ; --  ; --   ;
; x3[8]     ; Input    ; (6) 1314 ps   ; --            ; --                    ; --  ; --   ;
; x3[7]     ; Input    ; (6) 1314 ps   ; --            ; --                    ; --  ; --   ;
; x3[6]     ; Input    ; (6) 1314 ps   ; --            ; --                    ; --  ; --   ;
; x3[5]     ; Input    ; --            ; (6) 1314 ps   ; --                    ; --  ; --   ;
; x3[4]     ; Input    ; (6) 1314 ps   ; --            ; --                    ; --  ; --   ;
; x3[3]     ; Input    ; --            ; (6) 1314 ps   ; --                    ; --  ; --   ;
; x3[2]     ; Input    ; (0) 0 ps      ; --            ; --                    ; --  ; --   ;
; x3[1]     ; Input    ; (0) 0 ps      ; --            ; --                    ; --  ; --   ;
; x3[0]     ; Input    ; (6) 1314 ps   ; --            ; --                    ; --  ; --   ;
; y2[8]     ; Input    ; (6) 1314 ps   ; --            ; --                    ; --  ; --   ;
; y1[8]     ; Input    ; --            ; (6) 1314 ps   ; --                    ; --  ; --   ;
; y2[7]     ; Input    ; (6) 1314 ps   ; --            ; --                    ; --  ; --   ;
; y1[7]     ; Input    ; (6) 1314 ps   ; --            ; --                    ; --  ; --   ;
; y2[6]     ; Input    ; (6) 1314 ps   ; --            ; --                    ; --  ; --   ;
; y1[6]     ; Input    ; (6) 1314 ps   ; --            ; --                    ; --  ; --   ;
; y2[5]     ; Input    ; (6) 1314 ps   ; --            ; --                    ; --  ; --   ;
; y1[5]     ; Input    ; (6) 1314 ps   ; --            ; --                    ; --  ; --   ;
; y2[4]     ; Input    ; (6) 1314 ps   ; --            ; --                    ; --  ; --   ;
; y1[4]     ; Input    ; --            ; (6) 1314 ps   ; --                    ; --  ; --   ;
; y2[3]     ; Input    ; (6) 1314 ps   ; --            ; --                    ; --  ; --   ;
; y1[3]     ; Input    ; --            ; (6) 1314 ps   ; --                    ; --  ; --   ;
; y2[2]     ; Input    ; (6) 1314 ps   ; --            ; --                    ; --  ; --   ;
; y1[2]     ; Input    ; (6) 1314 ps   ; --            ; --                    ; --  ; --   ;
; y2[1]     ; Input    ; --            ; (6) 1314 ps   ; --                    ; --  ; --   ;
; y1[1]     ; Input    ; (6) 1314 ps   ; --            ; --                    ; --  ; --   ;
; y2[0]     ; Input    ; (6) 1314 ps   ; --            ; --                    ; --  ; --   ;
; y1[0]     ; Input    ; --            ; (6) 1314 ps   ; --                    ; --  ; --   ;
; y3[8]     ; Input    ; --            ; (6) 1314 ps   ; --                    ; --  ; --   ;
; y3[7]     ; Input    ; (6) 1314 ps   ; --            ; --                    ; --  ; --   ;
; y3[6]     ; Input    ; (6) 1314 ps   ; --            ; --                    ; --  ; --   ;
; y3[5]     ; Input    ; (6) 1314 ps   ; --            ; --                    ; --  ; --   ;
; y3[4]     ; Input    ; (6) 1314 ps   ; --            ; --                    ; --  ; --   ;
; y3[3]     ; Input    ; (6) 1314 ps   ; --            ; --                    ; --  ; --   ;
; y3[2]     ; Input    ; (0) 0 ps      ; --            ; --                    ; --  ; --   ;
; y3[1]     ; Input    ; (0) 0 ps      ; --            ; --                    ; --  ; --   ;
; y3[0]     ; Input    ; (6) 1314 ps   ; --            ; --                    ; --  ; --   ;
; start     ; Input    ; (6) 1314 ps   ; --            ; --                    ; --  ; --   ;
+-----------+----------+---------------+---------------+-----------------------+-----+------+


+-----------------------------------------------------------------------------------+
; Pad To Core Delay Chain Fanout                                                    ;
+-----------------------------------------------------+-------------------+---------+
; Source Pin / Fanout                                 ; Pad To Core Index ; Setting ;
+-----------------------------------------------------+-------------------+---------+
; clk                                                 ;                   ;         ;
; rst_n                                               ;                   ;         ;
; x1[8]                                               ;                   ;         ;
;      - rasterizer:u_rasterizer|x1[8]                ; 1                 ; 6       ;
; x2[8]                                               ;                   ;         ;
;      - rasterizer:u_rasterizer|x2[8]                ; 1                 ; 6       ;
; x2[7]                                               ;                   ;         ;
;      - rasterizer:u_rasterizer|x2[7]~feeder         ; 1                 ; 6       ;
; x1[7]                                               ;                   ;         ;
;      - rasterizer:u_rasterizer|x1[7]                ; 0                 ; 6       ;
; x2[6]                                               ;                   ;         ;
;      - rasterizer:u_rasterizer|x2[6]~feeder         ; 1                 ; 6       ;
; x1[6]                                               ;                   ;         ;
;      - rasterizer:u_rasterizer|x1[6]                ; 1                 ; 6       ;
; x2[5]                                               ;                   ;         ;
;      - rasterizer:u_rasterizer|x2[5]                ; 0                 ; 6       ;
; x1[5]                                               ;                   ;         ;
;      - rasterizer:u_rasterizer|x1[5]~feeder         ; 1                 ; 6       ;
; x2[4]                                               ;                   ;         ;
;      - rasterizer:u_rasterizer|x2[4]                ; 0                 ; 6       ;
; x1[4]                                               ;                   ;         ;
;      - rasterizer:u_rasterizer|x1[4]                ; 0                 ; 6       ;
; x2[3]                                               ;                   ;         ;
;      - rasterizer:u_rasterizer|x2[3]~feeder         ; 0                 ; 6       ;
; x1[3]                                               ;                   ;         ;
;      - rasterizer:u_rasterizer|x1[3]~feeder         ; 0                 ; 6       ;
; x2[2]                                               ;                   ;         ;
;      - rasterizer:u_rasterizer|x2[2]~feeder         ; 0                 ; 6       ;
; x1[2]                                               ;                   ;         ;
;      - rasterizer:u_rasterizer|x1[2]~feeder         ; 1                 ; 6       ;
; x2[1]                                               ;                   ;         ;
;      - rasterizer:u_rasterizer|x2[1]~feeder         ; 0                 ; 6       ;
; x1[1]                                               ;                   ;         ;
;      - rasterizer:u_rasterizer|x1[1]                ; 0                 ; 6       ;
; x2[0]                                               ;                   ;         ;
;      - rasterizer:u_rasterizer|x2[0]                ; 0                 ; 6       ;
; x1[0]                                               ;                   ;         ;
;      - rasterizer:u_rasterizer|x1[0]~feeder         ; 0                 ; 6       ;
; x3[8]                                               ;                   ;         ;
;      - rasterizer:u_rasterizer|x3[8]                ; 0                 ; 6       ;
; x3[7]                                               ;                   ;         ;
;      - rasterizer:u_rasterizer|x3[7]                ; 0                 ; 6       ;
; x3[6]                                               ;                   ;         ;
;      - rasterizer:u_rasterizer|x3[6]                ; 0                 ; 6       ;
; x3[5]                                               ;                   ;         ;
;      - rasterizer:u_rasterizer|x3[5]                ; 1                 ; 6       ;
; x3[4]                                               ;                   ;         ;
;      - rasterizer:u_rasterizer|x3[4]~feeder         ; 0                 ; 6       ;
; x3[3]                                               ;                   ;         ;
;      - rasterizer:u_rasterizer|x3[3]~feeder         ; 1                 ; 6       ;
; x3[2]                                               ;                   ;         ;
; x3[1]                                               ;                   ;         ;
; x3[0]                                               ;                   ;         ;
;      - rasterizer:u_rasterizer|x3[0]                ; 0                 ; 6       ;
; y2[8]                                               ;                   ;         ;
;      - rasterizer:u_rasterizer|y2[8]                ; 0                 ; 6       ;
; y1[8]                                               ;                   ;         ;
;      - rasterizer:u_rasterizer|y1[8]                ; 1                 ; 6       ;
; y2[7]                                               ;                   ;         ;
;      - rasterizer:u_rasterizer|y2[7]                ; 0                 ; 6       ;
; y1[7]                                               ;                   ;         ;
;      - rasterizer:u_rasterizer|y1[7]                ; 0                 ; 6       ;
; y2[6]                                               ;                   ;         ;
;      - rasterizer:u_rasterizer|y2[6]                ; 0                 ; 6       ;
; y1[6]                                               ;                   ;         ;
;      - rasterizer:u_rasterizer|y1[6]~feeder         ; 0                 ; 6       ;
; y2[5]                                               ;                   ;         ;
;      - rasterizer:u_rasterizer|y2[5]                ; 0                 ; 6       ;
; y1[5]                                               ;                   ;         ;
;      - rasterizer:u_rasterizer|y1[5]                ; 0                 ; 6       ;
; y2[4]                                               ;                   ;         ;
;      - rasterizer:u_rasterizer|y2[4]                ; 0                 ; 6       ;
; y1[4]                                               ;                   ;         ;
;      - rasterizer:u_rasterizer|y1[4]~feeder         ; 1                 ; 6       ;
; y2[3]                                               ;                   ;         ;
;      - rasterizer:u_rasterizer|y2[3]                ; 0                 ; 6       ;
; y1[3]                                               ;                   ;         ;
;      - rasterizer:u_rasterizer|y1[3]                ; 1                 ; 6       ;
; y2[2]                                               ;                   ;         ;
;      - rasterizer:u_rasterizer|y2[2]                ; 0                 ; 6       ;
; y1[2]                                               ;                   ;         ;
;      - rasterizer:u_rasterizer|y1[2]~feeder         ; 0                 ; 6       ;
; y2[1]                                               ;                   ;         ;
;      - rasterizer:u_rasterizer|y2[1]                ; 1                 ; 6       ;
; y1[1]                                               ;                   ;         ;
;      - rasterizer:u_rasterizer|y1[1]~feeder         ; 0                 ; 6       ;
; y2[0]                                               ;                   ;         ;
;      - rasterizer:u_rasterizer|y2[0]                ; 0                 ; 6       ;
; y1[0]                                               ;                   ;         ;
;      - rasterizer:u_rasterizer|y1[0]                ; 1                 ; 6       ;
; y3[8]                                               ;                   ;         ;
;      - rasterizer:u_rasterizer|y3[8]                ; 1                 ; 6       ;
; y3[7]                                               ;                   ;         ;
;      - rasterizer:u_rasterizer|y3[7]                ; 0                 ; 6       ;
; y3[6]                                               ;                   ;         ;
;      - rasterizer:u_rasterizer|y3[6]~feeder         ; 0                 ; 6       ;
; y3[5]                                               ;                   ;         ;
;      - rasterizer:u_rasterizer|y3[5]                ; 0                 ; 6       ;
; y3[4]                                               ;                   ;         ;
;      - rasterizer:u_rasterizer|y3[4]~feeder         ; 0                 ; 6       ;
; y3[3]                                               ;                   ;         ;
;      - rasterizer:u_rasterizer|y3[3]                ; 0                 ; 6       ;
; y3[2]                                               ;                   ;         ;
; y3[1]                                               ;                   ;         ;
; y3[0]                                               ;                   ;         ;
;      - rasterizer:u_rasterizer|y3[0]~feeder         ; 0                 ; 6       ;
; start                                               ;                   ;         ;
;      - rasterizer:u_rasterizer|Selector23~0         ; 0                 ; 6       ;
;      - rasterizer:u_rasterizer|current_state.IDLE~0 ; 0                 ; 6       ;
;      - rasterizer:u_rasterizer|Selector24~7         ; 0                 ; 6       ;
+-----------------------------------------------------+-------------------+---------+


+-----------------------------------------------------------------------------------------------------------------------------------------------------------------------------------------------------------------------------------------+
; Control Signals                                                                                                                                                                                                                         ;
+------------------------------------------------------------------------------------------------------------+--------------------+---------+--------------+--------+----------------------+------------------+---------------------------+
; Name                                                                                                       ; Location           ; Fan-Out ; Usage        ; Global ; Global Resource Used ; Global Line Name ; Enable Signal Source Name ;
+------------------------------------------------------------------------------------------------------------+--------------------+---------+--------------+--------+----------------------+------------------+---------------------------+
; clk                                                                                                        ; PIN_23             ; 251     ; Clock        ; yes    ; Global Clock         ; GCLK2            ; --                        ;
; rasterizer:u_rasterizer|always1~1                                                                          ; LCCOMB_X26_Y10_N30 ; 3       ; Sync. load   ; no     ; --                   ; --               ; --                        ;
; rasterizer:u_rasterizer|always1~2                                                                          ; LCCOMB_X25_Y11_N2  ; 3       ; Sync. load   ; no     ; --                   ; --               ; --                        ;
; rasterizer:u_rasterizer|current_x[3]~0                                                                     ; LCCOMB_X25_Y13_N10 ; 7       ; Clock enable ; no     ; --                   ; --               ; --                        ;
; rasterizer:u_rasterizer|current_y[8]~2                                                                     ; LCCOMB_X21_Y10_N24 ; 9       ; Clock enable ; no     ; --                   ; --               ; --                        ;
; rasterizer:u_rasterizer|pipe_x[9]~1                                                                        ; LCCOMB_X24_Y9_N28  ; 129     ; Clock enable ; no     ; --                   ; --               ; --                        ;
; rasterizer:u_rasterizer|y3[8]~0                                                                            ; LCCOMB_X25_Y13_N30 ; 54      ; Clock enable ; no     ; --                   ; --               ; --                        ;
; rst_n                                                                                                      ; PIN_24             ; 7       ; Clock enable ; no     ; --                   ; --               ; --                        ;
; rst_n                                                                                                      ; PIN_24             ; 23      ; Async. clear ; yes    ; Global Clock         ; GCLK4            ; --                        ;
; screen_mem:u_screen_mem|altsyncram:mem0_rtl_0|altsyncram_0fg1:auto_generated|decode_jsa:decode2|eq_node[0] ; LCCOMB_X23_Y9_N6   ; 1       ; Write enable ; no     ; --                   ; --               ; --                        ;
; screen_mem:u_screen_mem|altsyncram:mem0_rtl_0|altsyncram_0fg1:auto_generated|decode_jsa:decode2|eq_node[1] ; LCCOMB_X22_Y9_N0   ; 1       ; Write enable ; no     ; --                   ; --               ; --                        ;
; screen_mem:u_screen_mem|altsyncram:mem1_rtl_0|altsyncram_0fg1:auto_generated|decode_jsa:decode2|eq_node[0] ; LCCOMB_X16_Y8_N6   ; 1       ; Write enable ; no     ; --                   ; --               ; --                        ;
; screen_mem:u_screen_mem|altsyncram:mem1_rtl_0|altsyncram_0fg1:auto_generated|decode_jsa:decode2|eq_node[1] ; LCCOMB_X16_Y8_N8   ; 1       ; Write enable ; no     ; --                   ; --               ; --                        ;
; screen_mem:u_screen_mem|altsyncram:mem2_rtl_0|altsyncram_0fg1:auto_generated|decode_jsa:decode2|eq_node[0] ; LCCOMB_X14_Y8_N6   ; 1       ; Write enable ; no     ; --                   ; --               ; --                        ;
; screen_mem:u_screen_mem|altsyncram:mem2_rtl_0|altsyncram_0fg1:auto_generated|decode_jsa:decode2|eq_node[1] ; LCCOMB_X14_Y12_N24 ; 1       ; Write enable ; no     ; --                   ; --               ; --                        ;
; screen_mem:u_screen_mem|altsyncram:mem3_rtl_0|altsyncram_0fg1:auto_generated|decode_jsa:decode2|eq_node[0] ; LCCOMB_X14_Y10_N10 ; 1       ; Write enable ; no     ; --                   ; --               ; --                        ;
; screen_mem:u_screen_mem|altsyncram:mem3_rtl_0|altsyncram_0fg1:auto_generated|decode_jsa:decode2|eq_node[1] ; LCCOMB_X16_Y10_N24 ; 1       ; Write enable ; no     ; --                   ; --               ; --                        ;
; screen_mem:u_screen_mem|altsyncram:mem4_rtl_0|altsyncram_0fg1:auto_generated|decode_jsa:decode2|eq_node[0] ; LCCOMB_X23_Y8_N4   ; 1       ; Write enable ; no     ; --                   ; --               ; --                        ;
; screen_mem:u_screen_mem|altsyncram:mem4_rtl_0|altsyncram_0fg1:auto_generated|decode_jsa:decode2|eq_node[1] ; LCCOMB_X23_Y8_N14  ; 1       ; Write enable ; no     ; --                   ; --               ; --                        ;
; screen_mem:u_screen_mem|altsyncram:mem5_rtl_0|altsyncram_0fg1:auto_generated|decode_jsa:decode2|eq_node[0] ; LCCOMB_X23_Y8_N30  ; 1       ; Write enable ; no     ; --                   ; --               ; --                        ;
; screen_mem:u_screen_mem|altsyncram:mem5_rtl_0|altsyncram_0fg1:auto_generated|decode_jsa:decode2|eq_node[1] ; LCCOMB_X23_Y8_N26  ; 1       ; Write enable ; no     ; --                   ; --               ; --                        ;
; screen_mem:u_screen_mem|altsyncram:mem6_rtl_0|altsyncram_0fg1:auto_generated|decode_jsa:decode2|eq_node[0] ; LCCOMB_X14_Y8_N0   ; 1       ; Write enable ; no     ; --                   ; --               ; --                        ;
; screen_mem:u_screen_mem|altsyncram:mem6_rtl_0|altsyncram_0fg1:auto_generated|decode_jsa:decode2|eq_node[1] ; LCCOMB_X14_Y8_N28  ; 1       ; Write enable ; no     ; --                   ; --               ; --                        ;
; screen_mem:u_screen_mem|altsyncram:mem7_rtl_0|altsyncram_0fg1:auto_generated|decode_jsa:decode2|eq_node[0] ; LCCOMB_X14_Y8_N12  ; 1       ; Write enable ; no     ; --                   ; --               ; --                        ;
; screen_mem:u_screen_mem|altsyncram:mem7_rtl_0|altsyncram_0fg1:auto_generated|decode_jsa:decode2|eq_node[1] ; LCCOMB_X14_Y8_N24  ; 1       ; Write enable ; no     ; --                   ; --               ; --                        ;
+------------------------------------------------------------------------------------------------------------+--------------------+---------+--------------+--------+----------------------+------------------+---------------------------+


+-----------------------------------------------------------------------------------------------------------------------------------------+
; Global & Other Fast Signals                                                                                                             ;
+-------+----------+---------+--------------------------------------+----------------------+------------------+---------------------------+
; Name  ; Location ; Fan-Out ; Fan-Out Using Intentional Clock Skew ; Global Resource Used ; Global Line Name ; Enable Signal Source Name ;
+-------+----------+---------+--------------------------------------+----------------------+------------------+---------------------------+
; clk   ; PIN_23   ; 251     ; 75                                   ; Global Clock         ; GCLK2            ; --                        ;
; rst_n ; PIN_24   ; 23      ; 0                                    ; Global Clock         ; GCLK4            ; --                        ;
+-------+----------+---------+--------------------------------------+----------------------+------------------+---------------------------+


+-------------------------------------------------------------------------------------------------------------------------------------------------------------------------------------------------------------------------------------------------------------------------------------------------------------------------------------------------------------------------------------------------------------------------------------------------------------------------------------------------------------------------------------------------------------------------------------------------------------------------------------+
; Fitter RAM Summary                                                                                                                                                                                                                                                                                                                                                                                                                                                                                                                                                                                                                  ;
+-----------------------------------------------------------------------------------------+------+------------------+--------------+--------------+--------------+--------------+--------------+------------------------+-------------------------+------------------------+-------------------------+------+-----------------------------+-----------------------------+-----------------------------+-----------------------------+---------------------+------+------+--------------------------------+----------------------+------------------------+------------------------+----------+------------------------+---------------+
; Name                                                                                    ; Type ; Mode             ; Clock Mode   ; Port A Depth ; Port A Width ; Port B Depth ; Port B Width ; Port A Input Registers ; Port A Output Registers ; Port B Input Registers ; Port B Output Registers ; Size ; Implementation Port A Depth ; Implementation Port A Width ; Implementation Port B Depth ; Implementation Port B Width ; Implementation Bits ; M9Ks ; MIF  ; Location                       ; Mixed Width RDW Mode ; Port A RDW Mode        ; Port B RDW Mode        ; ECC Mode ; ECC Pipeline Registers ; Fits in MLABs ;
+-----------------------------------------------------------------------------------------+------+------------------+--------------+--------------+--------------+--------------+--------------+------------------------+-------------------------+------------------------+-------------------------+------+-----------------------------+-----------------------------+-----------------------------+-----------------------------+---------------------+------+------+--------------------------------+----------------------+------------------------+------------------------+----------+------------------------+---------------+
; screen_mem:u_screen_mem|altsyncram:mem0_rtl_0|altsyncram_0fg1:auto_generated|ALTSYNCRAM ; AUTO ; Simple Dual Port ; Single Clock ; 9600         ; 1            ; 9600         ; 1            ; yes                    ; no                      ; yes                    ; no                      ; 9600 ; 9600                        ; 1                           ; 9600                        ; 1                           ; 9600                ; 2    ; None ; M9K_X27_Y11_N0, M9K_X27_Y9_N0  ; Old data             ; New data with NBE Read ; New data with NBE Read ; Off      ; No                     ; No - Unknown  ;
; screen_mem:u_screen_mem|altsyncram:mem1_rtl_0|altsyncram_0fg1:auto_generated|ALTSYNCRAM ; AUTO ; Simple Dual Port ; Single Clock ; 9600         ; 1            ; 9600         ; 1            ; yes                    ; no                      ; yes                    ; no                      ; 9600 ; 9600                        ; 1                           ; 9600                        ; 1                           ; 9600                ; 2    ; None ; M9K_X15_Y12_N0, M9K_X15_Y5_N0  ; Old data             ; New data with NBE Read ; New data with NBE Read ; Off      ; No                     ; No - Unknown  ;
; screen_mem:u_screen_mem|altsyncram:mem2_rtl_0|altsyncram_0fg1:auto_generated|ALTSYNCRAM ; AUTO ; Simple Dual Port ; Single Clock ; 9600         ; 1            ; 9600         ; 1            ; yes                    ; no                      ; yes                    ; no                      ; 9600 ; 9600                        ; 1                           ; 9600                        ; 1                           ; 9600                ; 2    ; None ; M9K_X27_Y12_N0, M9K_X15_Y6_N0  ; Old data             ; New data with NBE Read ; New data with NBE Read ; Off      ; No                     ; No - Unknown  ;
; screen_mem:u_screen_mem|altsyncram:mem3_rtl_0|altsyncram_0fg1:auto_generated|ALTSYNCRAM ; AUTO ; Simple Dual Port ; Single Clock ; 9600         ; 1            ; 9600         ; 1            ; yes                    ; no                      ; yes                    ; no                      ; 9600 ; 9600                        ; 1                           ; 9600                        ; 1                           ; 9600                ; 2    ; None ; M9K_X15_Y11_N0, M9K_X15_Y10_N0 ; Old data             ; New data with NBE Read ; New data with NBE Read ; Off      ; No                     ; No - Unknown  ;
; screen_mem:u_screen_mem|altsyncram:mem4_rtl_0|altsyncram_0fg1:auto_generated|ALTSYNCRAM ; AUTO ; Simple Dual Port ; Single Clock ; 9600         ; 1            ; 9600         ; 1            ; yes                    ; no                      ; yes                    ; no                      ; 9600 ; 9600                        ; 1                           ; 9600                        ; 1                           ; 9600                ; 2    ; None ; M9K_X27_Y10_N0, M9K_X27_Y6_N0  ; Old data             ; New data with NBE Read ; New data with NBE Read ; Off      ; No                     ; No - Unknown  ;
; screen_mem:u_screen_mem|altsyncram:mem5_rtl_0|altsyncram_0fg1:auto_generated|ALTSYNCRAM ; AUTO ; Simple Dual Port ; Single Clock ; 9600         ; 1            ; 9600         ; 1            ; yes                    ; no                      ; yes                    ; no                      ; 9600 ; 9600                        ; 1                           ; 9600                        ; 1                           ; 9600                ; 2    ; None ; M9K_X27_Y8_N0, M9K_X27_Y7_N0   ; Old data             ; New data with NBE Read ; New data with NBE Read ; Off      ; No                     ; No - Unknown  ;
; screen_mem:u_screen_mem|altsyncram:mem6_rtl_0|altsyncram_0fg1:auto_generated|ALTSYNCRAM ; AUTO ; Simple Dual Port ; Single Clock ; 9600         ; 1            ; 9600         ; 1            ; yes                    ; no                      ; yes                    ; no                      ; 9600 ; 9600                        ; 1                           ; 9600                        ; 1                           ; 9600                ; 2    ; None ; M9K_X15_Y4_N0, M9K_X15_Y7_N0   ; Old data             ; New data with NBE Read ; New data with NBE Read ; Off      ; No                     ; No - Unknown  ;
; screen_mem:u_screen_mem|altsyncram:mem7_rtl_0|altsyncram_0fg1:auto_generated|ALTSYNCRAM ; AUTO ; Simple Dual Port ; Single Clock ; 9600         ; 1            ; 9600         ; 1            ; yes                    ; no                      ; yes                    ; no                      ; 9600 ; 9600                        ; 1                           ; 9600                        ; 1                           ; 9600                ; 2    ; None ; M9K_X15_Y9_N0, M9K_X15_Y8_N0   ; Old data             ; New data with NBE Read ; New data with NBE Read ; Off      ; No                     ; No - Unknown  ;
+-----------------------------------------------------------------------------------------+------+------------------+--------------+--------------+--------------+--------------+--------------+------------------------+-------------------------+------------------------+-------------------------+------+-----------------------------+-----------------------------+-----------------------------+-----------------------------+---------------------+------+------+--------------------------------+----------------------+------------------------+------------------------+----------+------------------------+---------------+
Note: Fitter may spread logical memories into multiple blocks to improve timing. The actual required RAM blocks can be found in the Fitter Resource Usage section.


+-----------------------------------------------------------------------------------------------+
; Fitter DSP Block Usage Summary                                                                ;
+---------------------------------------+-------------+---------------------+-------------------+
; Statistic                             ; Number Used ; Available per Block ; Maximum Available ;
+---------------------------------------+-------------+---------------------+-------------------+
; Simple Multipliers (9-bit)            ; 0           ; 2                   ; 30                ;
; Simple Multipliers (18-bit)           ; 6           ; 1                   ; 15                ;
; Embedded Multiplier Blocks            ; 6           ; --                  ; 15                ;
; Embedded Multiplier 9-bit elements    ; 12          ; 2                   ; 30                ;
; Signed Embedded Multipliers           ; 6           ; --                  ; --                ;
; Unsigned Embedded Multipliers         ; 0           ; --                  ; --                ;
; Mixed Sign Embedded Multipliers       ; 0           ; --                  ; --                ;
; Variable Sign Embedded Multipliers    ; 0           ; --                  ; --                ;
; Dedicated Input Shift Register Chains ; 0           ; --                  ; --                ;
+---------------------------------------+-------------+---------------------+-------------------+


+----------------------------------------------------------------------------------------------------------------------------------------------------------------------------------------------------------------------------------------------------------------------------+
; DSP Block Details                                                                                                                                                                                                                                                          ;
+-----------------------------------------------------------------------------+----------------------------+--------------------+---------------------+--------------------------------+-----------------------+-----------------------+-------------------+-----------------+
; Name                                                                        ; Mode                       ; Location           ; Sign Representation ; Has Input Shift Register Chain ; Data A Input Register ; Data B Input Register ; Pipeline Register ; Output Register ;
+-----------------------------------------------------------------------------+----------------------------+--------------------+---------------------+--------------------------------+-----------------------+-----------------------+-------------------+-----------------+
; rasterizer:u_rasterizer|lpm_mult:Mult5|mult_l5t:auto_generated|mac_out2     ; Simple Multiplier (18-bit) ; DSPOUT_X20_Y9_N2   ;                     ; No                             ;                       ;                       ;                   ; no              ;
;    rasterizer:u_rasterizer|lpm_mult:Mult5|mult_l5t:auto_generated|mac_mult1 ;                            ; DSPMULT_X20_Y9_N0  ; Signed              ;                                ; no                    ; no                    ; no                ;                 ;
; rasterizer:u_rasterizer|lpm_mult:Mult4|mult_l5t:auto_generated|mac_out2     ; Simple Multiplier (18-bit) ; DSPOUT_X20_Y8_N2   ;                     ; No                             ;                       ;                       ;                   ; no              ;
;    rasterizer:u_rasterizer|lpm_mult:Mult4|mult_l5t:auto_generated|mac_mult1 ;                            ; DSPMULT_X20_Y8_N0  ; Signed              ;                                ; no                    ; no                    ; no                ;                 ;
; rasterizer:u_rasterizer|lpm_mult:Mult3|mult_l5t:auto_generated|mac_out2     ; Simple Multiplier (18-bit) ; DSPOUT_X20_Y13_N2  ;                     ; No                             ;                       ;                       ;                   ; no              ;
;    rasterizer:u_rasterizer|lpm_mult:Mult3|mult_l5t:auto_generated|mac_mult1 ;                            ; DSPMULT_X20_Y13_N0 ; Signed              ;                                ; no                    ; no                    ; no                ;                 ;
; rasterizer:u_rasterizer|lpm_mult:Mult2|mult_l5t:auto_generated|mac_out2     ; Simple Multiplier (18-bit) ; DSPOUT_X20_Y10_N2  ;                     ; No                             ;                       ;                       ;                   ; no              ;
;    rasterizer:u_rasterizer|lpm_mult:Mult2|mult_l5t:auto_generated|mac_mult1 ;                            ; DSPMULT_X20_Y10_N0 ; Signed              ;                                ; no                    ; no                    ; no                ;                 ;
; rasterizer:u_rasterizer|lpm_mult:Mult1|mult_l5t:auto_generated|mac_out2     ; Simple Multiplier (18-bit) ; DSPOUT_X20_Y14_N2  ;                     ; No                             ;                       ;                       ;                   ; no              ;
;    rasterizer:u_rasterizer|lpm_mult:Mult1|mult_l5t:auto_generated|mac_mult1 ;                            ; DSPMULT_X20_Y14_N0 ; Signed              ;                                ; no                    ; no                    ; no                ;                 ;
; rasterizer:u_rasterizer|lpm_mult:Mult0|mult_l5t:auto_generated|mac_out2     ; Simple Multiplier (18-bit) ; DSPOUT_X20_Y12_N2  ;                     ; No                             ;                       ;                       ;                   ; no              ;
;    rasterizer:u_rasterizer|lpm_mult:Mult0|mult_l5t:auto_generated|mac_mult1 ;                            ; DSPMULT_X20_Y12_N0 ; Signed              ;                                ; no                    ; no                    ; no                ;                 ;
+-----------------------------------------------------------------------------+----------------------------+--------------------+---------------------+--------------------------------+-----------------------+-----------------------+-------------------+-----------------+


+------------------------------------------------+
; Routing Usage Summary                          ;
+-----------------------+------------------------+
; Routing Resource Type ; Usage                  ;
+-----------------------+------------------------+
; Block interconnects   ; 2,551 / 32,401 ( 8 % ) ;
; C16 interconnects     ; 46 / 1,326 ( 3 % )     ;
; C4 interconnects      ; 1,329 / 21,816 ( 6 % ) ;
; Direct links          ; 229 / 32,401 ( < 1 % ) ;
; Global clocks         ; 2 / 10 ( 20 % )        ;
; Local interconnects   ; 660 / 10,320 ( 6 % )   ;
; R24 interconnects     ; 44 / 1,289 ( 3 % )     ;
; R4 interconnects      ; 1,512 / 28,186 ( 5 % ) ;
+-----------------------+------------------------+


+-----------------------------------------------------------------------------+
; LAB Logic Elements                                                          ;
+---------------------------------------------+-------------------------------+
; Number of Logic Elements  (Average = 13.51) ; Number of LABs  (Total = 104) ;
+---------------------------------------------+-------------------------------+
; 1                                           ; 2                             ;
; 2                                           ; 0                             ;
; 3                                           ; 0                             ;
; 4                                           ; 0                             ;
; 5                                           ; 0                             ;
; 6                                           ; 0                             ;
; 7                                           ; 0                             ;
; 8                                           ; 0                             ;
; 9                                           ; 2                             ;
; 10                                          ; 6                             ;
; 11                                          ; 8                             ;
; 12                                          ; 12                            ;
; 13                                          ; 18                            ;
; 14                                          ; 13                            ;
; 15                                          ; 11                            ;
; 16                                          ; 32                            ;
+---------------------------------------------+-------------------------------+


+--------------------------------------------------------------------+
; LAB-wide Signals                                                   ;
+------------------------------------+-------------------------------+
; LAB-wide Signals  (Average = 0.73) ; Number of LABs  (Total = 104) ;
+------------------------------------+-------------------------------+
; 1 Async. clear                     ; 5                             ;
; 1 Clock                            ; 38                            ;
; 1 Clock enable                     ; 29                            ;
; 1 Sync. load                       ; 2                             ;
; 2 Clock enables                    ; 2                             ;
+------------------------------------+-------------------------------+


+------------------------------------------------------------------------------+
; LAB Signals Sourced                                                          ;
+----------------------------------------------+-------------------------------+
; Number of Signals Sourced  (Average = 13.76) ; Number of LABs  (Total = 104) ;
+----------------------------------------------+-------------------------------+
; 0                                            ; 0                             ;
; 1                                            ; 3                             ;
; 2                                            ; 2                             ;
; 3                                            ; 1                             ;
; 4                                            ; 5                             ;
; 5                                            ; 2                             ;
; 6                                            ; 0                             ;
; 7                                            ; 0                             ;
; 8                                            ; 5                             ;
; 9                                            ; 2                             ;
; 10                                           ; 4                             ;
; 11                                           ; 5                             ;
; 12                                           ; 12                            ;
; 13                                           ; 15                            ;
; 14                                           ; 9                             ;
; 15                                           ; 6                             ;
; 16                                           ; 7                             ;
; 17                                           ; 3                             ;
; 18                                           ; 0                             ;
; 19                                           ; 3                             ;
; 20                                           ; 3                             ;
; 21                                           ; 2                             ;
; 22                                           ; 2                             ;
; 23                                           ; 1                             ;
; 24                                           ; 7                             ;
; 25                                           ; 4                             ;
; 26                                           ; 1                             ;
+----------------------------------------------+-------------------------------+


+---------------------------------------------------------------------------------+
; LAB Signals Sourced Out                                                         ;
+-------------------------------------------------+-------------------------------+
; Number of Signals Sourced Out  (Average = 7.16) ; Number of LABs  (Total = 104) ;
+-------------------------------------------------+-------------------------------+
; 0                                               ; 0                             ;
; 1                                               ; 12                            ;
; 2                                               ; 7                             ;
; 3                                               ; 12                            ;
; 4                                               ; 15                            ;
; 5                                               ; 12                            ;
; 6                                               ; 2                             ;
; 7                                               ; 1                             ;
; 8                                               ; 6                             ;
; 9                                               ; 3                             ;
; 10                                              ; 5                             ;
; 11                                              ; 11                            ;
; 12                                              ; 1                             ;
; 13                                              ; 4                             ;
; 14                                              ; 2                             ;
; 15                                              ; 1                             ;
; 16                                              ; 2                             ;
; 17                                              ; 0                             ;
; 18                                              ; 1                             ;
; 19                                              ; 4                             ;
; 20                                              ; 1                             ;
; 21                                              ; 1                             ;
; 22                                              ; 0                             ;
; 23                                              ; 0                             ;
; 24                                              ; 1                             ;
+-------------------------------------------------+-------------------------------+


+------------------------------------------------------------------------------+
; LAB Distinct Inputs                                                          ;
+----------------------------------------------+-------------------------------+
; Number of Distinct Inputs  (Average = 19.23) ; Number of LABs  (Total = 104) ;
+----------------------------------------------+-------------------------------+
; 0                                            ; 0                             ;
; 1                                            ; 0                             ;
; 2                                            ; 1                             ;
; 3                                            ; 0                             ;
; 4                                            ; 1                             ;
; 5                                            ; 0                             ;
; 6                                            ; 2                             ;
; 7                                            ; 1                             ;
; 8                                            ; 0                             ;
; 9                                            ; 0                             ;
; 10                                           ; 4                             ;
; 11                                           ; 0                             ;
; 12                                           ; 10                            ;
; 13                                           ; 3                             ;
; 14                                           ; 3                             ;
; 15                                           ; 4                             ;
; 16                                           ; 4                             ;
; 17                                           ; 2                             ;
; 18                                           ; 4                             ;
; 19                                           ; 4                             ;
; 20                                           ; 8                             ;
; 21                                           ; 9                             ;
; 22                                           ; 9                             ;
; 23                                           ; 10                            ;
; 24                                           ; 6                             ;
; 25                                           ; 7                             ;
; 26                                           ; 5                             ;
; 27                                           ; 4                             ;
; 28                                           ; 0                             ;
; 29                                           ; 1                             ;
; 30                                           ; 0                             ;
; 31                                           ; 1                             ;
; 32                                           ; 0                             ;
; 33                                           ; 0                             ;
; 34                                           ; 1                             ;
+----------------------------------------------+-------------------------------+


+------------------------------------------+
; I/O Rules Summary                        ;
+----------------------------------+-------+
; I/O Rules Statistic              ; Total ;
+----------------------------------+-------+
; Total I/O Rules                  ; 30    ;
; Number of I/O Rules Passed       ; 9     ;
; Number of I/O Rules Failed       ; 0     ;
; Number of I/O Rules Unchecked    ; 0     ;
; Number of I/O Rules Inapplicable ; 21    ;
+----------------------------------+-------+


+-----------------------------------------------------------------------------------------------------------------------------------------------------------------------------------------------------------------------------------------------------------------------------------------------------+
; I/O Rules Details                                                                                                                                                                                                                                                                                   ;
+--------------+-----------+-----------------------------------+------------------------------------------------------------------------------------------------------+----------+--------------------------------------------------------------------------+---------------------+-------------------+
; Status       ; ID        ; Category                          ; Rule Description                                                                                     ; Severity ; Information                                                              ; Area                ; Extra Information ;
+--------------+-----------+-----------------------------------+------------------------------------------------------------------------------------------------------+----------+--------------------------------------------------------------------------+---------------------+-------------------+
; Inapplicable ; IO_000001 ; Capacity Checks                   ; Number of pins in an I/O bank should not exceed the number of locations available.                   ; Critical ; No Location assignments found.                                           ; I/O                 ;                   ;
; Inapplicable ; IO_000002 ; Capacity Checks                   ; Number of clocks in an I/O bank should not exceed the number of clocks available.                    ; Critical ; No Global Signal assignments found.                                      ; I/O                 ;                   ;
; Inapplicable ; IO_000003 ; Capacity Checks                   ; Number of pins in a Vrefgroup should not exceed the number of locations available.                   ; Critical ; No Location assignments found.                                           ; I/O                 ;                   ;
; Inapplicable ; IO_000004 ; Voltage Compatibility Checks      ; The I/O bank should support the requested VCCIO.                                                     ; Critical ; No IOBANK_VCCIO assignments found.                                       ; I/O                 ;                   ;
; Inapplicable ; IO_000005 ; Voltage Compatibility Checks      ; The I/O bank should not have competing VREF values.                                                  ; Critical ; No VREF I/O Standard assignments found.                                  ; I/O                 ;                   ;
; Pass         ; IO_000006 ; Voltage Compatibility Checks      ; The I/O bank should not have competing VCCIO values.                                                 ; Critical ; 0 such failures found.                                                   ; I/O                 ;                   ;
; Inapplicable ; IO_000007 ; Valid Location Checks             ; Checks for unavailable locations.                                                                    ; Critical ; No Location assignments found.                                           ; I/O                 ;                   ;
; Inapplicable ; IO_000008 ; Valid Location Checks             ; Checks for reserved locations.                                                                       ; Critical ; No reserved LogicLock region found.                                      ; I/O                 ;                   ;
; Pass         ; IO_000009 ; I/O Properties Checks for One I/O ; The location should support the requested I/O standard.                                              ; Critical ; 0 such failures found.                                                   ; I/O                 ;                   ;
; Pass         ; IO_000010 ; I/O Properties Checks for One I/O ; The location should support the requested I/O direction.                                             ; Critical ; 0 such failures found.                                                   ; I/O                 ;                   ;
; Inapplicable ; IO_000011 ; I/O Properties Checks for One I/O ; The location should support the requested Current Strength.                                          ; Critical ; No Current Strength assignments found.                                   ; I/O                 ;                   ;
; Pass         ; IO_000012 ; I/O Properties Checks for One I/O ; The location should support the requested On Chip Termination value.                                 ; Critical ; 0 such failures found.                                                   ; I/O                 ;                   ;
; Inapplicable ; IO_000013 ; I/O Properties Checks for One I/O ; The location should support the requested Bus Hold value.                                            ; Critical ; No Enable Bus-Hold Circuitry assignments found.                          ; I/O                 ;                   ;
; Inapplicable ; IO_000014 ; I/O Properties Checks for One I/O ; The location should support the requested Weak Pull Up value.                                        ; Critical ; No Weak Pull-Up Resistor assignments found.                              ; I/O                 ;                   ;
; Pass         ; IO_000015 ; I/O Properties Checks for One I/O ; The location should support the requested PCI Clamp Diode.                                           ; Critical ; 0 such failures found.                                                   ; I/O                 ;                   ;
; Inapplicable ; IO_000018 ; I/O Properties Checks for One I/O ; The I/O standard should support the requested Current Strength.                                      ; Critical ; No Current Strength assignments found.                                   ; I/O                 ;                   ;
; Pass         ; IO_000019 ; I/O Properties Checks for One I/O ; The I/O standard should support the requested On Chip Termination value.                             ; Critical ; 0 such failures found.                                                   ; I/O                 ;                   ;
; Pass         ; IO_000020 ; I/O Properties Checks for One I/O ; The I/O standard should support the requested PCI Clamp Diode.                                       ; Critical ; 0 such failures found.                                                   ; I/O                 ;                   ;
; Inapplicable ; IO_000021 ; I/O Properties Checks for One I/O ; The I/O standard should support the requested Weak Pull Up value.                                    ; Critical ; No Weak Pull-Up Resistor assignments found.                              ; I/O                 ;                   ;
; Inapplicable ; IO_000022 ; I/O Properties Checks for One I/O ; The I/O standard should support the requested Bus Hold value.                                        ; Critical ; No Enable Bus-Hold Circuitry assignments found.                          ; I/O                 ;                   ;
; Inapplicable ; IO_000023 ; I/O Properties Checks for One I/O ; The I/O standard should support the Open Drain value.                                                ; Critical ; No open drain assignments found.                                         ; I/O                 ;                   ;
; Pass         ; IO_000024 ; I/O Properties Checks for One I/O ; The I/O direction should support the On Chip Termination value.                                      ; Critical ; 0 such failures found.                                                   ; I/O                 ;                   ;
; Inapplicable ; IO_000026 ; I/O Properties Checks for One I/O ; On Chip Termination and Current Strength should not be used at the same time.                        ; Critical ; No Current Strength assignments found.                                   ; I/O                 ;                   ;
; Inapplicable ; IO_000027 ; I/O Properties Checks for One I/O ; Weak Pull Up and Bus Hold should not be used at the same time.                                       ; Critical ; No Enable Bus-Hold Circuitry or Weak Pull-Up Resistor assignments found. ; I/O                 ;                   ;
; Inapplicable ; IO_000045 ; I/O Properties Checks for One I/O ; The I/O standard should support the requested Slew Rate value.                                       ; Critical ; No Slew Rate assignments found.                                          ; I/O                 ;                   ;
; Inapplicable ; IO_000046 ; I/O Properties Checks for One I/O ; The location should support the requested Slew Rate value.                                           ; Critical ; No Slew Rate assignments found.                                          ; I/O                 ;                   ;
; Inapplicable ; IO_000047 ; I/O Properties Checks for One I/O ; On Chip Termination and Slew Rate should not be used at the same time.                               ; Critical ; No Slew Rate assignments found.                                          ; I/O                 ;                   ;
; Pass         ; IO_000033 ; Electromigration Checks           ; Current density for consecutive I/Os should not exceed 240mA for row I/Os and 240mA for column I/Os. ; Critical ; 0 such failures found.                                                   ; I/O                 ;                   ;
; Inapplicable ; IO_000034 ; SI Related Distance Checks        ; Single-ended outputs should be 5 LAB row(s) away from a differential I/O.                            ; High     ; No Differential I/O Standard assignments found.                          ; I/O                 ;                   ;
; Inapplicable ; IO_000042 ; SI Related SSO Limit Checks       ; No more than 20 outputs are allowed in a VREF group when VREF is being read from.                    ; High     ; No VREF I/O Standard assignments found.                                  ; I/O                 ;                   ;
; ----         ; ----      ; Disclaimer                        ; OCT rules are checked but not reported.                                                              ; None     ; ----                                                                     ; On Chip Termination ;                   ;
+--------------+-----------+-----------------------------------+------------------------------------------------------------------------------------------------------+----------+--------------------------------------------------------------------------+---------------------+-------------------+


+--------------------------------------------------------------------------------------------------------------------------------------------------------------------------------------------------------------------------------------------------------------------------------------------------------------------------------------------------------------------------------------------------------------------------------------------------------------------------+
; I/O Rules Matrix                                                                                                                                                                                                                                                                                                                                                                                                                                                         ;
+--------------------+--------------+--------------+--------------+--------------+--------------+-----------+--------------+--------------+-----------+-----------+--------------+--------------+--------------+--------------+--------------+--------------+--------------+--------------+--------------+--------------+--------------+--------------+--------------+--------------+--------------+--------------+--------------+-----------+--------------+--------------+
; Pin/Rules          ; IO_000001    ; IO_000002    ; IO_000003    ; IO_000004    ; IO_000005    ; IO_000006 ; IO_000007    ; IO_000008    ; IO_000009 ; IO_000010 ; IO_000011    ; IO_000012    ; IO_000013    ; IO_000014    ; IO_000015    ; IO_000018    ; IO_000019    ; IO_000020    ; IO_000021    ; IO_000022    ; IO_000023    ; IO_000024    ; IO_000026    ; IO_000027    ; IO_000045    ; IO_000046    ; IO_000047    ; IO_000033 ; IO_000034    ; IO_000042    ;
+--------------------+--------------+--------------+--------------+--------------+--------------+-----------+--------------+--------------+-----------+-----------+--------------+--------------+--------------+--------------+--------------+--------------+--------------+--------------+--------------+--------------+--------------+--------------+--------------+--------------+--------------+--------------+--------------+-----------+--------------+--------------+
; Total Pass         ; 0            ; 0            ; 0            ; 0            ; 0            ; 59        ; 0            ; 0            ; 59        ; 59        ; 0            ; 2            ; 0            ; 0            ; 57           ; 0            ; 2            ; 57           ; 0            ; 0            ; 0            ; 2            ; 0            ; 0            ; 0            ; 0            ; 0            ; 59        ; 0            ; 0            ;
; Total Unchecked    ; 0            ; 0            ; 0            ; 0            ; 0            ; 0         ; 0            ; 0            ; 0         ; 0         ; 0            ; 0            ; 0            ; 0            ; 0            ; 0            ; 0            ; 0            ; 0            ; 0            ; 0            ; 0            ; 0            ; 0            ; 0            ; 0            ; 0            ; 0         ; 0            ; 0            ;
; Total Inapplicable ; 59           ; 59           ; 59           ; 59           ; 59           ; 0         ; 59           ; 59           ; 0         ; 0         ; 59           ; 57           ; 59           ; 59           ; 2            ; 59           ; 57           ; 2            ; 59           ; 59           ; 59           ; 57           ; 59           ; 59           ; 59           ; 59           ; 59           ; 0         ; 59           ; 59           ;
; Total Fail         ; 0            ; 0            ; 0            ; 0            ; 0            ; 0         ; 0            ; 0            ; 0         ; 0         ; 0            ; 0            ; 0            ; 0            ; 0            ; 0            ; 0            ; 0            ; 0            ; 0            ; 0            ; 0            ; 0            ; 0            ; 0            ; 0            ; 0            ; 0         ; 0            ; 0            ;
; done               ; Inapplicable ; Inapplicable ; Inapplicable ; Inapplicable ; Inapplicable ; Pass      ; Inapplicable ; Inapplicable ; Pass      ; Pass      ; Inapplicable ; Pass         ; Inapplicable ; Inapplicable ; Inapplicable ; Inapplicable ; Pass         ; Inapplicable ; Inapplicable ; Inapplicable ; Inapplicable ; Pass         ; Inapplicable ; Inapplicable ; Inapplicable ; Inapplicable ; Inapplicable ; Pass      ; Inapplicable ; Inapplicable ;
; pixel_out          ; Inapplicable ; Inapplicable ; Inapplicable ; Inapplicable ; Inapplicable ; Pass      ; Inapplicable ; Inapplicable ; Pass      ; Pass      ; Inapplicable ; Pass         ; Inapplicable ; Inapplicable ; Inapplicable ; Inapplicable ; Pass         ; Inapplicable ; Inapplicable ; Inapplicable ; Inapplicable ; Pass         ; Inapplicable ; Inapplicable ; Inapplicable ; Inapplicable ; Inapplicable ; Pass      ; Inapplicable ; Inapplicable ;
; clk                ; Inapplicable ; Inapplicable ; Inapplicable ; Inapplicable ; Inapplicable ; Pass      ; Inapplicable ; Inapplicable ; Pass      ; Pass      ; Inapplicable ; Inapplicable ; Inapplicable ; Inapplicable ; Pass         ; Inapplicable ; Inapplicable ; Pass         ; Inapplicable ; Inapplicable ; Inapplicable ; Inapplicable ; Inapplicable ; Inapplicable ; Inapplicable ; Inapplicable ; Inapplicable ; Pass      ; Inapplicable ; Inapplicable ;
; rst_n              ; Inapplicable ; Inapplicable ; Inapplicable ; Inapplicable ; Inapplicable ; Pass      ; Inapplicable ; Inapplicable ; Pass      ; Pass      ; Inapplicable ; Inapplicable ; Inapplicable ; Inapplicable ; Pass         ; Inapplicable ; Inapplicable ; Pass         ; Inapplicable ; Inapplicable ; Inapplicable ; Inapplicable ; Inapplicable ; Inapplicable ; Inapplicable ; Inapplicable ; Inapplicable ; Pass      ; Inapplicable ; Inapplicable ;
; x1[8]              ; Inapplicable ; Inapplicable ; Inapplicable ; Inapplicable ; Inapplicable ; Pass      ; Inapplicable ; Inapplicable ; Pass      ; Pass      ; Inapplicable ; Inapplicable ; Inapplicable ; Inapplicable ; Pass         ; Inapplicable ; Inapplicable ; Pass         ; Inapplicable ; Inapplicable ; Inapplicable ; Inapplicable ; Inapplicable ; Inapplicable ; Inapplicable ; Inapplicable ; Inapplicable ; Pass      ; Inapplicable ; Inapplicable ;
; x2[8]              ; Inapplicable ; Inapplicable ; Inapplicable ; Inapplicable ; Inapplicable ; Pass      ; Inapplicable ; Inapplicable ; Pass      ; Pass      ; Inapplicable ; Inapplicable ; Inapplicable ; Inapplicable ; Pass         ; Inapplicable ; Inapplicable ; Pass         ; Inapplicable ; Inapplicable ; Inapplicable ; Inapplicable ; Inapplicable ; Inapplicable ; Inapplicable ; Inapplicable ; Inapplicable ; Pass      ; Inapplicable ; Inapplicable ;
; x2[7]              ; Inapplicable ; Inapplicable ; Inapplicable ; Inapplicable ; Inapplicable ; Pass      ; Inapplicable ; Inapplicable ; Pass      ; Pass      ; Inapplicable ; Inapplicable ; Inapplicable ; Inapplicable ; Pass         ; Inapplicable ; Inapplicable ; Pass         ; Inapplicable ; Inapplicable ; Inapplicable ; Inapplicable ; Inapplicable ; Inapplicable ; Inapplicable ; Inapplicable ; Inapplicable ; Pass      ; Inapplicable ; Inapplicable ;
; x1[7]              ; Inapplicable ; Inapplicable ; Inapplicable ; Inapplicable ; Inapplicable ; Pass      ; Inapplicable ; Inapplicable ; Pass      ; Pass      ; Inapplicable ; Inapplicable ; Inapplicable ; Inapplicable ; Pass         ; Inapplicable ; Inapplicable ; Pass         ; Inapplicable ; Inapplicable ; Inapplicable ; Inapplicable ; Inapplicable ; Inapplicable ; Inapplicable ; Inapplicable ; Inapplicable ; Pass      ; Inapplicable ; Inapplicable ;
; x2[6]              ; Inapplicable ; Inapplicable ; Inapplicable ; Inapplicable ; Inapplicable ; Pass      ; Inapplicable ; Inapplicable ; Pass      ; Pass      ; Inapplicable ; Inapplicable ; Inapplicable ; Inapplicable ; Pass         ; Inapplicable ; Inapplicable ; Pass         ; Inapplicable ; Inapplicable ; Inapplicable ; Inapplicable ; Inapplicable ; Inapplicable ; Inapplicable ; Inapplicable ; Inapplicable ; Pass      ; Inapplicable ; Inapplicable ;
; x1[6]              ; Inapplicable ; Inapplicable ; Inapplicable ; Inapplicable ; Inapplicable ; Pass      ; Inapplicable ; Inapplicable ; Pass      ; Pass      ; Inapplicable ; Inapplicable ; Inapplicable ; Inapplicable ; Pass         ; Inapplicable ; Inapplicable ; Pass         ; Inapplicable ; Inapplicable ; Inapplicable ; Inapplicable ; Inapplicable ; Inapplicable ; Inapplicable ; Inapplicable ; Inapplicable ; Pass      ; Inapplicable ; Inapplicable ;
; x2[5]              ; Inapplicable ; Inapplicable ; Inapplicable ; Inapplicable ; Inapplicable ; Pass      ; Inapplicable ; Inapplicable ; Pass      ; Pass      ; Inapplicable ; Inapplicable ; Inapplicable ; Inapplicable ; Pass         ; Inapplicable ; Inapplicable ; Pass         ; Inapplicable ; Inapplicable ; Inapplicable ; Inapplicable ; Inapplicable ; Inapplicable ; Inapplicable ; Inapplicable ; Inapplicable ; Pass      ; Inapplicable ; Inapplicable ;
; x1[5]              ; Inapplicable ; Inapplicable ; Inapplicable ; Inapplicable ; Inapplicable ; Pass      ; Inapplicable ; Inapplicable ; Pass      ; Pass      ; Inapplicable ; Inapplicable ; Inapplicable ; Inapplicable ; Pass         ; Inapplicable ; Inapplicable ; Pass         ; Inapplicable ; Inapplicable ; Inapplicable ; Inapplicable ; Inapplicable ; Inapplicable ; Inapplicable ; Inapplicable ; Inapplicable ; Pass      ; Inapplicable ; Inapplicable ;
; x2[4]              ; Inapplicable ; Inapplicable ; Inapplicable ; Inapplicable ; Inapplicable ; Pass      ; Inapplicable ; Inapplicable ; Pass      ; Pass      ; Inapplicable ; Inapplicable ; Inapplicable ; Inapplicable ; Pass         ; Inapplicable ; Inapplicable ; Pass         ; Inapplicable ; Inapplicable ; Inapplicable ; Inapplicable ; Inapplicable ; Inapplicable ; Inapplicable ; Inapplicable ; Inapplicable ; Pass      ; Inapplicable ; Inapplicable ;
; x1[4]              ; Inapplicable ; Inapplicable ; Inapplicable ; Inapplicable ; Inapplicable ; Pass      ; Inapplicable ; Inapplicable ; Pass      ; Pass      ; Inapplicable ; Inapplicable ; Inapplicable ; Inapplicable ; Pass         ; Inapplicable ; Inapplicable ; Pass         ; Inapplicable ; Inapplicable ; Inapplicable ; Inapplicable ; Inapplicable ; Inapplicable ; Inapplicable ; Inapplicable ; Inapplicable ; Pass      ; Inapplicable ; Inapplicable ;
; x2[3]              ; Inapplicable ; Inapplicable ; Inapplicable ; Inapplicable ; Inapplicable ; Pass      ; Inapplicable ; Inapplicable ; Pass      ; Pass      ; Inapplicable ; Inapplicable ; Inapplicable ; Inapplicable ; Pass         ; Inapplicable ; Inapplicable ; Pass         ; Inapplicable ; Inapplicable ; Inapplicable ; Inapplicable ; Inapplicable ; Inapplicable ; Inapplicable ; Inapplicable ; Inapplicable ; Pass      ; Inapplicable ; Inapplicable ;
; x1[3]              ; Inapplicable ; Inapplicable ; Inapplicable ; Inapplicable ; Inapplicable ; Pass      ; Inapplicable ; Inapplicable ; Pass      ; Pass      ; Inapplicable ; Inapplicable ; Inapplicable ; Inapplicable ; Pass         ; Inapplicable ; Inapplicable ; Pass         ; Inapplicable ; Inapplicable ; Inapplicable ; Inapplicable ; Inapplicable ; Inapplicable ; Inapplicable ; Inapplicable ; Inapplicable ; Pass      ; Inapplicable ; Inapplicable ;
; x2[2]              ; Inapplicable ; Inapplicable ; Inapplicable ; Inapplicable ; Inapplicable ; Pass      ; Inapplicable ; Inapplicable ; Pass      ; Pass      ; Inapplicable ; Inapplicable ; Inapplicable ; Inapplicable ; Pass         ; Inapplicable ; Inapplicable ; Pass         ; Inapplicable ; Inapplicable ; Inapplicable ; Inapplicable ; Inapplicable ; Inapplicable ; Inapplicable ; Inapplicable ; Inapplicable ; Pass      ; Inapplicable ; Inapplicable ;
; x1[2]              ; Inapplicable ; Inapplicable ; Inapplicable ; Inapplicable ; Inapplicable ; Pass      ; Inapplicable ; Inapplicable ; Pass      ; Pass      ; Inapplicable ; Inapplicable ; Inapplicable ; Inapplicable ; Pass         ; Inapplicable ; Inapplicable ; Pass         ; Inapplicable ; Inapplicable ; Inapplicable ; Inapplicable ; Inapplicable ; Inapplicable ; Inapplicable ; Inapplicable ; Inapplicable ; Pass      ; Inapplicable ; Inapplicable ;
; x2[1]              ; Inapplicable ; Inapplicable ; Inapplicable ; Inapplicable ; Inapplicable ; Pass      ; Inapplicable ; Inapplicable ; Pass      ; Pass      ; Inapplicable ; Inapplicable ; Inapplicable ; Inapplicable ; Pass         ; Inapplicable ; Inapplicable ; Pass         ; Inapplicable ; Inapplicable ; Inapplicable ; Inapplicable ; Inapplicable ; Inapplicable ; Inapplicable ; Inapplicable ; Inapplicable ; Pass      ; Inapplicable ; Inapplicable ;
; x1[1]              ; Inapplicable ; Inapplicable ; Inapplicable ; Inapplicable ; Inapplicable ; Pass      ; Inapplicable ; Inapplicable ; Pass      ; Pass      ; Inapplicable ; Inapplicable ; Inapplicable ; Inapplicable ; Pass         ; Inapplicable ; Inapplicable ; Pass         ; Inapplicable ; Inapplicable ; Inapplicable ; Inapplicable ; Inapplicable ; Inapplicable ; Inapplicable ; Inapplicable ; Inapplicable ; Pass      ; Inapplicable ; Inapplicable ;
; x2[0]              ; Inapplicable ; Inapplicable ; Inapplicable ; Inapplicable ; Inapplicable ; Pass      ; Inapplicable ; Inapplicable ; Pass      ; Pass      ; Inapplicable ; Inapplicable ; Inapplicable ; Inapplicable ; Pass         ; Inapplicable ; Inapplicable ; Pass         ; Inapplicable ; Inapplicable ; Inapplicable ; Inapplicable ; Inapplicable ; Inapplicable ; Inapplicable ; Inapplicable ; Inapplicable ; Pass      ; Inapplicable ; Inapplicable ;
; x1[0]              ; Inapplicable ; Inapplicable ; Inapplicable ; Inapplicable ; Inapplicable ; Pass      ; Inapplicable ; Inapplicable ; Pass      ; Pass      ; Inapplicable ; Inapplicable ; Inapplicable ; Inapplicable ; Pass         ; Inapplicable ; Inapplicable ; Pass         ; Inapplicable ; Inapplicable ; Inapplicable ; Inapplicable ; Inapplicable ; Inapplicable ; Inapplicable ; Inapplicable ; Inapplicable ; Pass      ; Inapplicable ; Inapplicable ;
; x3[8]              ; Inapplicable ; Inapplicable ; Inapplicable ; Inapplicable ; Inapplicable ; Pass      ; Inapplicable ; Inapplicable ; Pass      ; Pass      ; Inapplicable ; Inapplicable ; Inapplicable ; Inapplicable ; Pass         ; Inapplicable ; Inapplicable ; Pass         ; Inapplicable ; Inapplicable ; Inapplicable ; Inapplicable ; Inapplicable ; Inapplicable ; Inapplicable ; Inapplicable ; Inapplicable ; Pass      ; Inapplicable ; Inapplicable ;
; x3[7]              ; Inapplicable ; Inapplicable ; Inapplicable ; Inapplicable ; Inapplicable ; Pass      ; Inapplicable ; Inapplicable ; Pass      ; Pass      ; Inapplicable ; Inapplicable ; Inapplicable ; Inapplicable ; Pass         ; Inapplicable ; Inapplicable ; Pass         ; Inapplicable ; Inapplicable ; Inapplicable ; Inapplicable ; Inapplicable ; Inapplicable ; Inapplicable ; Inapplicable ; Inapplicable ; Pass      ; Inapplicable ; Inapplicable ;
; x3[6]              ; Inapplicable ; Inapplicable ; Inapplicable ; Inapplicable ; Inapplicable ; Pass      ; Inapplicable ; Inapplicable ; Pass      ; Pass      ; Inapplicable ; Inapplicable ; Inapplicable ; Inapplicable ; Pass         ; Inapplicable ; Inapplicable ; Pass         ; Inapplicable ; Inapplicable ; Inapplicable ; Inapplicable ; Inapplicable ; Inapplicable ; Inapplicable ; Inapplicable ; Inapplicable ; Pass      ; Inapplicable ; Inapplicable ;
; x3[5]              ; Inapplicable ; Inapplicable ; Inapplicable ; Inapplicable ; Inapplicable ; Pass      ; Inapplicable ; Inapplicable ; Pass      ; Pass      ; Inapplicable ; Inapplicable ; Inapplicable ; Inapplicable ; Pass         ; Inapplicable ; Inapplicable ; Pass         ; Inapplicable ; Inapplicable ; Inapplicable ; Inapplicable ; Inapplicable ; Inapplicable ; Inapplicable ; Inapplicable ; Inapplicable ; Pass      ; Inapplicable ; Inapplicable ;
; x3[4]              ; Inapplicable ; Inapplicable ; Inapplicable ; Inapplicable ; Inapplicable ; Pass      ; Inapplicable ; Inapplicable ; Pass      ; Pass      ; Inapplicable ; Inapplicable ; Inapplicable ; Inapplicable ; Pass         ; Inapplicable ; Inapplicable ; Pass         ; Inapplicable ; Inapplicable ; Inapplicable ; Inapplicable ; Inapplicable ; Inapplicable ; Inapplicable ; Inapplicable ; Inapplicable ; Pass      ; Inapplicable ; Inapplicable ;
; x3[3]              ; Inapplicable ; Inapplicable ; Inapplicable ; Inapplicable ; Inapplicable ; Pass      ; Inapplicable ; Inapplicable ; Pass      ; Pass      ; Inapplicable ; Inapplicable ; Inapplicable ; Inapplicable ; Pass         ; Inapplicable ; Inapplicable ; Pass         ; Inapplicable ; Inapplicable ; Inapplicable ; Inapplicable ; Inapplicable ; Inapplicable ; Inapplicable ; Inapplicable ; Inapplicable ; Pass      ; Inapplicable ; Inapplicable ;
; x3[2]              ; Inapplicable ; Inapplicable ; Inapplicable ; Inapplicable ; Inapplicable ; Pass      ; Inapplicable ; Inapplicable ; Pass      ; Pass      ; Inapplicable ; Inapplicable ; Inapplicable ; Inapplicable ; Pass         ; Inapplicable ; Inapplicable ; Pass         ; Inapplicable ; Inapplicable ; Inapplicable ; Inapplicable ; Inapplicable ; Inapplicable ; Inapplicable ; Inapplicable ; Inapplicable ; Pass      ; Inapplicable ; Inapplicable ;
; x3[1]              ; Inapplicable ; Inapplicable ; Inapplicable ; Inapplicable ; Inapplicable ; Pass      ; Inapplicable ; Inapplicable ; Pass      ; Pass      ; Inapplicable ; Inapplicable ; Inapplicable ; Inapplicable ; Pass         ; Inapplicable ; Inapplicable ; Pass         ; Inapplicable ; Inapplicable ; Inapplicable ; Inapplicable ; Inapplicable ; Inapplicable ; Inapplicable ; Inapplicable ; Inapplicable ; Pass      ; Inapplicable ; Inapplicable ;
; x3[0]              ; Inapplicable ; Inapplicable ; Inapplicable ; Inapplicable ; Inapplicable ; Pass      ; Inapplicable ; Inapplicable ; Pass      ; Pass      ; Inapplicable ; Inapplicable ; Inapplicable ; Inapplicable ; Pass         ; Inapplicable ; Inapplicable ; Pass         ; Inapplicable ; Inapplicable ; Inapplicable ; Inapplicable ; Inapplicable ; Inapplicable ; Inapplicable ; Inapplicable ; Inapplicable ; Pass      ; Inapplicable ; Inapplicable ;
; y2[8]              ; Inapplicable ; Inapplicable ; Inapplicable ; Inapplicable ; Inapplicable ; Pass      ; Inapplicable ; Inapplicable ; Pass      ; Pass      ; Inapplicable ; Inapplicable ; Inapplicable ; Inapplicable ; Pass         ; Inapplicable ; Inapplicable ; Pass         ; Inapplicable ; Inapplicable ; Inapplicable ; Inapplicable ; Inapplicable ; Inapplicable ; Inapplicable ; Inapplicable ; Inapplicable ; Pass      ; Inapplicable ; Inapplicable ;
; y1[8]              ; Inapplicable ; Inapplicable ; Inapplicable ; Inapplicable ; Inapplicable ; Pass      ; Inapplicable ; Inapplicable ; Pass      ; Pass      ; Inapplicable ; Inapplicable ; Inapplicable ; Inapplicable ; Pass         ; Inapplicable ; Inapplicable ; Pass         ; Inapplicable ; Inapplicable ; Inapplicable ; Inapplicable ; Inapplicable ; Inapplicable ; Inapplicable ; Inapplicable ; Inapplicable ; Pass      ; Inapplicable ; Inapplicable ;
; y2[7]              ; Inapplicable ; Inapplicable ; Inapplicable ; Inapplicable ; Inapplicable ; Pass      ; Inapplicable ; Inapplicable ; Pass      ; Pass      ; Inapplicable ; Inapplicable ; Inapplicable ; Inapplicable ; Pass         ; Inapplicable ; Inapplicable ; Pass         ; Inapplicable ; Inapplicable ; Inapplicable ; Inapplicable ; Inapplicable ; Inapplicable ; Inapplicable ; Inapplicable ; Inapplicable ; Pass      ; Inapplicable ; Inapplicable ;
; y1[7]              ; Inapplicable ; Inapplicable ; Inapplicable ; Inapplicable ; Inapplicable ; Pass      ; Inapplicable ; Inapplicable ; Pass      ; Pass      ; Inapplicable ; Inapplicable ; Inapplicable ; Inapplicable ; Pass         ; Inapplicable ; Inapplicable ; Pass         ; Inapplicable ; Inapplicable ; Inapplicable ; Inapplicable ; Inapplicable ; Inapplicable ; Inapplicable ; Inapplicable ; Inapplicable ; Pass      ; Inapplicable ; Inapplicable ;
; y2[6]              ; Inapplicable ; Inapplicable ; Inapplicable ; Inapplicable ; Inapplicable ; Pass      ; Inapplicable ; Inapplicable ; Pass      ; Pass      ; Inapplicable ; Inapplicable ; Inapplicable ; Inapplicable ; Pass         ; Inapplicable ; Inapplicable ; Pass         ; Inapplicable ; Inapplicable ; Inapplicable ; Inapplicable ; Inapplicable ; Inapplicable ; Inapplicable ; Inapplicable ; Inapplicable ; Pass      ; Inapplicable ; Inapplicable ;
; y1[6]              ; Inapplicable ; Inapplicable ; Inapplicable ; Inapplicable ; Inapplicable ; Pass      ; Inapplicable ; Inapplicable ; Pass      ; Pass      ; Inapplicable ; Inapplicable ; Inapplicable ; Inapplicable ; Pass         ; Inapplicable ; Inapplicable ; Pass         ; Inapplicable ; Inapplicable ; Inapplicable ; Inapplicable ; Inapplicable ; Inapplicable ; Inapplicable ; Inapplicable ; Inapplicable ; Pass      ; Inapplicable ; Inapplicable ;
; y2[5]              ; Inapplicable ; Inapplicable ; Inapplicable ; Inapplicable ; Inapplicable ; Pass      ; Inapplicable ; Inapplicable ; Pass      ; Pass      ; Inapplicable ; Inapplicable ; Inapplicable ; Inapplicable ; Pass         ; Inapplicable ; Inapplicable ; Pass         ; Inapplicable ; Inapplicable ; Inapplicable ; Inapplicable ; Inapplicable ; Inapplicable ; Inapplicable ; Inapplicable ; Inapplicable ; Pass      ; Inapplicable ; Inapplicable ;
; y1[5]              ; Inapplicable ; Inapplicable ; Inapplicable ; Inapplicable ; Inapplicable ; Pass      ; Inapplicable ; Inapplicable ; Pass      ; Pass      ; Inapplicable ; Inapplicable ; Inapplicable ; Inapplicable ; Pass         ; Inapplicable ; Inapplicable ; Pass         ; Inapplicable ; Inapplicable ; Inapplicable ; Inapplicable ; Inapplicable ; Inapplicable ; Inapplicable ; Inapplicable ; Inapplicable ; Pass      ; Inapplicable ; Inapplicable ;
; y2[4]              ; Inapplicable ; Inapplicable ; Inapplicable ; Inapplicable ; Inapplicable ; Pass      ; Inapplicable ; Inapplicable ; Pass      ; Pass      ; Inapplicable ; Inapplicable ; Inapplicable ; Inapplicable ; Pass         ; Inapplicable ; Inapplicable ; Pass         ; Inapplicable ; Inapplicable ; Inapplicable ; Inapplicable ; Inapplicable ; Inapplicable ; Inapplicable ; Inapplicable ; Inapplicable ; Pass      ; Inapplicable ; Inapplicable ;
; y1[4]              ; Inapplicable ; Inapplicable ; Inapplicable ; Inapplicable ; Inapplicable ; Pass      ; Inapplicable ; Inapplicable ; Pass      ; Pass      ; Inapplicable ; Inapplicable ; Inapplicable ; Inapplicable ; Pass         ; Inapplicable ; Inapplicable ; Pass         ; Inapplicable ; Inapplicable ; Inapplicable ; Inapplicable ; Inapplicable ; Inapplicable ; Inapplicable ; Inapplicable ; Inapplicable ; Pass      ; Inapplicable ; Inapplicable ;
; y2[3]              ; Inapplicable ; Inapplicable ; Inapplicable ; Inapplicable ; Inapplicable ; Pass      ; Inapplicable ; Inapplicable ; Pass      ; Pass      ; Inapplicable ; Inapplicable ; Inapplicable ; Inapplicable ; Pass         ; Inapplicable ; Inapplicable ; Pass         ; Inapplicable ; Inapplicable ; Inapplicable ; Inapplicable ; Inapplicable ; Inapplicable ; Inapplicable ; Inapplicable ; Inapplicable ; Pass      ; Inapplicable ; Inapplicable ;
; y1[3]              ; Inapplicable ; Inapplicable ; Inapplicable ; Inapplicable ; Inapplicable ; Pass      ; Inapplicable ; Inapplicable ; Pass      ; Pass      ; Inapplicable ; Inapplicable ; Inapplicable ; Inapplicable ; Pass         ; Inapplicable ; Inapplicable ; Pass         ; Inapplicable ; Inapplicable ; Inapplicable ; Inapplicable ; Inapplicable ; Inapplicable ; Inapplicable ; Inapplicable ; Inapplicable ; Pass      ; Inapplicable ; Inapplicable ;
; y2[2]              ; Inapplicable ; Inapplicable ; Inapplicable ; Inapplicable ; Inapplicable ; Pass      ; Inapplicable ; Inapplicable ; Pass      ; Pass      ; Inapplicable ; Inapplicable ; Inapplicable ; Inapplicable ; Pass         ; Inapplicable ; Inapplicable ; Pass         ; Inapplicable ; Inapplicable ; Inapplicable ; Inapplicable ; Inapplicable ; Inapplicable ; Inapplicable ; Inapplicable ; Inapplicable ; Pass      ; Inapplicable ; Inapplicable ;
; y1[2]              ; Inapplicable ; Inapplicable ; Inapplicable ; Inapplicable ; Inapplicable ; Pass      ; Inapplicable ; Inapplicable ; Pass      ; Pass      ; Inapplicable ; Inapplicable ; Inapplicable ; Inapplicable ; Pass         ; Inapplicable ; Inapplicable ; Pass         ; Inapplicable ; Inapplicable ; Inapplicable ; Inapplicable ; Inapplicable ; Inapplicable ; Inapplicable ; Inapplicable ; Inapplicable ; Pass      ; Inapplicable ; Inapplicable ;
; y2[1]              ; Inapplicable ; Inapplicable ; Inapplicable ; Inapplicable ; Inapplicable ; Pass      ; Inapplicable ; Inapplicable ; Pass      ; Pass      ; Inapplicable ; Inapplicable ; Inapplicable ; Inapplicable ; Pass         ; Inapplicable ; Inapplicable ; Pass         ; Inapplicable ; Inapplicable ; Inapplicable ; Inapplicable ; Inapplicable ; Inapplicable ; Inapplicable ; Inapplicable ; Inapplicable ; Pass      ; Inapplicable ; Inapplicable ;
; y1[1]              ; Inapplicable ; Inapplicable ; Inapplicable ; Inapplicable ; Inapplicable ; Pass      ; Inapplicable ; Inapplicable ; Pass      ; Pass      ; Inapplicable ; Inapplicable ; Inapplicable ; Inapplicable ; Pass         ; Inapplicable ; Inapplicable ; Pass         ; Inapplicable ; Inapplicable ; Inapplicable ; Inapplicable ; Inapplicable ; Inapplicable ; Inapplicable ; Inapplicable ; Inapplicable ; Pass      ; Inapplicable ; Inapplicable ;
; y2[0]              ; Inapplicable ; Inapplicable ; Inapplicable ; Inapplicable ; Inapplicable ; Pass      ; Inapplicable ; Inapplicable ; Pass      ; Pass      ; Inapplicable ; Inapplicable ; Inapplicable ; Inapplicable ; Pass         ; Inapplicable ; Inapplicable ; Pass         ; Inapplicable ; Inapplicable ; Inapplicable ; Inapplicable ; Inapplicable ; Inapplicable ; Inapplicable ; Inapplicable ; Inapplicable ; Pass      ; Inapplicable ; Inapplicable ;
; y1[0]              ; Inapplicable ; Inapplicable ; Inapplicable ; Inapplicable ; Inapplicable ; Pass      ; Inapplicable ; Inapplicable ; Pass      ; Pass      ; Inapplicable ; Inapplicable ; Inapplicable ; Inapplicable ; Pass         ; Inapplicable ; Inapplicable ; Pass         ; Inapplicable ; Inapplicable ; Inapplicable ; Inapplicable ; Inapplicable ; Inapplicable ; Inapplicable ; Inapplicable ; Inapplicable ; Pass      ; Inapplicable ; Inapplicable ;
; y3[8]              ; Inapplicable ; Inapplicable ; Inapplicable ; Inapplicable ; Inapplicable ; Pass      ; Inapplicable ; Inapplicable ; Pass      ; Pass      ; Inapplicable ; Inapplicable ; Inapplicable ; Inapplicable ; Pass         ; Inapplicable ; Inapplicable ; Pass         ; Inapplicable ; Inapplicable ; Inapplicable ; Inapplicable ; Inapplicable ; Inapplicable ; Inapplicable ; Inapplicable ; Inapplicable ; Pass      ; Inapplicable ; Inapplicable ;
; y3[7]              ; Inapplicable ; Inapplicable ; Inapplicable ; Inapplicable ; Inapplicable ; Pass      ; Inapplicable ; Inapplicable ; Pass      ; Pass      ; Inapplicable ; Inapplicable ; Inapplicable ; Inapplicable ; Pass         ; Inapplicable ; Inapplicable ; Pass         ; Inapplicable ; Inapplicable ; Inapplicable ; Inapplicable ; Inapplicable ; Inapplicable ; Inapplicable ; Inapplicable ; Inapplicable ; Pass      ; Inapplicable ; Inapplicable ;
; y3[6]              ; Inapplicable ; Inapplicable ; Inapplicable ; Inapplicable ; Inapplicable ; Pass      ; Inapplicable ; Inapplicable ; Pass      ; Pass      ; Inapplicable ; Inapplicable ; Inapplicable ; Inapplicable ; Pass         ; Inapplicable ; Inapplicable ; Pass         ; Inapplicable ; Inapplicable ; Inapplicable ; Inapplicable ; Inapplicable ; Inapplicable ; Inapplicable ; Inapplicable ; Inapplicable ; Pass      ; Inapplicable ; Inapplicable ;
; y3[5]              ; Inapplicable ; Inapplicable ; Inapplicable ; Inapplicable ; Inapplicable ; Pass      ; Inapplicable ; Inapplicable ; Pass      ; Pass      ; Inapplicable ; Inapplicable ; Inapplicable ; Inapplicable ; Pass         ; Inapplicable ; Inapplicable ; Pass         ; Inapplicable ; Inapplicable ; Inapplicable ; Inapplicable ; Inapplicable ; Inapplicable ; Inapplicable ; Inapplicable ; Inapplicable ; Pass      ; Inapplicable ; Inapplicable ;
; y3[4]              ; Inapplicable ; Inapplicable ; Inapplicable ; Inapplicable ; Inapplicable ; Pass      ; Inapplicable ; Inapplicable ; Pass      ; Pass      ; Inapplicable ; Inapplicable ; Inapplicable ; Inapplicable ; Pass         ; Inapplicable ; Inapplicable ; Pass         ; Inapplicable ; Inapplicable ; Inapplicable ; Inapplicable ; Inapplicable ; Inapplicable ; Inapplicable ; Inapplicable ; Inapplicable ; Pass      ; Inapplicable ; Inapplicable ;
; y3[3]              ; Inapplicable ; Inapplicable ; Inapplicable ; Inapplicable ; Inapplicable ; Pass      ; Inapplicable ; Inapplicable ; Pass      ; Pass      ; Inapplicable ; Inapplicable ; Inapplicable ; Inapplicable ; Pass         ; Inapplicable ; Inapplicable ; Pass         ; Inapplicable ; Inapplicable ; Inapplicable ; Inapplicable ; Inapplicable ; Inapplicable ; Inapplicable ; Inapplicable ; Inapplicable ; Pass      ; Inapplicable ; Inapplicable ;
; y3[2]              ; Inapplicable ; Inapplicable ; Inapplicable ; Inapplicable ; Inapplicable ; Pass      ; Inapplicable ; Inapplicable ; Pass      ; Pass      ; Inapplicable ; Inapplicable ; Inapplicable ; Inapplicable ; Pass         ; Inapplicable ; Inapplicable ; Pass         ; Inapplicable ; Inapplicable ; Inapplicable ; Inapplicable ; Inapplicable ; Inapplicable ; Inapplicable ; Inapplicable ; Inapplicable ; Pass      ; Inapplicable ; Inapplicable ;
; y3[1]              ; Inapplicable ; Inapplicable ; Inapplicable ; Inapplicable ; Inapplicable ; Pass      ; Inapplicable ; Inapplicable ; Pass      ; Pass      ; Inapplicable ; Inapplicable ; Inapplicable ; Inapplicable ; Pass         ; Inapplicable ; Inapplicable ; Pass         ; Inapplicable ; Inapplicable ; Inapplicable ; Inapplicable ; Inapplicable ; Inapplicable ; Inapplicable ; Inapplicable ; Inapplicable ; Pass      ; Inapplicable ; Inapplicable ;
; y3[0]              ; Inapplicable ; Inapplicable ; Inapplicable ; Inapplicable ; Inapplicable ; Pass      ; Inapplicable ; Inapplicable ; Pass      ; Pass      ; Inapplicable ; Inapplicable ; Inapplicable ; Inapplicable ; Pass         ; Inapplicable ; Inapplicable ; Pass         ; Inapplicable ; Inapplicable ; Inapplicable ; Inapplicable ; Inapplicable ; Inapplicable ; Inapplicable ; Inapplicable ; Inapplicable ; Pass      ; Inapplicable ; Inapplicable ;
; start              ; Inapplicable ; Inapplicable ; Inapplicable ; Inapplicable ; Inapplicable ; Pass      ; Inapplicable ; Inapplicable ; Pass      ; Pass      ; Inapplicable ; Inapplicable ; Inapplicable ; Inapplicable ; Pass         ; Inapplicable ; Inapplicable ; Pass         ; Inapplicable ; Inapplicable ; Inapplicable ; Inapplicable ; Inapplicable ; Inapplicable ; Inapplicable ; Inapplicable ; Inapplicable ; Pass      ; Inapplicable ; Inapplicable ;
+--------------------+--------------+--------------+--------------+--------------+--------------+-----------+--------------+--------------+-----------+-----------+--------------+--------------+--------------+--------------+--------------+--------------+--------------+--------------+--------------+--------------+--------------+--------------+--------------+--------------+--------------+--------------+--------------+-----------+--------------+--------------+


+---------------------------------------------------------------------------------------------+
; Fitter Device Options                                                                       ;
+------------------------------------------------------------------+--------------------------+
; Option                                                           ; Setting                  ;
+------------------------------------------------------------------+--------------------------+
; Enable user-supplied start-up clock (CLKUSR)                     ; Off                      ;
; Enable device-wide reset (DEV_CLRn)                              ; Off                      ;
; Enable device-wide output enable (DEV_OE)                        ; Off                      ;
; Enable INIT_DONE output                                          ; Off                      ;
; Configuration scheme                                             ; Active Serial            ;
; Error detection CRC                                              ; Off                      ;
; Enable open drain on CRC_ERROR pin                               ; Off                      ;
; Enable input tri-state on active configuration pins in user mode ; Off                      ;
; Configuration Voltage Level                                      ; Auto                     ;
; Force Configuration Voltage Level                                ; Off                      ;
; nCEO                                                             ; As output driving ground ;
; Data[0]                                                          ; As input tri-stated      ;
; Data[1]/ASDO                                                     ; As input tri-stated      ;
; Data[7..2]                                                       ; Unreserved               ;
; FLASH_nCE/nCSO                                                   ; As input tri-stated      ;
; Other Active Parallel pins                                       ; Unreserved               ;
; DCLK                                                             ; As output driving ground ;
+------------------------------------------------------------------+--------------------------+


+------------------------------------+
; Operating Settings and Conditions  ;
+---------------------------+--------+
; Setting                   ; Value  ;
+---------------------------+--------+
; Nominal Core Voltage      ; 1.20 V ;
; Low Junction Temperature  ; 0 °C   ;
; High Junction Temperature ; 85 °C  ;
+---------------------------+--------+


+-----------------+
; Fitter Messages ;
+-----------------+
Info (16303): High Performance Effort optimization mode selected -- timing performance will be prioritized at the potential cost of increased compilation time
Info (20032): Parallel compilation is enabled and will use up to 10 processors
Info (119006): Selected device EP4CE6E22C8 for design "optimized_benchmark"
Info (21076): High junction temperature operating condition is not set. Assuming a default value of '85'.
Info (21076): Low junction temperature operating condition is not set. Assuming a default value of '0'.
Info (171004): Fitter is performing a Standard Fit compilation using maximum Fitter effort to optimize design performance
Warning (292013): Feature LogicLock is only available with a valid subscription license. You can purchase a software subscription to gain full access to this feature.
Info (176444): Device migration not selected. If you intend to use device migration later, you may need to change the pin assignments as they may be incompatible with other devices
    Info (176445): Device EP4CE10E22C8 is compatible
    Info (176445): Device EP4CE15E22C8 is compatible
    Info (176445): Device EP4CE22E22C8 is compatible
Info (169124): Fitter converted 5 user pins into dedicated programming pins
    Info (169125): Pin ~ALTERA_ASDO_DATA1~ is reserved at location 6
    Info (169125): Pin ~ALTERA_FLASH_nCE_nCSO~ is reserved at location 8
    Info (169125): Pin ~ALTERA_DCLK~ is reserved at location 12
    Info (169125): Pin ~ALTERA_DATA0~ is reserved at location 13
    Info (169125): Pin ~ALTERA_nCEO~ is reserved at location 101
Warning (15714): Some pins have incomplete I/O assignments. Refer to the I/O Assignment Warnings report for details
Info (176045): Design uses memory blocks. Violating setup or hold times of memory block address registers for either read or write operations could cause memory contents to be corrupted. Make sure that all memory block address registers meet the setup and hold time requirements.
Critical Warning (169085): No exact pin location assignment(s) for 59 pins of 59 total pins. For the list of pins please refer to the I/O Assignment Warnings table in the fitter report.
Info (332104): Reading SDC File: 'rasterizer_benchmark.sdc'
Info (332151): Clock uncertainty is not calculated until you update the timing netlist.
Info (332154): The derive_clock_uncertainty command did not apply clock uncertainty to any clock-to-clock transfers.
Info (332129): Detected timing requirements -- optimizing circuit to achieve only the specified requirements
Info (332111): Found 1 clocks
    Info (332111):   Period   Clock Name
    Info (332111): ======== ============
    Info (332111):    1.000   raster_clk
Info (176353): Automatically promoted node clk~input (placed in PIN 23 (CLK1, DIFFCLK_0n)) File: C:/Users/rohan/OneDrive/Desktop/FPGA_Rasterizer/benchmarks/optimized/rasterizer_benchmark.sv Line: 2
    Info (176355): Automatically promoted destinations to use location or clock signal Global Clock CLKCTRL_G2
Info (176353): Automatically promoted node rst_n~input (placed in PIN 24 (CLK2, DIFFCLK_1p)) File: C:/Users/rohan/OneDrive/Desktop/FPGA_Rasterizer/benchmarks/optimized/rasterizer_benchmark.sv Line: 3
    Info (176355): Automatically promoted destinations to use location or clock signal Global Clock CLKCTRL_G4
    Info (176356): Following destination nodes may be non-global or may not use global or regional clocks
        Info (176357): Destination node rasterizer:u_rasterizer|current_y[9] File: C:/Users/rohan/OneDrive/Desktop/FPGA_Rasterizer/rtl/rasterizer.sv Line: 45
        Info (176357): Destination node rasterizer:u_rasterizer|current_x[9] File: C:/Users/rohan/OneDrive/Desktop/FPGA_Rasterizer/rtl/rasterizer.sv Line: 45
        Info (176357): Destination node rasterizer:u_rasterizer|pipe_x[9]~1 File: C:/Users/rohan/OneDrive/Desktop/FPGA_Rasterizer/rtl/rasterizer.sv Line: 45
        Info (176357): Destination node rasterizer:u_rasterizer|current_x[3]~0 File: C:/Users/rohan/OneDrive/Desktop/FPGA_Rasterizer/rtl/rasterizer.sv Line: 45
        Info (176357): Destination node rasterizer:u_rasterizer|y3[8]~0 File: C:/Users/rohan/OneDrive/Desktop/FPGA_Rasterizer/rtl/rasterizer.sv Line: 45
        Info (176357): Destination node rasterizer:u_rasterizer|box_count File: C:/Users/rohan/OneDrive/Desktop/FPGA_Rasterizer/rtl/rasterizer.sv Line: 14
Info (176233): Starting register packing
Info (176235): Finished register packing
    Extra Info (176219): No registers were packed into other blocks
Info (176214): Statistics of I/O pins that need to be placed that use the same VCCIO and VREF, before I/O pin placement
    Info (176211): Number of I/O pins in group: 57 (unused VREF, 2.5V VCCIO, 55 input, 2 output, 0 bidirectional)
        Info (176212): I/O standards used: 2.5 V.
Info (176215): I/O bank details before I/O pin placement
    Info (176214): Statistics of I/O banks
        Info (176213): I/O bank number 1 does not use VREF pins and has undetermined VCCIO pins. 5 total pin(s) used --  6 pins available
        Info (176213): I/O bank number 2 does not use VREF pins and has undetermined VCCIO pins. 1 total pin(s) used --  7 pins available
        Info (176213): I/O bank number 3 does not use VREF pins and has undetermined VCCIO pins. 0 total pin(s) used --  11 pins available
        Info (176213): I/O bank number 4 does not use VREF pins and has undetermined VCCIO pins. 0 total pin(s) used --  14 pins available
        Info (176213): I/O bank number 5 does not use VREF pins and has undetermined VCCIO pins. 0 total pin(s) used --  13 pins available
        Info (176213): I/O bank number 6 does not use VREF pins and has undetermined VCCIO pins. 1 total pin(s) used --  9 pins available
        Info (176213): I/O bank number 7 does not use VREF pins and has undetermined VCCIO pins. 0 total pin(s) used --  13 pins available
        Info (176213): I/O bank number 8 does not use VREF pins and has undetermined VCCIO pins. 0 total pin(s) used --  12 pins available
Info (128000): Starting physical synthesis optimizations for speed
Info (128001): Physical synthesis optimizations for speed complete: elapsed time is 00:00:01
Info (171121): Fitter preparation operations ending: elapsed time is 00:00:03
Info (14896): Fitter has disabled Advanced Physical Optimization because it is not supported for the current family.
Info (170189): Fitter placement preparation operations beginning
Info (170190): Fitter placement preparation operations ending: elapsed time is 00:00:00
Info (170191): Fitter placement operations beginning
Info (170137): Fitter placement was successful
Info (170192): Fitter placement operations ending: elapsed time is 00:00:09
Info (170193): Fitter routing operations beginning
Info (170195): Router estimated average interconnect usage is 4% of the available device resources
    Info (170196): Router estimated peak interconnect usage is 13% of the available device resources in the region that extends from location X11_Y0 to location X22_Y11
Info (170194): Fitter routing operations ending: elapsed time is 00:00:06
Info (11888): Total time spent on timing analysis during the Fitter is 1.40 seconds.
Info (334003): Started post-fitting delay annotation
Info (334004): Delay annotation completed successfully
Info (334003): Started post-fitting delay annotation
Info (334004): Delay annotation completed successfully
Info (11218): Fitter post-fit operations ending: elapsed time is 00:00:01
Info (144001): Generated suppressed messages file C:/Users/rohan/OneDrive/Desktop/FPGA_Rasterizer/benchmarks/optimized/output_files/optimized_benchmark.fit.smsg
Info: Quartus Prime Fitter was successful. 0 errors, 3 warnings
    Info: Peak virtual memory: 5981 megabytes
    Info: Processing ended: Wed Aug 26 11:46:28 2026
    Info: Elapsed time: 00:00:23
    Info: Total CPU time (on all processors): 00:00:35


+----------------------------+
; Fitter Suppressed Messages ;
+----------------------------+
The suppressed messages can be found in C:/Users/rohan/OneDrive/Desktop/FPGA_Rasterizer/benchmarks/optimized/output_files/optimized_benchmark.fit.smsg.


